arm,seed,state,example_index,passage_cluster,gold,prediction,prob_yes
lraa,7595,on,0,2461,0,1,0.7892336845397949
lraa,7595,on,1,652,1,1,0.9966756105422974
lraa,7595,on,2,694,1,1,0.9940890073776245
lraa,7595,on,3,1750,1,1,0.9991440773010254
lraa,7595,on,4,1356,1,1,0.859663724899292
lraa,7595,on,5,1061,0,0,0.01353214867413044
lraa,7595,on,6,1159,1,1,0.9976403713226318
lraa,7595,on,7,2712,1,1,0.998793363571167
lraa,7595,on,8,741,1,1,0.936474084854126
lraa,7595,on,9,2320,1,1,0.9986114501953125
lraa,7595,on,10,2845,1,1,0.9968763589859009
lraa,7595,on,11,2427,0,0,0.0020507434383034706
lraa,7595,on,12,1377,1,0,0.003945406526327133
lraa,7595,on,13,2556,1,1,0.6660624742507935
lraa,7595,on,14,250,1,1,0.9995044469833374
lraa,7595,on,15,366,1,1,0.9989995360374451
lraa,7595,on,16,552,1,1,0.9956005811691284
lraa,7595,on,17,1806,1,1,0.9990302324295044
lraa,7595,on,18,2637,1,1,0.6379335522651672
lraa,7595,on,19,1116,1,1,0.9984269142150879
lraa,7595,on,20,1854,0,0,0.01098694372922182
lraa,7595,on,21,580,1,1,0.9717789888381958
lraa,7595,on,22,460,1,1,0.8598991632461548
lraa,7595,on,23,1326,1,1,0.9965165853500366
lraa,7595,on,24,514,1,0,0.0014103584690019488
lraa,7595,on,25,2687,1,1,0.9990149736404419
lraa,7595,on,26,760,1,1,0.8887587189674377
lraa,7595,on,27,2644,0,0,0.0027576221618801355
lraa,7595,on,28,2211,1,1,0.9989012479782104
lraa,7595,on,29,319,1,1,0.9988304972648621
lraa,7595,on,30,1904,1,1,0.9985221028327942
lraa,7595,on,31,2776,1,1,0.9994725584983826
lraa,7595,on,32,79,0,0,0.0019877743907272816
lraa,7595,on,33,2863,1,1,0.6495786309242249
lraa,7595,on,34,2290,1,1,0.9994725584983826
lraa,7595,on,35,466,1,1,0.9951702952384949
lraa,7595,on,36,1201,0,0,0.0010162439430132508
lraa,7595,on,37,577,1,1,0.997368335723877
lraa,7595,on,38,2136,0,0,0.004070138093084097
lraa,7595,on,39,2307,0,0,0.0018102108733728528
lraa,7595,on,40,2777,1,1,0.9985449314117432
lraa,7595,on,41,2198,0,0,0.0011335689341649413
lraa,7595,on,42,2915,1,1,0.8311430811882019
lraa,7595,on,43,2480,0,0,0.0010162439430132508
lraa,7595,on,44,51,1,1,0.9991832375526428
lraa,7595,on,45,2020,1,1,0.9956685304641724
lraa,7595,on,46,2010,1,1,0.9992563128471375
lraa,7595,on,47,193,1,1,0.9994725584983826
lraa,7595,on,48,2614,1,1,0.9991440773010254
lraa,7595,on,49,2184,1,0,0.0010162439430132508
lraa,7595,on,50,109,1,1,0.9905142784118652
lraa,7595,on,51,2054,1,1,0.9991573095321655
lraa,7595,on,52,2380,0,0,0.001782196224667132
lraa,7595,on,53,1701,1,1,0.9964063763618469
lraa,7595,on,54,904,0,0,0.007066401187330484
lraa,7595,on,55,1675,0,0,0.4263215959072113
lraa,7595,on,56,2023,1,1,0.9988664388656616
lraa,7595,on,57,2337,1,1,0.9895513653755188
lraa,7595,on,58,1693,0,0,0.001048469333909452
lraa,7595,on,59,1596,1,1,0.9991306662559509
lraa,7595,on,60,1648,0,0,0.04894861951470375
lraa,7595,on,61,32,0,0,0.0018969200318679214
lraa,7595,on,62,274,0,0,0.28776782751083374
lraa,7595,on,63,2462,1,1,0.998793363571167
lraa,7595,on,64,772,1,1,0.9978843331336975
lraa,7595,on,65,747,1,0,0.4244120121002197
lraa,7595,on,66,1981,1,0,0.10338596254587173
lraa,7595,on,67,556,0,0,0.001325022429227829
lraa,7595,on,68,135,0,0,0.05460060387849808
lraa,7595,on,69,869,1,1,0.9979169964790344
lraa,7595,on,70,523,1,1,0.9977481961250305
lraa,7595,on,71,112,1,1,0.9953904151916504
lraa,7595,on,72,2393,0,1,0.985496461391449
lraa,7595,on,73,442,1,1,0.9987840056419373
lraa,7595,on,74,986,1,1,0.999322772026062
lraa,7595,on,75,2269,1,1,0.9719924926757812
lraa,7595,on,76,1195,0,0,0.005730246659368277
lraa,7595,on,77,1647,0,0,0.001048469333909452
lraa,7595,on,78,2589,1,1,0.998848557472229
lraa,7595,on,79,2775,0,0,0.032961245626211166
lraa,7595,on,80,1337,0,0,0.0011335689341649413
lraa,7595,on,81,2507,1,1,0.9987550973892212
lraa,7595,on,82,1553,0,0,0.07004895806312561
lraa,7595,on,83,2406,1,1,0.9984021782875061
lraa,7595,on,84,1087,0,1,0.9876400828361511
lraa,7595,on,85,2355,1,1,0.9991169571876526
lraa,7595,on,86,1965,1,1,0.8991213440895081
lraa,7595,on,87,201,1,1,0.9992445707321167
lraa,7595,on,88,750,1,1,0.9992563128471375
lraa,7595,on,89,304,1,1,0.9984752535820007
lraa,7595,on,90,1123,1,1,0.8402590155601501
lraa,7595,on,91,1899,1,1,0.9947799444198608
lraa,7595,on,92,91,1,1,0.9993013143539429
lraa,7595,on,93,1659,1,1,0.9985674619674683
lraa,7595,on,94,2311,1,1,0.9968273043632507
lraa,7595,on,95,1298,0,1,0.5350984334945679
lraa,7595,on,96,2443,1,1,0.9994022846221924
lraa,7595,on,97,2913,1,1,0.9990149736404419
lraa,7595,on,98,636,0,0,0.00806199200451374
lraa,7595,on,99,863,0,0,0.006615392863750458
lraa,7595,on,100,1427,1,1,0.9981897473335266
lraa,7595,on,101,81,0,1,0.9626730680465698
lraa,7595,on,102,835,1,1,0.9990745782852173
lraa,7595,on,103,353,0,0,0.0045384312979876995
lraa,7595,on,104,517,1,1,0.9984752535820007
lraa,7595,on,105,1134,1,1,0.9914224743843079
lraa,7595,on,106,634,0,0,0.0019877743907272816
lraa,7595,on,107,1207,0,0,0.0026112478226423264
lraa,7595,on,108,499,0,1,0.9859364032745361
lraa,7595,on,109,953,0,0,0.002287227427586913
lraa,7595,on,110,2089,1,1,0.9994115829467773
lraa,7595,on,111,1488,1,1,0.9964619278907776
lraa,7595,on,112,2330,0,0,0.015663649886846542
lraa,7595,on,113,2174,1,1,0.9883127808570862
lraa,7595,on,114,235,1,1,0.9990745782852173
lraa,7595,on,115,2477,1,1,0.9974090456962585
lraa,7595,on,116,1545,1,1,0.9994296431541443
lraa,7595,on,117,185,1,1,0.9988840222358704
lraa,7595,on,118,1380,0,0,0.0030278353951871395
lraa,7595,on,119,891,1,0,0.001941816764883697
lraa,7595,on,120,1536,1,1,0.9962051510810852
lraa,7595,on,121,2532,1,1,0.9993013143539429
lraa,7595,on,122,2528,0,0,0.01065251138061285
lraa,7595,on,123,968,0,0,0.01358439214527607
lraa,7595,on,124,376,1,1,0.9981030225753784
lraa,7595,on,125,2475,0,0,0.0032986511941999197
lraa,7595,on,126,2307,0,0,0.0010162439430132508
lraa,7595,on,127,658,0,0,0.0009399440023116767
lraa,7595,on,128,2671,1,1,0.9840936064720154
lraa,7595,on,129,1252,0,0,0.007876706309616566
lraa,7595,on,130,1301,1,1,0.9986955523490906
lraa,7595,on,131,2562,1,1,0.8690492510795593
lraa,7595,on,132,1947,0,0,0.0018102108733728528
lraa,7595,on,133,2296,0,0,0.024053553119301796
lraa,7595,on,134,1176,0,0,0.0012843082658946514
lraa,7595,on,135,1922,1,1,0.9992445707321167
lraa,7595,on,136,1860,1,1,0.9969956874847412
lraa,7595,on,137,124,0,0,0.03890198469161987
lraa,7595,on,138,493,1,1,0.9991958737373352
lraa,7595,on,139,2527,0,0,0.006289901677519083
lraa,7595,on,140,2309,0,1,0.9394705891609192
lraa,7595,on,141,1463,0,0,0.0012255674228072166
lraa,7595,on,142,2579,1,1,0.9985674619674683
lraa,7595,on,143,1640,1,1,0.99935382604599
lraa,7595,on,144,1762,0,0,0.0008426422718912363
lraa,7595,on,145,1425,1,1,0.9891815781593323
lraa,7595,on,146,1516,1,1,0.9994115829467773
lraa,7595,on,147,2081,1,1,0.9937100410461426
lraa,7595,on,148,695,0,0,0.0011335689341649413
lraa,7595,on,149,646,1,1,0.9957020878791809
lraa,7595,on,150,1876,0,0,0.0025509123224765062
lraa,7595,on,151,2793,1,1,0.999373733997345
lraa,7595,on,152,34,1,1,0.9992445707321167
lraa,7595,on,153,244,0,0,0.0012843082658946514
lraa,7595,on,154,2145,0,0,0.0015011822106316686
lraa,7595,on,155,1016,1,0,0.0627892017364502
lraa,7595,on,156,2260,0,0,0.008644177578389645
lraa,7595,on,157,2167,1,1,0.9972637891769409
lraa,7595,on,158,341,1,1,0.9954615235328674
lraa,7595,on,159,1025,1,1,0.9978843331336975
lraa,7595,on,160,2588,1,1,0.9711290597915649
lraa,7595,on,161,1580,1,1,0.9990890026092529
lraa,7595,on,162,444,1,1,0.8871068358421326
lraa,7595,on,163,756,1,1,0.8447935581207275
lraa,7595,on,164,78,0,1,0.9790357351303101
lraa,7595,on,165,2095,0,1,0.9975656270980835
lraa,7595,on,166,2266,1,1,0.9935117363929749
lraa,7595,on,167,2291,0,0,0.15869519114494324
lraa,7595,on,168,1575,0,0,0.0011335689341649413
lraa,7595,on,169,785,0,0,0.003565736347809434
lraa,7595,on,170,2448,0,0,0.04418331757187843
lraa,7595,on,171,1054,0,0,0.0009110512328334153
lraa,7595,on,172,2868,1,1,0.7718434929847717
lraa,7595,on,173,2872,0,0,0.0031236486975103617
lraa,7595,on,174,447,1,1,0.9984512329101562
lraa,7595,on,175,562,1,1,0.9980732202529907
lraa,7595,on,176,1927,0,0,0.0008040859247557819
lraa,7595,on,177,1898,1,1,0.860427737236023
lraa,7595,on,178,369,0,0,0.001325022429227829
lraa,7595,on,179,1307,0,0,0.004867417272180319
lraa,7595,on,180,1733,1,0,0.0024726232513785362
lraa,7595,on,181,2310,0,0,0.0025509123224765062
lraa,7595,on,182,140,1,1,0.9915544390678406
lraa,7595,on,183,644,1,1,0.9966756105422974
lraa,7595,on,184,1949,0,0,0.003324436955153942
lraa,7595,on,185,461,1,1,0.9983515739440918
lraa,7595,on,186,1105,1,1,0.9991704225540161
lraa,7595,on,187,1075,1,1,0.9943581223487854
lraa,7595,on,188,1138,1,1,0.9969485402107239
lraa,7595,on,189,890,1,1,0.9801293015480042
lraa,7595,on,190,1766,1,1,0.9764904975891113
lraa,7595,on,191,84,1,1,0.9986541271209717
lraa,7595,on,192,2124,1,1,0.999045193195343
lraa,7595,on,193,1917,1,1,0.9974290728569031
lraa,7595,on,194,2407,1,0,0.4339814782142639
lraa,7595,on,195,535,1,1,0.9945730566978455
lraa,7595,on,196,2106,0,0,0.0037654137704521418
lraa,7595,on,197,2115,0,0,0.004070138093084097
lraa,7595,on,198,2937,0,0,0.005865338258445263
lraa,7595,on,199,763,1,1,0.9978843331336975
lraa,7595,on,200,2041,1,1,0.822474479675293
lraa,7595,on,201,1812,1,1,0.9972637891769409
lraa,7595,on,202,1862,1,1,0.9055731296539307
lraa,7595,on,203,1955,0,0,0.29421496391296387
lraa,7595,on,204,855,1,1,0.9982993006706238
lraa,7595,on,205,2417,1,1,0.998498797416687
lraa,7595,on,206,1238,0,1,0.7397985458374023
lraa,7595,on,207,1849,1,1,0.998793363571167
lraa,7595,on,208,1671,0,0,0.0021157036535441875
lraa,7595,on,209,2088,0,0,0.05720292031764984
lraa,7595,on,210,480,1,1,0.9991030693054199
lraa,7595,on,211,1881,0,1,0.985042929649353
lraa,7595,on,212,1005,0,0,0.0011695101857185364
lraa,7595,on,213,2339,1,1,0.9984752535820007
lraa,7595,on,214,157,0,1,0.5477060079574585
lraa,7595,on,215,2924,1,1,0.9991306662559509
lraa,7595,on,216,171,0,0,0.02280263602733612
lraa,7595,on,217,125,1,1,0.999312162399292
lraa,7595,on,218,1146,1,1,0.9974884986877441
lraa,7595,on,219,2316,1,1,0.9988120794296265
lraa,7595,on,220,1713,0,1,0.6261242032051086
lraa,7595,on,221,668,0,0,0.1794586479663849
lraa,7595,on,222,577,0,0,0.0022518474142998457
lraa,7595,on,223,798,0,0,0.0012065897462889552
lraa,7595,on,224,185,1,1,0.9992678761482239
lraa,7595,on,225,2225,0,0,0.4590761363506317
lraa,7595,on,226,1857,1,1,0.9891815781593323
lraa,7595,on,227,2766,1,1,0.9989677667617798
lraa,7595,on,228,1787,1,1,0.9136765599250793
lraa,7595,on,229,628,0,1,0.9961155652999878
lraa,7595,on,230,2082,1,1,0.9985221028327942
lraa,7595,on,231,1270,1,1,0.9991440773010254
lraa,7595,on,232,843,1,1,0.9992445707321167
lraa,7595,on,233,1550,0,1,0.6627964973449707
lraa,7595,on,234,2001,1,1,0.9959927201271057
lraa,7595,on,235,2335,0,0,0.00307536986656487
lraa,7595,on,236,2798,0,0,0.003376612439751625
lraa,7595,on,237,1635,1,1,0.6548947095870972
lraa,7595,on,238,2760,1,1,0.9996140599250793
lraa,7595,on,239,286,0,0,0.0007096704212017357
lraa,7595,on,240,1617,1,1,0.999322772026062
lraa,7595,on,241,423,1,1,0.9977481961250305
lraa,7595,on,242,211,0,0,0.00446838466450572
lraa,7595,on,243,2839,0,0,0.0009399440023116767
lraa,7595,on,244,409,1,1,0.858244001865387
lraa,7595,on,245,2016,1,1,0.9984021782875061
lraa,7595,on,246,467,0,0,0.0006771942134946585
lraa,7595,on,247,4,1,1,0.9749764800071716
lraa,7595,on,248,1341,1,1,0.9900636076927185
lraa,7595,on,249,2657,1,1,0.9989350438117981
lraa,7595,on,250,1879,1,1,0.9984752535820007
lraa,7595,on,251,1861,1,1,0.9992327690124512
lraa,7595,on,252,1032,1,1,0.9992563128471375
lraa,7595,on,253,529,1,1,0.9987157583236694
lraa,7595,on,254,1350,1,0,0.13706977665424347
lraa,7595,on,255,2445,1,1,0.9488224983215332
lraa,7595,on,256,463,1,1,0.9991704225540161
lraa,7595,on,257,797,1,1,0.9977127313613892
lraa,7595,on,258,1403,0,0,0.0011335689341649413
lraa,7595,on,259,1328,0,0,0.32637879252433777
lraa,7595,on,260,1859,0,0,0.002217013156041503
lraa,7595,on,261,2829,1,1,0.9913390278816223
lraa,7595,on,262,154,1,1,0.9992563128471375
lraa,7595,on,263,2489,1,1,0.9990302324295044
lraa,7595,on,264,1710,1,1,0.9989995360374451
lraa,7595,on,265,2219,1,1,0.9987157583236694
lraa,7595,on,266,966,1,1,0.9992678761482239
lraa,7595,on,267,259,1,1,0.9961755275726318
lraa,7595,on,268,132,0,0,0.0010162439430132508
lraa,7595,on,269,124,0,0,0.011072160676121712
lraa,7595,on,270,1496,1,1,0.9585862159729004
lraa,7595,on,271,827,0,0,0.0016743994783610106
lraa,7595,on,272,331,0,0,0.007518718484789133
lraa,7595,on,273,1333,1,1,0.9992327690124512
lraa,7595,on,274,1284,1,1,0.9991704225540161
lraa,7595,on,275,75,0,0,0.00851130299270153
lraa,7595,on,276,1453,0,0,0.03551093861460686
lraa,7595,on,277,1894,0,0,0.0011879054363816977
lraa,7595,on,278,2013,1,1,0.9897513389587402
lraa,7595,on,279,118,1,1,0.9995827078819275
lraa,7595,on,280,2059,1,1,0.9978172779083252
lraa,7595,on,281,1914,1,1,0.9901019334793091
lraa,7595,on,282,700,0,0,0.01353214867413044
lraa,7595,on,283,2818,1,1,0.9985895752906799
lraa,7595,on,284,2717,0,0,0.008985428139567375
lraa,7595,on,285,1616,1,1,0.9994966983795166
lraa,7595,on,286,883,1,1,0.9980732202529907
lraa,7595,on,287,563,1,1,0.66888028383255
lraa,7595,on,288,1680,1,1,0.9979493021965027
lraa,7595,on,289,2071,0,0,0.0037654137704521418
lraa,7595,on,290,2341,0,0,0.0010649627074599266
lraa,7595,on,291,2680,0,0,0.004829722456634045
lraa,7595,on,292,2815,1,1,0.9986955523490906
lraa,7595,on,293,1946,0,0,0.001597845577634871
lraa,7595,on,294,1642,0,0,0.4153730571269989
lraa,7595,on,295,2495,1,1,0.9992445707321167
lraa,7595,on,296,802,1,1,0.9991573095321655
lraa,7595,on,297,1878,1,0,0.030444350093603134
lraa,7595,on,298,801,0,0,0.00216576736420393
lraa,7595,on,299,1141,1,1,0.9983256459236145
lraa,7595,on,300,1737,0,0,0.0026730059180408716
lraa,7595,on,301,2831,0,1,0.9718325734138489
lraa,7595,on,302,1399,0,0,0.0026730059180408716
lraa,7595,on,303,918,1,1,0.9993833303451538
lraa,7595,on,304,2193,0,0,0.3923368453979492
lraa,7595,on,305,1024,1,0,0.16132023930549622
lraa,7595,on,306,1128,1,1,0.9653811454772949
lraa,7595,on,307,175,1,1,0.9976769089698792
lraa,7595,on,308,71,0,0,0.0007793661206960678
lraa,7595,on,309,2589,1,1,0.9987744688987732
lraa,7595,on,310,544,1,1,0.9991704225540161
lraa,7595,on,311,1033,0,0,0.0010817153379321098
lraa,7595,on,312,2531,0,0,0.004133968148380518
lraa,7595,on,313,1296,1,1,0.9978342652320862
lraa,7595,on,314,2185,1,1,0.9985895752906799
lraa,7595,on,315,2076,1,0,0.0960254967212677
lraa,7595,on,316,2284,0,0,0.014957087114453316
lraa,7595,on,317,249,1,1,0.8881781101226807
lraa,7595,on,318,2245,1,1,0.9974491000175476
lraa,7595,on,319,1446,1,1,0.9973269701004028
lraa,7595,on,320,2315,1,0,0.03138043358922005
lraa,7595,on,321,1310,1,1,0.999312162399292
lraa,7595,on,322,35,1,1,0.9991030693054199
lraa,7595,on,323,2574,1,1,0.911337673664093
lraa,7595,on,324,2035,1,1,0.9981030225753784
lraa,7595,on,325,2604,1,1,0.9992903470993042
lraa,7595,on,326,2261,0,0,0.06097518280148506
lraa,7595,on,327,859,0,0,0.0028449094388633966
lraa,7595,on,328,2098,1,1,0.9991704225540161
lraa,7595,on,329,1265,1,1,0.9991306662559509
lraa,7595,on,330,28,1,1,0.9991704225540161
lraa,7595,on,331,1044,1,1,0.999220609664917
lraa,7595,on,332,1374,1,1,0.9982993006706238
lraa,7595,on,333,2918,1,1,0.9993833303451538
lraa,7595,on,334,1183,0,0,0.009936418384313583
lraa,7595,on,335,2421,0,0,0.0016743994783610106
lraa,7595,on,336,641,1,1,0.8828325867652893
lraa,7595,on,337,286,1,1,0.9994471669197083
lraa,7595,on,338,679,1,0,0.025760561227798462
lraa,7595,on,339,27,0,0,0.04115288704633713
lraa,7595,on,340,2726,1,1,0.9986329674720764
lraa,7595,on,341,1598,0,0,0.0011695101857185364
lraa,7595,on,342,2178,1,1,0.9919379353523254
lraa,7595,on,343,1937,1,1,0.9505488872528076
lraa,7595,on,344,1392,1,1,0.9995891451835632
lraa,7595,on,345,873,1,1,0.9981897473335266
lraa,7595,on,346,494,1,1,0.9973887801170349
lraa,7595,on,347,711,1,1,0.9984021782875061
lraa,7595,on,348,2626,1,1,0.9991030693054199
lraa,7595,on,349,2860,1,1,0.9638481140136719
lraa,7595,on,350,184,0,1,0.994820237159729
lraa,7595,on,351,227,0,0,0.002287227427586913
lraa,7595,on,352,1963,1,1,0.998793363571167
lraa,7595,on,353,2676,1,1,0.8553685545921326
lraa,7595,on,354,1772,0,0,0.09467770159244537
lraa,7595,on,355,2121,0,0,0.0023967307060956955
lraa,7595,on,356,233,1,1,0.9989995360374451
lraa,7595,on,357,974,0,0,0.0008693673880770802
lraa,7595,on,358,1706,1,1,0.9974491000175476
lraa,7595,on,359,705,0,0,0.0011335689341649413
lraa,7595,on,360,1038,1,1,0.9986955523490906
lraa,7595,on,361,2774,1,1,0.999208390712738
lraa,7595,on,362,310,1,1,0.9793540239334106
lraa,7595,on,363,2607,0,0,0.006192990578711033
lraa,7595,on,364,1502,1,1,0.9986749291419983
lraa,7595,on,365,2869,0,0,0.0023231625091284513
lraa,7595,on,366,217,1,1,0.854884684085846
lraa,7595,on,367,356,0,0,0.0009253848693333566
lraa,7595,on,368,1327,1,1,0.9994022846221924
lraa,7595,on,369,2294,0,0,0.0008693673880770802
lraa,7595,on,370,2857,0,1,0.9990745782852173
lraa,7595,on,371,457,1,1,0.9991030693054199
lraa,7595,on,372,377,1,1,0.9963783621788025
lraa,7595,on,373,1743,0,0,0.0017274586716666818
lraa,7595,on,374,1393,1,1,0.9984512329101562
lraa,7595,on,375,1145,1,1,0.9981613755226135
lraa,7595,on,376,1072,1,1,0.9977830052375793
lraa,7595,on,377,1419,1,1,0.9990745782852173
lraa,7595,on,378,1789,1,1,0.9981030225753784
lraa,7595,on,379,1978,1,1,0.9991573095321655
lraa,7595,on,380,1674,1,1,0.9995487332344055
lraa,7595,on,381,1246,1,1,0.9993928670883179
lraa,7595,on,382,256,1,0,0.018833130598068237
lraa,7595,on,383,2521,1,1,0.9991306662559509
lraa,7595,on,384,586,1,0,0.012821214273571968
lraa,7595,on,385,2418,1,1,0.9994296431541443
lraa,7595,on,386,1114,1,1,0.9984021782875061
lraa,7595,on,387,176,0,1,0.9235923886299133
lraa,7595,on,388,338,1,0,0.005220125894993544
lraa,7595,on,389,1665,1,1,0.997368335723877
lraa,7595,on,390,721,1,1,0.9897810220718384
lraa,7595,on,391,2235,1,1,0.9990149736404419
lraa,7595,on,392,2643,1,1,0.9927672147750854
lraa,7595,on,393,2549,0,0,0.002217013156041503
lraa,7595,on,394,2216,0,1,0.9961155652999878
lraa,7595,on,395,796,0,1,0.9988304972648621
lraa,7595,on,396,1380,0,0,0.002590979216620326
lraa,7595,on,397,227,0,0,0.0024726232513785362
lraa,7595,on,398,2410,1,1,0.9119669198989868
lraa,7595,on,399,1109,1,1,0.999322772026062
lraa,7595,on,400,2759,1,0,0.04778006672859192
lraa,7595,on,401,1292,0,0,0.0026316740550100803
lraa,7595,on,402,1941,1,1,0.998793363571167
lraa,7595,on,403,1966,0,0,0.0010005044750869274
lraa,7595,on,404,2444,0,0,0.003649987280368805
lraa,7595,on,405,1826,0,0,0.00307536986656487
lraa,7595,on,406,2498,1,1,0.9919379353523254
lraa,7595,on,407,1195,1,1,0.9987550973892212
lraa,7595,on,408,1556,1,1,0.9987744688987732
lraa,7595,on,409,2470,1,1,0.9990890026092529
lraa,7595,on,410,1378,1,1,0.9988840222358704
lraa,7595,on,411,295,0,0,0.3923368453979492
lraa,7595,on,412,1195,1,1,0.9969722032546997
lraa,7595,on,413,675,0,0,0.005384937860071659
lraa,7595,on,414,150,0,0,0.001151399570517242
lraa,7595,on,415,2756,0,0,0.000626334163825959
lraa,7595,on,416,618,0,0,0.0022518474142998457
lraa,7595,on,417,944,1,1,0.9982725381851196
lraa,7595,on,418,2120,1,1,0.991355836391449
lraa,7595,on,419,2479,1,1,0.9991832375526428
lraa,7595,on,420,2506,0,0,0.0010817153379321098
lraa,7595,on,421,1918,1,1,0.9924227595329285
lraa,7595,on,422,266,0,0,0.0014325366355478764
lraa,7595,on,423,2181,0,1,0.5869964361190796
lraa,7595,on,424,1267,1,1,0.9994557499885559
lraa,7595,on,425,21,0,0,0.0030278353951871395
lraa,7595,on,426,931,0,0,0.06512755155563354
lraa,7595,on,427,768,0,0,0.02228618785738945
lraa,7595,on,428,2660,1,1,0.9994966983795166
lraa,7595,on,429,2414,1,0,0.005554925184696913
lraa,7595,on,430,1866,1,1,0.9990149736404419
lraa,7595,on,431,1264,1,1,0.9787938594818115
lraa,7595,on,432,1317,1,1,0.9965435862541199
lraa,7595,on,433,2376,0,0,0.001325022429227829
lraa,7595,on,434,383,0,0,0.29746994376182556
lraa,7595,on,435,445,0,1,0.9205042719841003
lraa,7595,on,436,482,0,0,0.0019267346942797303
lraa,7595,on,437,742,1,1,0.9945307374000549
lraa,7595,on,438,1976,1,1,0.9920312166213989
lraa,7595,on,439,2585,1,1,0.999220609664917
lraa,7595,on,440,1549,0,0,0.0035380860790610313
lraa,7595,on,441,1179,1,1,0.9724147915840149
lraa,7595,on,442,1957,1,1,0.9993928670883179
lraa,7595,on,443,955,1,1,0.9971103668212891
lraa,7595,on,444,2672,1,1,0.8509646654129028
lraa,7595,on,445,403,1,1,0.9966233968734741
lraa,7595,on,446,2583,0,1,0.9314625263214111
lraa,7595,on,447,2003,1,1,0.9989836812019348
lraa,7595,on,448,1161,1,1,0.5455278754234314
lraa,7595,on,449,2451,0,0,0.49218812584877014
lraa,7595,on,450,1106,0,1,0.8998277187347412
lraa,7595,on,451,271,1,0,0.3319854438304901
lraa,7595,on,452,8,0,0,0.004231587518006563
lraa,7595,on,453,526,1,1,0.9933071732521057
lraa,7595,on,454,562,1,1,0.9986541271209717
lraa,7595,on,455,84,1,1,0.9982725381851196
lraa,7595,on,456,1280,0,0,0.09636510163545609
lraa,7595,on,457,1405,1,1,0.99935382604599
lraa,7595,on,458,948,1,1,0.8891444206237793
lraa,7595,on,459,2357,1,1,0.9897513389587402
lraa,7595,on,460,2218,1,0,0.40286189317703247
lraa,7595,on,461,1160,1,1,0.9977127313613892
lraa,7595,on,462,1867,1,1,0.9969245791435242
lraa,7595,on,463,541,0,0,0.0017546142917126417
lraa,7595,on,464,2784,0,0,0.0018386653391644359
lraa,7595,on,465,2390,1,1,0.9948603510856628
lraa,7595,on,466,2902,1,1,0.8344069123268127
lraa,7595,on,467,2375,0,0,0.0024343819823116064
lraa,7595,on,468,2876,1,1,0.9989995360374451
lraa,7595,on,469,285,1,1,0.9985895752906799
lraa,7595,on,470,1480,1,1,0.9933071732521057
lraa,7595,on,471,1150,1,1,0.996292769908905
lraa,7595,on,472,736,1,1,0.996292769908905
lraa,7595,on,473,2699,1,1,0.998498797416687
lraa,7595,on,474,1358,1,1,0.997368335723877
lraa,7595,on,475,2904,1,1,0.999220609664917
lraa,7595,on,476,867,0,1,0.9916841983795166
lraa,7595,on,477,788,1,1,0.9957352876663208
lraa,7595,on,478,1370,0,1,0.995354413986206
lraa,7595,on,479,825,0,0,0.0009399440023116767
lraa,7595,on,480,2047,0,0,0.02161533385515213
lraa,7595,on,481,1206,0,0,0.003350423416122794
lraa,7595,on,482,215,1,1,0.9991832375526428
lraa,7595,on,483,1857,0,0,0.00214894930832088
lraa,7595,on,484,1822,1,1,0.9971990585327148
lraa,7595,on,485,2170,1,1,0.9991440773010254
lraa,7595,on,486,596,0,1,0.989591658115387
lraa,7595,on,487,1740,1,1,0.9993833303451538
lraa,7595,on,488,1299,0,0,0.0014103584690019488
lraa,7595,on,489,2147,0,0,0.002182716503739357
lraa,7595,on,490,486,0,0,0.0010162439430132508
lraa,7595,on,491,271,1,1,0.5234203934669495
lraa,7595,on,492,845,1,1,0.999208390712738
lraa,7595,on,493,1779,0,0,0.0010005044750869274
lraa,7595,on,494,1909,1,1,0.999220609664917
lraa,7595,on,495,1723,1,1,0.9985449314117432
lraa,7595,on,496,2210,1,0,0.05146276578307152
lraa,7595,on,497,1030,1,1,0.9979493021965027
lraa,7595,on,498,593,0,0,0.0010322310263291001
lraa,7595,on,499,2348,0,0,0.0011695101857185364
lraa,7595,on,500,2685,0,0,0.0017274586716666818
lraa,7595,on,501,1457,1,1,0.9987157583236694
lraa,7595,on,502,849,1,1,0.999322772026062
lraa,7595,on,503,1060,1,0,0.01214717049151659
lraa,7595,on,504,237,0,1,0.5583269596099854
lraa,7595,on,505,2252,1,1,0.9976403713226318
lraa,7595,on,506,2325,0,0,0.0008559006382711232
lraa,7595,on,507,978,0,0,0.0006771942134946585
lraa,7595,on,508,2018,0,1,0.7813306450843811
lraa,7595,on,509,2255,0,0,0.003621685318648815
lraa,7595,on,510,732,1,1,0.9969245791435242
lraa,7595,on,511,404,0,0,0.0018969200318679214
lraa,7595,on,512,2045,0,0,0.017309095710515976
lraa,7595,on,513,1543,1,1,0.9974689483642578
lraa,7595,on,514,724,1,1,0.9977127313613892
lraa,7595,on,515,521,0,0,0.0029349515680223703
lraa,7595,on,516,2033,0,1,0.9953181147575378
lraa,7595,on,517,682,0,0,0.0009253848693333566
lraa,7595,on,518,462,1,1,0.9996079802513123
lraa,7595,on,519,2240,1,1,0.9979810118675232
lraa,7595,on,520,2227,0,0,0.0023231625091284513
lraa,7595,on,521,1089,1,1,0.9992903470993042
lraa,7595,on,522,2442,1,1,0.9986749291419983
lraa,7595,on,523,2375,1,1,0.9991958737373352
lraa,7595,on,524,470,1,1,0.9997428059577942
lraa,7595,on,525,1676,0,0,0.0009110512328334153
lraa,7595,on,526,1375,0,0,0.0015731120947748423
lraa,7595,on,527,992,1,1,0.9993333220481873
lraa,7595,on,528,288,1,1,0.9981613755226135
lraa,7595,on,529,378,1,1,0.9994725584983826
lraa,7595,on,530,1832,0,0,0.01196109876036644
lraa,7595,on,531,1565,0,0,0.0010162439430132508
lraa,7595,on,532,1297,0,0,0.0016484830994158983
lraa,7595,on,533,1052,0,1,0.9522199034690857
lraa,7595,on,534,1349,1,1,0.9982038736343384
lraa,7595,on,535,1609,1,1,0.9976403713226318
lraa,7595,on,536,727,0,0,0.39981165528297424
lraa,7595,on,537,793,1,1,0.9985221028327942
lraa,7595,on,538,1774,1,1,0.7879312038421631
lraa,7595,on,539,504,1,1,0.9995417594909668
lraa,7595,on,540,363,1,0,0.012241275981068611
lraa,7595,on,541,2487,1,0,0.004609572701156139
lraa,7595,on,542,1068,1,1,0.9988664388656616
lraa,7595,on,543,2078,0,0,0.0007437029271386564
lraa,7595,on,544,2828,1,1,0.9968763589859009
lraa,7595,on,545,2129,1,0,0.0018675659084692597
lraa,7595,on,546,2381,1,1,0.9980429410934448
lraa,7595,on,547,2428,1,1,0.999312162399292
lraa,7595,on,548,1364,0,0,0.02145073190331459
lraa,7595,on,549,339,1,1,0.999464213848114
lraa,7595,on,550,338,0,0,0.004982269834727049
lraa,7595,on,551,2247,0,0,0.001151399570517242
lraa,7595,on,552,1070,0,1,0.6513549089431763
lraa,7595,on,553,451,1,1,0.9989182949066162
lraa,7595,on,554,381,1,1,0.999438464641571
lraa,7595,on,555,1831,0,0,0.006289901677519083
lraa,7595,on,556,343,1,1,0.9990149736404419
lraa,7595,on,557,963,1,1,0.9995121955871582
lraa,7595,on,558,1240,1,1,0.9991573095321655
lraa,7595,on,559,419,0,0,0.0035380860790610313
lraa,7595,on,560,368,0,0,0.2120688110589981
lraa,7595,on,561,147,1,1,0.9959927201271057
lraa,7595,on,562,2890,0,0,0.0023967307060956955
lraa,7595,on,563,439,0,0,0.0012644219677895308
lraa,7595,on,564,1050,0,0,0.0020507434383034706
lraa,7595,on,565,1601,0,0,0.0026730059180408716
lraa,7595,on,566,2513,0,0,0.0026730059180408716
lraa,7595,on,567,2286,0,0,0.0017274586716666818
lraa,7595,on,568,2625,0,0,0.0012448433553799987
lraa,7595,on,569,1249,0,0,0.0010649627074599266
lraa,7595,on,570,1462,1,0,0.0027576221618801355
lraa,7595,on,571,666,0,0,0.03663136810064316
lraa,7595,on,572,309,1,1,0.9968763589859009
lraa,7595,on,573,1342,1,1,0.9834704995155334
lraa,7595,on,574,393,1,1,0.9991306662559509
lraa,7595,on,575,2690,1,1,0.9880388379096985
lraa,7595,on,576,80,1,1,0.5156199336051941
lraa,7595,on,577,1824,1,1,0.9954967498779297
lraa,7595,on,578,1704,0,0,0.38676345348358154
lraa,7595,on,579,484,1,1,0.9740425944328308
lraa,7595,on,580,667,0,0,0.002082970691844821
lraa,7595,on,581,578,0,0,0.0025509123224765062
lraa,7595,on,582,958,1,1,0.9935117363929749
lraa,7595,on,583,538,1,1,0.9978843331336975
lraa,7595,on,584,2877,1,0,0.015306354500353336
lraa,7595,on,585,607,0,0,0.0012644219677895308
lraa,7595,on,586,2322,1,1,0.9904406070709229
lraa,7595,on,587,506,1,1,0.9778834581375122
lraa,7595,on,588,1456,0,0,0.025565212592482567
lraa,7595,on,589,1778,1,1,0.9989350438117981
lraa,7595,on,590,1777,1,1,0.9993013143539429
lraa,7595,on,591,1144,0,0,0.0009399440023116767
lraa,7595,on,592,1746,0,0,0.0023596605751663446
lraa,7595,on,593,890,0,0,0.32423537969589233
lraa,7595,on,594,1572,1,1,0.999208390712738
lraa,7595,on,595,1821,0,0,0.006903838366270065
lraa,7595,on,596,1798,1,1,0.9985895752906799
lraa,7595,on,597,2615,1,1,0.9981324076652527
lraa,7595,on,598,1147,1,1,0.9992327690124512
lraa,7595,on,599,2131,1,1,0.9991832375526428
lraa,7595,on,600,793,1,1,0.9984752535820007
lraa,7595,on,601,840,1,1,0.9898107051849365
lraa,7595,on,602,1084,0,0,0.0010322310263291001
lraa,7595,on,603,1669,1,0,0.3380771279335022
lraa,7595,on,604,2288,0,0,0.009412589482963085
lraa,7595,on,605,2233,0,1,0.9976032376289368
lraa,7595,on,606,729,1,1,0.9991030693054199
lraa,7595,on,607,349,1,1,0.9945307374000549
lraa,7595,on,608,1289,1,1,0.9991169571876526
lraa,7595,on,609,1573,0,0,0.11757213622331619
lraa,7595,on,610,597,1,1,0.9991958737373352
lraa,7595,on,611,2400,1,1,0.9929881691932678
lraa,7595,on,612,2789,1,1,0.860720694065094
lraa,7595,on,613,1494,1,1,0.9967268705368042
lraa,7595,on,614,1184,0,0,0.0012255674228072166
lraa,7595,on,615,639,1,1,0.9992445707321167
lraa,7595,on,616,2544,1,1,0.9943581223487854
lraa,7595,on,617,952,1,1,0.9971550703048706
lraa,7595,on,618,1497,1,1,0.9835969805717468
lraa,7595,on,619,448,1,1,0.9995044469833374
lraa,7595,on,620,892,0,0,0.009196553379297256
lraa,7595,on,621,1236,1,1,0.9991440773010254
lraa,7595,on,622,331,1,1,0.8472108244895935
lraa,7595,on,623,633,1,1,0.9994296431541443
lraa,7595,on,624,917,1,1,0.8919052481651306
lraa,7595,on,625,1314,1,1,0.9964619278907776
lraa,7595,on,626,1168,1,1,0.8984104990959167
lraa,7595,on,627,1480,1,1,0.9987157583236694
lraa,7595,on,628,818,1,1,0.9982993006706238
lraa,7595,on,629,1009,0,0,0.3182732164859772
lraa,7595,on,630,222,0,1,0.9955315589904785
lraa,7595,on,631,769,1,1,0.9989677667617798
lraa,7595,on,632,2519,1,1,0.9990600943565369
lraa,7595,on,633,2361,0,0,0.011687257327139378
lraa,7595,on,634,400,0,0,0.230919748544693
lraa,7595,on,635,277,1,1,0.9921841025352478
lraa,7595,on,636,660,1,1,0.9822876453399658
lraa,7595,on,637,1692,1,1,0.8963421583175659
lraa,7595,on,638,1934,0,0,0.0017546142917126417
lraa,7595,on,639,1460,0,0,0.010818447917699814
lraa,7595,on,640,1230,1,1,0.9984752535820007
lraa,7595,on,641,1645,0,0,0.001782196224667132
lraa,7595,on,642,1475,1,1,0.9887987971305847
lraa,7595,on,643,96,1,1,0.9990600943565369
lraa,7595,on,644,1136,0,0,0.0013885233784094453
lraa,7595,on,645,2809,1,1,0.9972423315048218
lraa,7595,on,646,1501,1,0,0.12252321094274521
lraa,7595,on,647,264,0,0,0.0015731120947748423
lraa,7595,on,648,1594,1,1,0.9986955523490906
lraa,7595,on,649,587,1,1,0.9991573095321655
lraa,7595,on,650,414,1,1,0.999480664730072
lraa,7595,on,651,942,0,0,0.0009850083151832223
lraa,7595,on,652,2641,1,1,0.999480664730072
lraa,7595,on,653,436,0,1,0.9903663396835327
lraa,7595,on,654,1717,1,1,0.9984512329101562
lraa,7595,on,655,1877,1,1,0.9978001713752747
lraa,7595,on,656,1626,1,1,0.9787126779556274
lraa,7595,on,657,2040,0,0,0.01669306866824627
lraa,7595,on,658,2420,1,1,0.9993638396263123
lraa,7595,on,659,2521,1,1,0.9992563128471375
lraa,7595,on,660,158,1,1,0.9989182949066162
lraa,7595,on,661,1312,1,1,0.9973269701004028
lraa,7595,on,662,31,0,1,0.8774768114089966
lraa,7595,on,663,1151,1,1,0.9988120794296265
lraa,7595,on,664,2815,1,1,0.997285008430481
lraa,7595,on,665,1195,0,0,0.008847354911267757
lraa,7595,on,666,1141,1,1,0.9987550973892212
lraa,7595,on,667,2024,0,0,0.0031726830638945103
lraa,7595,on,668,1842,1,1,0.9802123308181763
lraa,7595,on,669,1345,1,1,0.999045193195343
lraa,7595,on,670,2783,1,1,0.9995891451835632
lraa,7595,on,671,1873,1,1,0.9976032376289368
lraa,7595,on,672,1905,1,1,0.9946980476379395
lraa,7595,on,673,2834,1,1,0.9987744688987732
lraa,7595,on,674,1853,0,0,0.0016743994783610106
lraa,7595,on,675,1407,1,1,0.9959927201271057
lraa,7595,on,676,2148,0,0,0.0034296035300940275
lraa,7595,on,677,1186,0,0,0.009340024553239346
lraa,7595,on,678,1845,0,0,0.014785408042371273
lraa,7595,on,679,273,0,0,0.0015011822106316686
lraa,7595,on,680,764,1,1,0.9991958737373352
lraa,7595,on,681,2673,1,0,0.11157959699630737
lraa,7595,on,682,1649,1,1,0.9993435740470886
lraa,7595,on,683,820,1,1,0.5544704794883728
lraa,7595,on,684,1694,0,0,0.0012255674228072166
lraa,7595,on,685,860,1,1,0.9983769655227661
lraa,7595,on,686,2730,0,0,0.0019877743907272816
lraa,7595,on,687,1685,0,0,0.0023413405288010836
lraa,7595,on,688,887,1,1,0.9981897473335266
lraa,7595,on,689,2009,1,1,0.9938070178031921
lraa,7595,on,690,1397,0,0,0.0031236486975103617
lraa,7595,on,691,2430,1,1,0.9993928670883179
lraa,7595,on,692,1892,1,1,0.99935382604599
lraa,7595,on,693,174,1,1,0.999464213848114
lraa,7595,on,694,2096,1,1,0.9985895752906799
lraa,7595,on,695,1138,0,0,0.0021157036535441875
lraa,7595,on,696,364,1,1,0.9942697286605835
lraa,7595,on,697,120,0,0,0.0019877743907272816
lraa,7595,on,698,1735,0,0,0.0034834244288504124
lraa,7595,on,699,468,1,1,0.9985895752906799
lraa,7595,on,700,1421,1,1,0.9990149736404419
lraa,7595,on,701,2849,1,1,0.9981897473335266
lraa,7595,on,702,1578,0,0,0.0016743994783610106
lraa,7595,on,703,1448,1,1,0.9971771240234375
lraa,7595,on,704,203,1,1,0.9974884986877441
lraa,7595,on,705,1975,0,0,0.0035936026833951473
lraa,7595,on,706,2926,1,1,0.9991169571876526
lraa,7595,on,707,751,0,0,0.0012255674228072166
lraa,7595,on,708,2583,0,1,0.9030433297157288
lraa,7595,on,709,2093,0,0,0.0015731120947748423
lraa,7595,on,710,334,1,1,0.9989012479782104
lraa,7595,on,711,783,1,1,0.9991958737373352
lraa,7595,on,712,1822,0,1,0.6469064354896545
lraa,7595,on,713,611,1,0,0.006589771248400211
lraa,7595,on,714,1994,1,1,0.9993333220481873
lraa,7595,on,715,1882,1,1,0.9783018827438354
lraa,7595,on,716,795,1,1,0.9937100410461426
lraa,7595,on,717,407,1,1,0.9991306662559509
lraa,7595,on,718,2313,1,0,0.4339814782142639
lraa,7595,on,719,625,1,1,0.9981897473335266
lraa,7595,on,720,746,0,0,0.0008295891457237303
lraa,7595,on,721,1281,1,1,0.9994296431541443
lraa,7595,on,722,1614,1,1,0.9992327690124512
lraa,7595,on,723,2,0,0,0.005957154091447592
lraa,7595,on,724,466,1,1,0.996292769908905
lraa,7595,on,725,143,1,1,0.9199306964874268
lraa,7595,on,726,2273,1,1,0.9993013143539429
lraa,7595,on,727,2285,0,0,0.0008426422718912363
lraa,7595,on,728,1113,0,0,0.0015487611526623368
lraa,7595,on,729,2499,1,1,0.9986541271209717
lraa,7595,on,730,2500,0,0,0.005730246659368277
lraa,7595,on,731,1582,1,1,0.9959613680839539
lraa,7595,on,732,1835,1,1,0.999045193195343
lraa,7595,on,733,557,1,1,0.9989677667617798
lraa,7595,on,734,2882,1,1,0.8998277187347412
lraa,7595,on,735,2707,1,1,0.9988840222358704
lraa,7595,on,736,1499,0,1,0.9798226952552795
lraa,7595,on,737,2025,0,0,0.0006070755189284682
lraa,7595,on,738,1379,1,1,0.999373733997345
lraa,7595,on,739,412,1,1,0.9905142784118652
lraa,7595,on,740,969,0,0,0.05070536211133003
lraa,7595,on,741,483,1,1,0.9995197057723999
lraa,7595,on,742,1062,1,1,0.9818861484527588
lraa,7595,on,743,9,1,1,0.9319595694541931
lraa,7595,on,744,2061,1,1,0.9984512329101562
lraa,7595,on,745,683,1,1,0.9989836812019348
lraa,7595,on,746,2482,0,1,0.9981897473335266
lraa,7595,on,747,2452,0,0,0.0014103584690019488
lraa,7595,on,748,2396,0,1,0.7839884757995605
lraa,7595,on,749,1191,1,1,0.9996646642684937
lraa,7595,on,750,1055,1,1,0.9919379353523254
lraa,7595,on,751,2893,1,0,0.39793840050697327
lraa,7595,on,752,325,0,0,0.00307536986656487
lraa,7595,on,753,875,1,1,0.9985449314117432
lraa,7595,on,754,2720,0,0,0.002287227427586913
lraa,7595,on,755,1411,1,1,0.6926419734954834
lraa,7595,on,756,1071,1,1,0.9975274205207825
lraa,7595,on,757,1811,1,1,0.9952448010444641
lraa,7595,on,758,161,0,0,0.0010649627074599266
lraa,7595,on,759,2760,1,1,0.9996485710144043
lraa,7595,on,760,621,1,1,0.9958337545394897
lraa,7595,on,761,2132,0,0,0.04535257816314697
lraa,7595,on,762,2836,0,0,0.000816738058347255
lraa,7595,on,763,399,1,0,0.04903962463140488
lraa,7595,on,764,2243,1,1,0.998848557472229
lraa,7595,on,765,686,1,0,0.2620856761932373
lraa,7595,on,766,2910,1,1,0.9965165853500366
lraa,7595,on,767,2674,1,1,0.9921841025352478
lraa,7595,on,768,1515,1,1,0.9992792010307312
lraa,7595,on,769,2384,1,1,0.9995891451835632
lraa,7595,on,770,1836,0,0,0.025760561227798462
lraa,7595,on,771,198,1,1,0.9981613755226135
lraa,7595,on,772,2749,1,1,0.9939496517181396
lraa,7595,on,773,1699,1,1,0.9991958737373352
lraa,7595,on,774,69,0,1,0.9981897473335266
lraa,7595,on,775,1139,0,1,0.8624675869941711
lraa,7595,on,776,950,0,0,0.027169233188033104
lraa,7595,on,777,1234,1,1,0.8224031925201416
lraa,7595,on,778,1018,1,1,0.5679365992546082
lraa,7595,on,779,2304,1,1,0.9990890026092529
lraa,7595,on,780,386,1,1,0.9977127313613892
lraa,7595,on,781,2646,1,1,0.999480664730072
lraa,7595,on,782,1269,0,0,0.0037072531413286924
lraa,7595,on,783,232,0,1,0.9549844264984131
lraa,7595,on,784,450,0,1,0.5486735105514526
lraa,7595,on,785,1576,1,1,0.8774768114089966
lraa,7595,on,786,1759,0,0,0.013848611153662205
lraa,7595,on,787,1268,0,0,0.001098731067031622
lraa,7595,on,788,223,1,1,0.9982317090034485
lraa,7595,on,789,2162,0,0,0.0029349515680223703
lraa,7595,on,790,974,0,0,0.000552778597921133
lraa,7595,on,791,1620,1,1,0.9989995360374451
lraa,7595,on,792,2067,1,1,0.998498797416687
lraa,7595,on,793,2736,1,1,0.9885804057121277
lraa,7595,on,794,784,0,0,0.07172112166881561
lraa,7595,on,795,262,1,1,0.9994471669197083
lraa,7595,on,796,1747,1,1,0.9985221028327942
lraa,7595,on,797,728,0,0,0.011158030480146408
lraa,7595,on,798,263,1,1,0.9992445707321167
lraa,7595,on,799,1208,1,0,0.09203286468982697
lraa,7595,on,800,292,0,0,0.004198795184493065
lraa,7595,on,801,1333,1,1,0.9988664388656616
lraa,7595,on,802,619,1,1,0.9990890026092529
lraa,7595,on,803,2616,1,1,0.9942250847816467
lraa,7595,on,804,279,0,0,0.0014550627674907446
lraa,7595,on,805,935,1,1,0.5108930468559265
lraa,7595,on,806,452,1,1,0.9658995866775513
lraa,7595,on,807,362,0,0,0.1650540828704834
lraa,7595,on,808,1320,1,1,0.9959298968315125
lraa,7595,on,809,2605,1,0,0.06489011645317078
lraa,7595,on,810,2716,1,1,0.9993435740470886
lraa,7595,on,811,1900,1,1,0.9989350438117981
lraa,7595,on,812,1961,1,1,0.998498797416687
lraa,7595,on,813,2785,1,1,0.9988120794296265
lraa,7595,on,814,985,1,1,0.9989012479782104
lraa,7595,on,815,2433,0,0,0.0031236486975103617
lraa,7595,on,816,1629,0,0,0.0065134987235069275
lraa,7595,on,817,2870,1,1,0.9974290728569031
lraa,7595,on,818,1270,1,1,0.9980429410934448
lraa,7595,on,819,12,1,0,0.4311051368713379
lraa,7595,on,820,2597,1,1,0.9993333220481873
lraa,7595,on,821,454,1,0,0.11260008811950684
lraa,7595,on,822,2086,0,0,0.001700722612440586
lraa,7595,on,823,512,1,1,0.998498797416687
lraa,7595,on,824,2755,0,0,0.0011335689341649413
lraa,7595,on,825,2276,1,1,0.9979169964790344
lraa,7595,on,826,1125,1,1,0.9979493021965027
lraa,7595,on,827,351,1,1,0.9929881691932678
lraa,7595,on,828,899,0,1,0.9929336309432983
lraa,7595,on,829,122,1,1,0.9891815781593323
lraa,7595,on,830,1547,1,1,0.9981324076652527
lraa,7595,on,831,148,0,1,0.9935117363929749
lraa,7595,on,832,1096,0,0,0.013480104506015778
lraa,7595,on,833,2815,1,1,0.9990745782852173
lraa,7595,on,834,943,1,1,0.998793363571167
lraa,7595,on,835,1430,1,1,0.9980121850967407
lraa,7595,on,836,2693,1,1,0.9977127313613892
lraa,7595,on,837,2425,1,1,0.9967268705368042
lraa,7595,on,838,906,0,0,0.0009697519126348197
lraa,7595,on,839,458,0,0,0.0021157036535441875
lraa,7595,on,840,913,0,0,0.12940272688865662
lraa,7595,on,841,2724,1,1,0.9987157583236694
lraa,7595,on,842,689,1,1,0.9946980476379395
lraa,7595,on,843,1366,1,1,0.9991306662559509
lraa,7595,on,844,2644,1,0,0.0017274586716666818
lraa,7595,on,845,209,1,1,0.9951702952384949
lraa,7595,on,846,473,1,1,0.9991306662559509
lraa,7595,on,847,770,1,1,0.9908034801483154
lraa,7595,on,848,503,0,0,0.000954731716774404
lraa,7595,on,849,178,0,0,0.0028009270317852497
lraa,7595,on,850,114,0,0,0.08725224435329437
lraa,7595,on,851,2602,0,0,0.17384850978851318
lraa,7595,on,852,13,0,0,0.00446838466450572
lraa,7595,on,853,224,0,1,0.9504110217094421
lraa,7595,on,854,699,1,1,0.9856076240539551
lraa,7595,on,855,550,1,1,0.9994296431541443
lraa,7595,on,856,1959,0,0,0.0012644219677895308
lraa,7595,on,857,2668,1,1,0.9989012479782104
lraa,7595,on,858,2719,0,0,0.0030278353951871395
lraa,7595,on,859,2846,1,1,0.9990745782852173
lraa,7595,on,860,1346,0,0,0.013902058824896812
lraa,7595,on,861,854,0,0,0.0027576221618801355
lraa,7595,on,862,1887,0,0,0.002082970691844821
lraa,7595,on,863,1410,1,1,0.998498797416687
lraa,7595,on,864,2884,0,0,0.001151399570517242
lraa,7595,on,865,2435,1,1,0.9986955523490906
lraa,7595,on,866,960,0,0,0.0012644219677895308
lraa,7595,on,867,1980,0,1,0.9641192555427551
lraa,7595,on,868,919,1,1,0.9989515542984009
lraa,7595,on,869,743,0,0,0.0019877743907272816
lraa,7595,on,870,1504,1,1,0.9982725381851196
lraa,7595,on,871,85,0,0,0.41679665446281433
lraa,7595,on,872,1085,1,1,0.995866060256958
lraa,7595,on,873,853,0,0,0.0028009270317852497
lraa,7595,on,874,964,1,0,0.2613309323787689
lraa,7595,on,875,2197,1,1,0.9987157583236694
lraa,7595,on,876,2345,0,0,0.010902373120188713
lraa,7595,on,877,1363,1,1,0.723700225353241
lraa,7595,on,878,1599,0,0,0.058560825884342194
lraa,7595,on,879,814,0,0,0.016914913430809975
lraa,7595,on,880,1822,1,1,0.9985674619674683
lraa,7595,on,881,740,1,1,0.9976769089698792
lraa,7595,on,882,274,1,1,0.9991030693054199
lraa,7595,on,883,20,0,0,0.0014103584690019488
lraa,7595,on,884,819,0,0,0.0013458605390042067
lraa,7595,on,885,2649,0,0,0.0026112478226423264
lraa,7595,on,886,420,1,1,0.9991030693054199
lraa,7595,on,887,337,0,0,0.04931360483169556
lraa,7595,on,888,2578,1,1,0.9821512699127197
lraa,7595,on,889,1664,1,1,0.9987744688987732
lraa,7595,on,890,2323,0,0,0.0025509123224765062
lraa,7595,on,891,274,0,1,0.9622496962547302
lraa,7595,on,892,715,1,1,0.998498797416687
lraa,7595,on,893,1757,1,1,0.9991306662559509
lraa,7595,on,894,2580,0,0,0.0014779429184272885
lraa,7595,on,895,1473,1,1,0.9990745782852173
lraa,7595,on,896,900,0,0,0.003649987280368805
lraa,7595,on,897,1558,0,0,0.005139611195772886
lraa,7595,on,898,2012,1,1,0.999220609664917
lraa,7595,on,899,2363,0,1,0.6867902874946594
lraa,7595,on,900,2413,1,1,0.9986749291419983
lraa,7595,on,901,2282,1,1,0.996570348739624
lraa,7595,on,902,741,1,1,0.9986329674720764
lraa,7595,on,903,780,0,0,0.0030278353951871395
lraa,7595,on,904,2494,1,1,0.999562680721283
lraa,7595,on,905,2248,1,1,0.9987550973892212
lraa,7595,on,906,2789,0,0,0.02811405621469021
lraa,7595,on,907,275,0,1,0.9977127313613892
lraa,7595,on,908,1027,1,1,0.9966233968734741
lraa,7595,on,909,1476,1,1,0.9986114501953125
lraa,7595,on,910,1175,0,0,0.0017546142917126417
lraa,7595,on,911,1666,1,1,0.9992678761482239
lraa,7595,on,912,2850,0,0,0.001622966956347227
lraa,7595,on,913,1124,0,0,0.002287227427586913
lraa,7595,on,914,2128,1,1,0.9989677667617798
lraa,7595,on,915,511,1,1,0.7853085398674011
lraa,7595,on,916,1886,1,1,0.999322772026062
lraa,7595,on,917,2878,0,0,0.006797531619668007
lraa,7595,on,918,1233,1,1,0.9966756105422974
lraa,7595,on,919,894,1,1,0.9981897473335266
lraa,7595,on,920,1691,0,0,0.0008969393093138933
lraa,7595,on,921,737,1,0,0.18126320838928223
lraa,7595,on,922,2375,1,1,0.986929178237915
lraa,7595,on,923,2436,1,1,0.9985674619674683
lraa,7595,on,924,1799,0,0,0.0007096704212017357
lraa,7595,on,925,2740,0,0,0.0038844766095280647
lraa,7595,on,926,202,1,1,0.99935382604599
lraa,7595,on,927,2512,1,1,0.9981897473335266
lraa,7595,on,928,1961,1,1,0.9980732202529907
lraa,7595,on,929,2919,1,1,0.9984752535820007
lraa,7595,on,930,2679,1,1,0.9967774748802185
lraa,7595,on,931,1482,0,0,0.16827526688575745
lraa,7595,on,932,1697,0,0,0.21659092605113983
lraa,7595,on,933,1996,1,1,0.8327813148498535
lraa,7595,on,934,2889,1,1,0.9989836812019348
lraa,7595,on,935,2011,1,1,0.9993013143539429
lraa,7595,on,936,1449,0,0,0.004264634568244219
lraa,7595,on,937,405,0,0,0.001597845577634871
lraa,7595,on,938,595,1,1,0.9971550703048706
lraa,7595,on,939,982,1,1,0.9989836812019348
lraa,7595,on,940,1051,1,1,0.9981324076652527
lraa,7595,on,941,1637,1,1,0.7799928784370422
lraa,7595,on,942,1780,0,1,0.5774953961372375
lraa,7595,on,943,89,0,1,0.9833430051803589
lraa,7595,on,944,756,1,1,0.7549149990081787
lraa,7595,on,945,1138,1,1,0.9926542043685913
lraa,7595,on,946,916,1,1,0.9895108342170715
lraa,7595,on,947,1764,1,0,0.12463856488466263
lraa,7595,on,948,1522,1,1,0.9989995360374451
lraa,7595,on,949,522,1,1,0.9990149736404419
lraa,7595,on,950,2630,1,1,0.9989350438117981
lraa,7595,on,951,2069,1,1,0.672331690788269
lraa,7595,on,952,2000,0,0,0.0007208380266092718
lraa,7595,on,953,789,0,0,0.0011160143185406923
lraa,7595,on,954,568,0,0,0.0012644219677895308
lraa,7595,on,955,994,0,1,0.9291837811470032
lraa,7595,on,956,1010,1,1,0.9969485402107239
lraa,7595,on,957,2558,1,1,0.9742149114608765
lraa,7595,on,958,2467,1,1,0.9989677667617798
lraa,7595,on,959,2888,1,0,0.004007288720458746
lraa,7595,on,960,128,1,1,0.9991169571876526
lraa,7595,on,961,2741,1,1,0.9914886951446533
lraa,7595,on,962,164,0,0,0.021948255598545074
lraa,7595,on,963,2787,1,1,0.9987356066703796
lraa,7595,on,964,2117,1,1,0.9987744688987732
lraa,7595,on,965,2320,1,1,0.9975274205207825
lraa,7595,on,966,2225,1,1,0.9978510141372681
lraa,7595,on,967,653,1,1,0.9964619278907776
lraa,7595,on,968,2478,1,1,0.9977127313613892
lraa,7595,on,969,1058,1,1,0.9907320141792297
lraa,7595,on,970,662,1,1,0.9066531658172607
lraa,7595,on,971,602,1,1,0.9995121955871582
lraa,7595,on,972,1857,0,0,0.0031974867451936007
lraa,7595,on,973,1002,1,1,0.9992792010307312
lraa,7595,on,974,1514,1,1,0.9989836812019348
lraa,7595,on,975,476,1,1,0.999562680721283
lraa,7595,on,976,2873,0,0,0.28101083636283875
lraa,7595,on,977,1546,1,0,0.31573596596717834
lraa,7595,on,978,1935,1,1,0.942294716835022
lraa,7595,on,979,2301,0,0,0.017576882615685463
lraa,7595,on,980,52,0,1,0.9175984263420105
lraa,7595,on,981,59,1,1,0.9991030693054199
lraa,7595,on,982,2244,1,1,0.9995272159576416
lraa,7595,on,983,2196,0,0,0.056861549615859985
lraa,7595,on,984,2471,0,0,0.0034296035300940275
lraa,7595,on,985,2752,0,0,0.01798621006309986
lraa,7595,on,986,1195,1,1,0.9975656270980835
lraa,7595,on,987,284,1,1,0.9994022846221924
lraa,7595,on,988,1933,1,1,0.9772191047668457
lraa,7595,on,989,2733,0,0,0.0018386653391644359
lraa,7595,on,990,894,1,1,0.9964063763618469
lraa,7595,on,991,1560,1,1,0.9989182949066162
lraa,7595,on,992,2221,0,0,0.0009399440023116767
lraa,7595,on,993,660,1,0,0.029535336419939995
lraa,7595,on,994,1466,0,0,0.004331502132117748
lraa,7595,on,995,2822,0,0,0.004264634568244219
lraa,7595,on,996,2569,0,0,0.08299414813518524
lraa,7595,on,997,1276,1,1,0.9905874133110046
lraa,7595,on,998,1638,0,0,0.002217013156041503
lraa,7595,on,999,142,1,1,0.9979169964790344
lraa,7595,on,1000,2385,1,1,0.9981030225753784
lraa,7595,on,1001,1318,0,0,0.03993731737136841
lraa,7595,on,1002,2758,0,0,0.006003595422953367
lraa,7595,on,1003,1094,1,1,0.9933071732521057
lraa,7595,on,1004,1623,1,1,0.9600626826286316
lraa,7595,on,1005,706,0,0,0.0028009270317852497
lraa,7595,on,1006,1213,1,1,0.9991832375526428
lraa,7595,on,1007,2629,1,1,0.9996079802513123
lraa,7595,on,1008,1401,1,1,0.995866060256958
lraa,7595,on,1009,1239,1,0,0.007876706309616566
lraa,7595,on,1010,2706,0,1,0.8092759251594543
lraa,7595,on,1011,821,1,1,0.9990149736404419
lraa,7595,on,1012,938,0,0,0.012288596481084824
lraa,7595,on,1013,491,1,0,0.021287351846694946
lraa,7595,on,1014,2886,1,1,0.9982993006706238
lraa,7595,on,1015,2125,1,1,0.9866748452186584
lraa,7595,on,1016,1135,1,1,0.5344910621643066
lraa,7595,on,1017,1359,0,0,0.006241259630769491
lraa,7595,on,1018,313,1,1,0.9968273043632507
lraa,7595,on,1019,2731,0,0,0.0010322310263291001
lraa,7595,on,1020,497,0,0,0.0027576221618801355
lraa,7595,on,1021,2212,1,1,0.9994296431541443
lraa,7595,on,1022,804,1,1,0.9989677667617798
lraa,7595,on,1023,1782,1,1,0.9992792010307312
lraa,7595,on,1024,2307,0,0,0.0019877743907272816
lraa,7595,on,1025,2292,1,1,0.999322772026062
lraa,7595,on,1026,1816,0,0,0.0010322310263291001
lraa,7595,on,1027,1916,0,0,0.0029121784027665854
lraa,7595,on,1028,2192,1,1,0.9994207620620728
lraa,7595,on,1029,21,0,0,0.002889581024646759
lraa,7595,on,1030,543,1,0,0.25645938515663147
lraa,7595,on,1031,606,1,1,0.9992678761482239
lraa,7595,on,1032,2851,1,1,0.9971103668212891
lraa,7595,on,1033,2347,1,1,0.9992792010307312
lraa,7595,on,1034,754,1,1,0.9939024448394775
lraa,7595,on,1035,286,1,1,0.9994022846221924
lraa,7595,on,1036,962,0,1,0.9985895752906799
lraa,7595,on,1037,290,1,0,0.007937993854284286
lraa,7595,on,1038,990,1,1,0.9994887113571167
lraa,7595,on,1039,771,1,1,0.997065007686615
lraa,7595,on,1040,166,0,0,0.05460060387849808
lraa,7595,on,1041,1257,0,0,0.0025114635936915874
lraa,7595,on,1042,1855,0,1,0.9927391409873962
lraa,7595,on,1043,1660,1,1,0.9995487332344055
lraa,7595,on,1044,2568,1,1,0.957277774810791
lraa,7595,on,1045,1968,1,1,0.9971550703048706
lraa,7595,on,1046,1694,1,0,0.0020507434383034706
lraa,7595,on,1047,2472,1,1,0.999220609664917
lraa,7595,on,1048,490,0,0,0.01798621006309986
lraa,7595,on,1049,1807,0,0,0.004905405919998884
lraa,7595,on,1050,168,1,1,0.9977481961250305
lraa,7595,on,1051,1021,1,1,0.9985674619674683
lraa,7595,on,1052,1321,0,1,0.9764119386672974
lraa,7595,on,1053,1557,0,0,0.0020190137438476086
lraa,7595,on,1054,2401,1,1,0.9991169571876526
lraa,7595,on,1055,1758,1,1,0.9989995360374451
lraa,7595,on,1056,1402,1,1,0.9995487332344055
lraa,7595,on,1057,2240,1,1,0.9987157583236694
lraa,7595,on,1058,2511,1,1,0.9984269142150879
lraa,7595,on,1059,1801,1,1,0.999045193195343
lraa,7595,on,1060,2794,0,0,0.00446838466450572
lraa,7595,on,1061,1856,1,1,0.997368335723877
lraa,7595,on,1062,745,0,0,0.0015487611526623368
lraa,7595,on,1063,877,1,1,0.9700134992599487
lraa,7595,on,1064,2036,1,1,0.9979493021965027
lraa,7595,on,1065,2144,1,1,0.9915544390678406
lraa,7595,on,1066,650,1,1,0.9979810118675232
lraa,7595,on,1067,995,0,0,0.0007321813027374446
lraa,7595,on,1068,1465,1,1,0.9984512329101562
lraa,7595,on,1069,1100,1,1,0.999208390712738
lraa,7595,on,1070,528,1,1,0.9996373653411865
lraa,7595,on,1071,144,0,0,0.0014550627674907446
lraa,7595,on,1072,428,0,0,0.001524786464869976
lraa,7595,on,1073,2781,1,1,0.999438464641571
lraa,7595,on,1074,610,1,0,0.037785764783620834
lraa,7595,on,1075,1505,0,1,0.8056321740150452
lraa,7595,on,1076,1792,1,0,0.2643583416938782
lraa,7595,on,1077,572,1,1,0.9916841983795166
lraa,7595,on,1078,1869,0,0,0.001700722612440586
lraa,7595,on,1079,558,1,1,0.9990745782852173
lraa,7595,on,1080,1540,1,1,0.9991704225540161
lraa,7595,on,1081,22,1,1,0.9980121850967407
lraa,7595,on,1082,925,0,0,0.005301894620060921
lraa,7595,on,1083,2534,1,1,0.9740919470787048
lraa,7595,on,1084,86,1,1,0.999045193195343
lraa,7595,on,1085,2236,1,1,0.9845753908157349
lraa,7595,on,1086,43,1,1,0.9605096578598022
lraa,7595,on,1087,2043,0,0,0.0018675659084692597
lraa,7595,on,1088,905,1,1,0.9985895752906799
lraa,7595,on,1089,551,0,0,0.004399413242936134
lraa,7595,on,1090,2534,1,1,0.9800149202346802
lraa,7595,on,1091,153,0,0,0.002889581024646759
lraa,7595,on,1092,1962,0,0,0.03321116790175438
lraa,7595,on,1093,951,0,1,0.9963500499725342
lraa,7595,on,1094,1469,1,1,0.9975274205207825
lraa,7595,on,1095,2920,1,1,0.9991440773010254
lraa,7595,on,1096,1770,1,1,0.998217761516571
lraa,7595,on,1097,2734,1,1,0.9937100410461426
lraa,7595,on,1098,2885,1,1,0.9972423315048218
lraa,7595,on,1099,2799,1,1,0.9959298968315125
lraa,7595,on,1100,2416,0,1,0.8633915781974792
lraa,7595,on,1101,1844,0,0,0.017358997836709023
lraa,7595,on,1102,1931,0,1,0.854884684085846
lraa,7595,on,1103,862,0,0,0.38861799240112305
lraa,7595,on,1104,1903,0,1,0.6169357895851135
lraa,7595,on,1105,2844,1,1,0.9705519676208496
lraa,7595,on,1106,2525,0,0,0.002981032943353057
lraa,7595,on,1107,2522,1,1,0.9879462122917175
lraa,7595,on,1108,2215,1,1,0.9818405508995056
lraa,7595,on,1109,2415,1,1,0.9987157583236694
lraa,7595,on,1110,2603,1,1,0.9992678761482239
lraa,7595,on,1111,959,0,1,0.9722043871879578
lraa,7595,on,1112,898,1,1,0.9995417594909668
lraa,7595,on,1113,1608,1,1,0.9994022846221924
lraa,7595,on,1114,677,1,1,0.9984269142150879
lraa,7595,on,1115,229,1,1,0.9994296431541443
lraa,7595,on,1116,2466,1,1,0.9993638396263123
lraa,7595,on,1117,2757,1,1,0.9979810118675232
lraa,7595,on,1118,1074,0,1,0.9970190525054932
lraa,7595,on,1119,2170,1,1,0.9990302324295044
lraa,7595,on,1120,2153,0,0,0.014117893762886524
lraa,7595,on,1121,165,0,1,0.9866748452186584
lraa,7595,on,1122,25,1,1,0.9980732202529907
lraa,7595,on,1123,355,1,1,0.997065007686615
lraa,7595,on,1124,1500,1,1,0.9950562715530396
lraa,7595,on,1125,1091,0,0,0.4263215959072113
lraa,7595,on,1126,1347,0,0,0.0031726830638945103
lraa,7595,on,1127,1215,1,1,0.999373733997345
lraa,7595,on,1128,2833,1,1,0.9976403713226318
lraa,7595,on,1129,90,1,1,0.9991169571876526
lraa,7595,on,1130,1404,1,0,0.005301894620060921
lraa,7595,on,1131,1512,1,0,0.01784873753786087
lraa,7595,on,1132,1600,0,1,0.9981897473335266
lraa,7595,on,1133,1251,1,1,0.993561863899231
lraa,7595,on,1134,807,0,0,0.0026316740550100803
lraa,7595,on,1135,921,1,1,0.9984752535820007
lraa,7595,on,1136,2432,1,1,0.9992903470993042
lraa,7595,on,1137,2177,1,1,0.9989350438117981
lraa,7595,on,1138,2424,1,1,0.9982993006706238
lraa,7595,on,1139,220,1,1,0.9992327690124512
lraa,7595,on,1140,952,1,1,0.9947391152381897
lraa,7595,on,1141,2371,0,0,0.0012644219677895308
lraa,7595,on,1142,1474,1,1,0.9989836812019348
lraa,7595,on,1143,126,1,1,0.9989836812019348
lraa,7595,on,1144,1952,1,1,0.9990149736404419
lraa,7595,on,1145,626,1,1,0.9378969073295593
lraa,7595,on,1146,811,0,0,0.0023596605751663446
lraa,7595,on,1147,1625,0,0,0.001098731067031622
lraa,7595,on,1148,2713,1,1,0.9974884986877441
lraa,7595,on,1149,2097,1,1,0.5467381477355957
lraa,7595,on,1150,2666,0,0,0.00712142838165164
lraa,7595,on,1151,2180,1,1,0.9988304972648621
lraa,7595,on,1152,2892,1,1,0.9954615235328674
lraa,7595,on,1153,2008,0,0,0.022977370768785477
lraa,7595,on,1154,2268,1,1,0.9933071732521057
lraa,7595,on,1155,138,1,1,0.999322772026062
lraa,7595,on,1156,2864,1,1,0.9987356066703796
lraa,7595,on,1157,2610,0,0,0.0018102108733728528
lraa,7595,on,1158,1804,1,1,0.9777165055274963
lraa,7595,on,1159,1588,1,1,0.9994296431541443
lraa,7595,on,1160,1095,0,1,0.9973061084747314
lraa,7595,on,1161,2852,1,1,0.998848557472229
lraa,7595,on,1162,2722,1,1,0.9995044469833374
lraa,7595,on,1163,2746,1,1,0.9950177073478699
lraa,7595,on,1164,1662,1,1,0.9980732202529907
lraa,7595,on,1165,2631,1,1,0.9989836812019348
lraa,7595,on,1166,2201,1,1,0.9993333220481873
lraa,7595,on,1167,1103,1,1,0.9970190525054932
lraa,7595,on,1168,1330,1,1,0.999373733997345
lraa,7595,on,1169,1546,1,1,0.9987157583236694
lraa,7595,on,1170,1324,1,1,0.9946568012237549
lraa,7595,on,1171,980,0,0,0.003324436955153942
lraa,7595,on,1172,1517,0,1,0.7577943801879883
lraa,7595,on,1173,2441,1,1,0.9991958737373352
lraa,7595,on,1174,1814,0,1,0.5156199336051941
lraa,7595,on,1175,418,1,1,0.9983256459236145
lraa,7595,on,1176,2108,1,1,0.9994471669197083
lraa,7595,on,1177,1511,0,1,0.9988120794296265
lraa,7595,on,1178,1742,1,1,0.9989515542984009
lraa,7595,on,1179,1942,1,1,0.9952448010444641
lraa,7595,on,1180,1897,1,0,0.27845296263694763
lraa,7595,on,1181,1858,1,1,0.9983256459236145
lraa,7595,on,1182,958,1,1,0.9967774748802185
lraa,7595,on,1183,1195,1,1,0.9984021782875061
lraa,7595,on,1184,1677,1,1,0.9990600943565369
lraa,7595,on,1185,1442,1,1,0.9964619278907776
lraa,7595,on,1186,1056,1,1,0.9966756105422974
lraa,7595,on,1187,438,0,0,0.003649987280368805
lraa,7595,on,1188,911,1,1,0.997368335723877
lraa,7595,on,1189,382,0,0,0.002590979216620326
lraa,7595,on,1190,537,0,0,0.0038844766095280647
lraa,7595,on,1191,2327,1,1,0.9961155652999878
lraa,7595,on,1192,379,1,0,0.06489011645317078
lraa,7595,on,1193,1263,1,1,0.9958011507987976
lraa,7595,on,1194,1163,1,1,0.9986749291419983
lraa,7595,on,1195,823,0,0,0.0028009270317852497
lraa,7595,on,1196,1658,1,1,0.997368335723877
lraa,7595,on,1197,477,1,1,0.9962345957756042
lraa,7595,on,1198,2090,1,1,0.9991169571876526
lraa,7595,on,1199,2191,1,1,0.9991832375526428
lraa,7595,on,1200,851,1,1,0.9184802770614624
lraa,7595,on,1201,2077,1,1,0.999045193195343
lraa,7595,on,1202,2051,1,1,0.9956005811691284
lraa,7595,on,1203,816,1,1,0.9781146049499512
lraa,7595,on,1204,1643,0,0,0.005060331895947456
lraa,7595,on,1205,2161,0,0,0.2002447247505188
lraa,7595,on,1206,2143,1,1,0.999595582485199
lraa,7595,on,1207,858,0,0,0.00877910852432251
lraa,7595,on,1208,1381,1,1,0.999312162399292
lraa,7595,on,1209,2334,1,1,0.9950177073478699
lraa,7595,on,1210,946,0,0,0.002082970691844821
lraa,7595,on,1211,2689,0,0,0.06427986174821854
lraa,7595,on,1212,920,0,1,0.9528819918632507
lraa,7595,on,1213,2331,1,1,0.9989515542984009
lraa,7595,on,1214,544,1,1,0.999480664730072
lraa,7595,on,1215,2632,1,1,0.9988840222358704
lraa,7595,on,1216,1776,1,1,0.9805806875228882
lraa,7595,on,1217,2820,1,1,0.9995761513710022
lraa,7595,on,1218,1027,0,0,0.358465313911438
lraa,7595,on,1219,1972,1,1,0.9914391040802002
lraa,7595,on,1220,1525,0,0,0.004905405919998884
lraa,7595,on,1221,1506,0,0,0.003324436955153942
lraa,7595,on,1222,1863,1,1,0.9994207620620728
lraa,7595,on,1223,2573,1,1,0.956308901309967
lraa,7595,on,1224,2065,1,1,0.937210738658905
lraa,7595,on,1225,2110,1,1,0.9960545301437378
lraa,7595,on,1226,301,0,0,0.0012644219677895308
lraa,7595,on,1227,130,1,1,0.9995891451835632
lraa,7595,on,1228,2022,0,1,0.9957020878791809
lraa,7595,on,1229,1413,1,1,0.9988120794296265
lraa,7595,on,1230,973,0,0,0.001957016997039318
lraa,7595,on,1231,1484,1,1,0.9977127313613892
lraa,7595,on,1232,23,1,1,0.9753196239471436
lraa,7595,on,1233,1092,0,1,0.8233283758163452
lraa,7595,on,1234,2163,0,0,0.003621685318648815
lraa,7595,on,1235,488,0,0,0.007695647422224283
lraa,7595,on,1236,2058,0,0,0.0010817153379321098
lraa,7595,on,1237,2374,0,0,0.000656372809316963
lraa,7595,on,1238,635,1,0,0.20094941556453705
lraa,7595,on,1239,429,0,1,0.7025300860404968
lraa,7595,on,1240,896,0,1,0.5832033753395081
lraa,7595,on,1241,2606,0,0,0.4035668969154358
lraa,7595,on,1242,18,1,1,0.9984021782875061
lraa,7595,on,1243,2658,0,0,0.0025509123224765062
lraa,7595,on,1244,1926,0,0,0.003376612439751625
lraa,7595,on,1245,739,1,1,0.9991573095321655
lraa,7595,on,1246,2447,1,1,0.9989677667617798
lraa,7595,on,1247,140,1,1,0.9964063763618469
lraa,7595,on,1248,2754,0,0,0.3285294473171234
lraa,7595,on,1249,1057,1,1,0.9994207620620728
lraa,7595,on,1250,2890,1,1,0.9957684278488159
lraa,7595,on,1251,2395,1,1,0.9994725584983826
lraa,7595,on,1252,838,1,1,0.9911527037620544
lraa,7595,on,1253,2100,0,0,0.0008693673880770802
lraa,7595,on,1254,2619,1,1,0.9985449314117432
lraa,7595,on,1255,2007,1,1,0.9989995360374451
lraa,7595,on,1256,1178,0,0,0.0007096704212017357
lraa,7595,on,1257,1003,0,0,0.40098387002944946
lraa,7595,on,1258,1214,1,1,0.9970190525054932
lraa,7595,on,1259,2933,1,1,0.9986955523490906
lraa,7595,on,1260,1137,0,0,0.0028009270317852497
lraa,7595,on,1261,2652,1,1,0.9961456060409546
lraa,7595,on,1262,1855,1,1,0.9975656270980835
lraa,7595,on,1263,385,1,1,0.997368335723877
lraa,7595,on,1264,474,0,0,0.0016484830994158983
lraa,7595,on,1265,1683,0,0,0.004231587518006563
lraa,7595,on,1266,2107,0,0,0.0011160143185406923
lraa,7595,on,1267,2900,1,0,0.03185885772109032
lraa,7595,on,1268,97,0,0,0.0011879054363816977
lraa,7595,on,1269,766,0,1,0.9945730566978455
lraa,7595,on,1270,124,0,0,0.020177319645881653
lraa,7595,on,1271,1262,1,1,0.999438464641571
lraa,7595,on,1272,1993,0,1,0.6959583163261414
lraa,7595,on,1273,2452,1,1,0.9977127313613892
lraa,7595,on,1274,830,0,0,0.0012255674228072166
lraa,7595,on,1275,67,0,0,0.004943688865751028
lraa,7595,on,1276,1322,1,1,0.998217761516571
lraa,7595,on,1277,267,1,1,0.9990302324295044
lraa,7595,on,1278,1613,1,0,0.0065388246439397335
lraa,7595,on,1279,2365,1,1,0.9967774748802185
lraa,7595,on,1280,2711,1,1,0.9989012479782104
lraa,7595,on,1281,54,0,0,0.0006667023408226669
lraa,7595,on,1282,1047,1,1,0.9637799859046936
lraa,7595,on,1283,1686,1,1,0.9994725584983826
lraa,7595,on,1284,1745,0,0,0.000755405577365309
lraa,7595,on,1285,546,0,0,0.003376612439751625
lraa,7595,on,1286,464,1,1,0.7991290092468262
lraa,7595,on,1287,2906,1,1,0.999480664730072
lraa,7595,on,1288,1129,0,0,0.0027576221618801355
lraa,7595,on,1289,396,0,0,0.03283695504069328
lraa,7595,on,1290,2581,1,0,0.01073516346514225
lraa,7595,on,1291,2542,1,1,0.9989995360374451
lraa,7595,on,1292,45,0,1,0.8617710471153259
lraa,7595,on,1293,2141,1,1,0.9959927201271057
lraa,7595,on,1294,60,1,1,0.9978172779083252
lraa,7595,on,1295,2183,1,1,0.9990600943565369
lraa,7595,on,1296,1037,0,1,0.8749346137046814
lraa,7595,on,1297,2931,1,1,0.9986749291419983
lraa,7595,on,1298,1752,1,1,0.997730553150177
lraa,7595,on,1299,1759,1,1,0.9983515739440918
lraa,7595,on,1300,2566,1,1,0.9270336627960205
lraa,7595,on,1301,926,1,1,0.9984021782875061
lraa,7595,on,1302,2753,0,0,0.0028009270317852497
lraa,7595,on,1303,260,0,0,0.0023967307060956955
lraa,7595,on,1304,1984,1,1,0.5287767648696899
lraa,7595,on,1305,1696,0,1,0.7721872925758362
lraa,7595,on,1306,1220,1,1,0.9993928670883179
lraa,7595,on,1307,2930,0,0,0.002889581024646759
lraa,7595,on,1308,1277,1,1,0.999373733997345
lraa,7595,on,1309,136,1,1,0.9993435740470886
lraa,7595,on,1310,1387,1,0,0.06903792917728424
lraa,7595,on,1311,2875,1,0,0.20946969091892242
lraa,7595,on,1312,1130,1,1,0.9976032376289368
lraa,7595,on,1313,912,1,1,0.9898303151130676
lraa,7595,on,1314,1919,1,1,0.9991832375526428
lraa,7595,on,1315,822,1,1,0.9981613755226135
lraa,7595,on,1316,350,0,0,0.0023231625091284513
lraa,7595,on,1317,2768,1,1,0.9984752535820007
lraa,7595,on,1318,435,0,0,0.0014550627674907446
lraa,7595,on,1319,1961,1,1,0.9991440773010254
lraa,7595,on,1320,613,1,1,0.999322772026062
lraa,7595,on,1321,344,1,1,0.9982725381851196
lraa,7595,on,1322,698,1,1,0.9996316432952881
lraa,7595,on,1323,2264,1,1,0.9978172779083252
lraa,7595,on,1324,1365,1,0,0.014063626527786255
lraa,7595,on,1325,1855,0,0,0.0032730645034462214
lraa,7595,on,1326,573,0,0,0.001957016997039318
lraa,7595,on,1327,1940,1,0,0.008187909610569477
lraa,7595,on,1328,82,0,0,0.0025509123224765062
lraa,7595,on,1329,498,1,1,0.9994115829467773
lraa,7595,on,1330,204,1,1,0.9994725584983826
lraa,7595,on,1331,1261,0,0,0.002217013156041503
lraa,7595,on,1332,1325,1,1,0.9996199607849121
lraa,7595,on,1333,1026,0,0,0.006589771248400211
lraa,7595,on,1334,1971,0,0,0.0019877743907272816
lraa,7595,on,1335,2113,1,1,0.987375020980835
lraa,7595,on,1336,191,1,0,0.05602938309311867
lraa,7595,on,1337,1969,1,1,0.6477982401847839
lraa,7595,on,1338,2601,1,1,0.9257014989852905
lraa,7595,on,1339,1803,1,1,0.9985449314117432
lraa,7595,on,1340,2534,1,0,0.4882833957672119
lraa,7595,on,1341,1241,0,0,0.0010649627074599266
lraa,7595,on,1342,1690,1,1,0.9979810118675232
lraa,7595,on,1343,1602,1,1,0.9264203310012817
lraa,7595,on,1344,2350,0,0,0.007107631769031286
lraa,7595,on,1345,1385,0,1,0.9884026646614075
lraa,7595,on,1346,73,1,1,0.9983515739440918
lraa,7595,on,1347,686,1,1,0.9992327690124512
lraa,7595,on,1348,432,1,1,0.9987744688987732
lraa,7595,on,1349,1668,1,1,0.9990890026092529
lraa,7595,on,1350,2202,0,0,0.0015731120947748423
lraa,7595,on,1351,380,1,1,0.9966756105422974
lraa,7595,on,1352,1527,1,1,0.9465966820716858
lraa,7595,on,1353,2642,0,0,0.004609572701156139
lraa,7595,on,1354,1718,1,0,0.42919009923934937
lraa,7595,on,1355,725,1,1,0.9991832375526428
lraa,7595,on,1356,1309,0,0,0.0005357805639505386
lraa,7595,on,1357,354,1,1,0.9986541271209717
lraa,7595,on,1358,1880,0,1,0.9763104915618896
lraa,7595,on,1359,1729,0,1,0.9437636137008667
lraa,7595,on,1360,2454,0,1,0.6531268954277039
lraa,7595,on,1361,2692,1,1,0.9965165853500366
lraa,7595,on,1362,218,1,1,0.9993333220481873
lraa,7595,on,1363,2449,0,0,0.008315779268741608
lraa,7595,on,1364,2237,0,0,0.0007096704212017357
lraa,7595,on,1365,2031,0,0,0.007937993854284286
lraa,7595,on,1366,1231,0,0,0.0032224839087575674
lraa,7595,on,1367,1986,1,1,0.9986114501953125
lraa,7595,on,1368,2508,0,0,0.0007321813027374446
lraa,7595,on,1369,249,1,1,0.9485372304916382
lraa,7595,on,1370,581,0,1,0.5426208972930908
lraa,7595,on,1371,373,1,0,0.0020190137438476086
lraa,7595,on,1372,1237,0,0,0.0008559006382711232
lraa,7595,on,1373,2092,1,1,0.9991832375526428
lraa,7595,on,1374,571,1,1,0.9976949095726013
lraa,7595,on,1375,1192,1,1,0.997368335723877
lraa,7595,on,1376,2140,1,1,0.9971771240234375
lraa,7595,on,1377,679,0,1,0.6584175229072571
lraa,7595,on,1378,312,1,1,0.9993333220481873
lraa,7595,on,1379,1205,1,1,0.9989836812019348
lraa,7595,on,1380,2299,1,1,0.9967268705368042
lraa,7595,on,1381,2387,0,0,0.46830424666404724
lraa,7595,on,1382,803,0,0,0.0027149852830916643
lraa,7595,on,1383,2548,1,1,0.7969253659248352
lraa,7595,on,1384,1716,0,0,0.004609572701156139
lraa,7595,on,1385,2126,1,1,0.9989012479782104
lraa,7595,on,1386,35,1,1,0.999322772026062
lraa,7595,on,1387,1086,0,1,0.9976032376289368
lraa,7595,on,1388,510,0,1,0.998245358467102
lraa,7595,on,1389,347,1,1,0.998848557472229
lraa,7595,on,1390,2922,0,0,0.36116471886634827
lraa,7595,on,1391,2182,0,0,0.011244560591876507
lraa,7595,on,1392,643,1,1,0.9990149736404419
lraa,7595,on,1393,1259,0,0,0.007815889082849026
lraa,7595,on,1394,2194,1,1,0.996570348739624
lraa,7595,on,1395,68,0,0,0.001560889300890267
lraa,7595,on,1396,1104,1,1,0.9994115829467773
lraa,7595,on,1397,549,1,1,0.9986749291419983
lraa,7595,on,1398,2715,1,0,0.08663207292556763
lraa,7595,on,1399,2552,0,0,0.18242551386356354
lraa,7595,on,1400,949,1,1,0.9978843331336975
lraa,7595,on,1401,2135,0,1,0.6627964973449707
lraa,7595,on,1402,459,0,0,0.0018102108733728528
lraa,7595,on,1403,441,0,0,0.005139611195772886
lraa,7595,on,1404,1404,1,0,0.005641908850520849
lraa,7595,on,1405,2792,0,0,0.019271135330200195
lraa,7595,on,1406,2639,1,1,0.999322772026062
lraa,7595,on,1407,1568,1,1,0.9964063763618469
lraa,7595,on,1408,1611,1,1,0.998245358467102
lraa,7595,on,1409,1589,1,1,0.9994022846221924
lraa,7595,on,1410,108,1,1,0.9879462122917175
lraa,7595,on,1411,2274,0,0,0.0012448433553799987
lraa,7595,on,1412,1903,1,0,0.08705801516771317
lraa,7595,on,1413,1156,1,1,0.9991958737373352
lraa,7595,on,1414,1217,1,1,0.9842759370803833
lraa,7595,on,1415,1840,0,0,0.0017546142917126417
lraa,7595,on,1416,1520,1,1,0.999220609664917
lraa,7595,on,1417,360,1,1,0.9991832375526428
lraa,7595,on,1418,2563,1,1,0.998217761516571
lraa,7595,on,1419,1308,1,1,0.999045193195343
lraa,7595,on,1420,624,1,1,0.9985674619674683
lraa,7595,on,1421,547,0,0,0.0032730645034462214
lraa,7595,on,1422,1443,0,1,0.8444089889526367
lraa,7595,on,1423,570,0,0,0.23686911165714264
lraa,7595,on,1424,151,1,1,0.9976032376289368
lraa,7595,on,1425,2665,1,1,0.9991169571876526
lraa,7595,on,1426,95,1,1,0.9953904151916504
lraa,7595,on,1427,214,0,0,0.002590979216620326
lraa,7595,on,1428,1727,1,1,0.9951702952384949
lraa,7595,on,1429,712,1,1,0.9988664388656616
lraa,7595,on,1430,759,0,0,0.002217013156041503
lraa,7595,on,1431,2360,1,1,0.9312752485275269
lraa,7595,on,1432,532,1,1,0.998793363571167
lraa,7595,on,1433,1048,1,1,0.9918121099472046
lraa,7595,on,1434,2520,1,1,0.621540904045105
lraa,7595,on,1435,100,0,0,0.0010005044750869274
lraa,7595,on,1436,2186,1,1,0.9956346154212952
lraa,7595,on,1437,2510,1,1,0.9741412401199341
lraa,7595,on,1438,685,0,0,0.0032730645034462214
lraa,7595,on,1439,2015,0,1,0.9898303151130676
lraa,7595,on,1440,2164,1,1,0.999438464641571
lraa,7595,on,1441,665,1,1,0.9989515542984009
lraa,7595,on,1442,433,0,0,0.001098731067031622
lraa,7595,on,1443,1195,1,1,0.9979493021965027
lraa,7595,on,1444,643,1,1,0.9991832375526428
lraa,7595,on,1445,1118,1,0,0.10697013884782791
lraa,7595,on,1446,1746,0,0,0.0018821859266608953
lraa,7595,on,1447,248,1,1,0.8941442370414734
lraa,7595,on,1448,1673,1,1,0.9963500499725342
lraa,7595,on,1449,415,0,0,0.002590979216620326
lraa,7595,on,1450,718,1,1,0.9975274205207825
lraa,7595,on,1451,2419,0,0,0.11676400899887085
lraa,7595,on,1452,908,1,1,0.9955315589904785
lraa,7595,on,1453,2475,0,0,0.0019877743907272816
lraa,7595,on,1454,421,1,1,0.9843363761901855
lraa,7595,on,1455,2459,0,0,0.005469274707138538
lraa,7595,on,1456,1256,0,0,0.0012644219677895308
lraa,7595,on,1457,792,0,0,0.004070138093084097
lraa,7595,on,1458,1352,1,1,0.9977127313613892
lraa,7595,on,1459,1166,0,0,0.044286541640758514
lraa,7595,on,1460,1426,0,0,0.0023967307060956955
lraa,7595,on,1461,1391,1,1,0.9992903470993042
lraa,7595,on,1462,2656,1,1,0.9992678761482239
lraa,7595,on,1463,1519,0,0,0.0010817153379321098
lraa,7595,on,1464,2208,1,1,0.9775429368019104
lraa,7595,on,1465,2703,1,1,0.9976403713226318
lraa,7595,on,1466,192,1,1,0.9961155652999878
lraa,7595,on,1467,216,0,0,0.0022518474142998457
lraa,7595,on,1468,1141,1,1,0.9987550973892212
lraa,7595,on,1469,1408,1,1,0.9992445707321167
lraa,7595,on,1470,2434,0,0,0.0024726232513785362
lraa,7595,on,1471,1288,0,0,0.0009399440023116767
lraa,7595,on,1472,225,1,1,0.9994296431541443
lraa,7595,on,1473,1489,1,1,0.9553191661834717
lraa,7595,on,1474,2206,0,1,0.5078118443489075
lraa,7595,on,1475,257,1,1,0.9991832375526428
lraa,7595,on,1476,1705,1,1,0.9994471669197083
lraa,7595,on,1477,2237,0,0,0.0006667023408226669
lraa,7595,on,1478,431,1,1,0.9987550973892212
lraa,7595,on,1479,156,1,1,0.9992563128471375
lraa,7595,on,1480,2575,1,1,0.9992792010307312
lraa,7595,on,1481,676,1,1,0.9780517220497131
lraa,7595,on,1482,1967,0,0,0.03488088771700859
lraa,7595,on,1483,697,1,1,0.8844391107559204
lraa,7595,on,1484,2425,1,1,0.995866060256958
lraa,7595,on,1485,1311,1,1,0.9899863600730896
lraa,7595,on,1486,1361,1,1,0.998245358467102
lraa,7595,on,1487,2801,1,0,0.001325022429227829
lraa,7595,on,1488,1204,1,1,0.9008791446685791
lraa,7595,on,1489,2072,0,0,0.01652955822646618
lraa,7595,on,1490,321,0,0,0.4493926465511322
lraa,7595,on,1491,1250,0,1,0.9488462209701538
lraa,7595,on,1492,1435,1,1,0.998848557472229
lraa,7595,on,1493,2740,1,0,0.0024343819823116064
lraa,7595,on,1494,2538,0,0,0.004867417272180319
lraa,7595,on,1495,1194,1,1,0.9991832375526428
lraa,7595,on,1496,2816,1,1,0.9994207620620728
lraa,7595,on,1497,180,1,1,0.9942250847816467
lraa,7595,on,1498,2901,1,1,0.9988120794296265
lraa,7595,on,1499,658,1,0,0.0007916296017356217
lraa,7595,on,1500,929,1,1,0.9969722032546997
lraa,7595,on,1501,2354,1,1,0.9995761513710022
lraa,7595,on,1502,1756,0,0,0.0020507434383034706
lraa,7595,on,1503,2791,0,0,0.001048469333909452
lraa,7595,on,1504,1597,1,1,0.9948603510856628
lraa,7595,on,1505,1763,1,1,0.9990600943565369
lraa,7595,on,1506,945,0,0,0.002082970691844821
lraa,7595,on,1507,813,0,1,0.9996373653411865
lraa,7595,on,1508,638,0,0,0.0011879054363816977
lraa,7595,on,1509,281,1,1,0.9977830052375793
lraa,7595,on,1510,1591,1,1,0.9912885427474976
lraa,7595,on,1511,964,1,1,0.9795114994049072
lraa,7595,on,1512,2388,1,1,0.9988304972648621
lraa,7595,on,1513,2595,1,0,0.41584742069244385
lraa,7595,on,1514,1920,0,1,0.9556514620780945
lraa,7595,on,1515,339,1,1,0.9995272159576416
lraa,7595,on,1516,2696,1,1,0.9965165853500366
lraa,7595,on,1517,2577,0,1,0.9736446738243103
lraa,7595,on,1518,1029,0,0,0.0006166296661831439
lraa,7595,on,1519,2037,1,1,0.9985449314117432
lraa,7595,on,1520,1017,0,1,0.9817357659339905
lraa,7595,on,1521,2718,1,1,0.9937100410461426
lraa,7595,on,1522,1153,0,0,0.009340024553239346
lraa,7595,on,1523,2230,0,0,0.0014103584690019488
lraa,7595,on,1524,688,1,1,0.9927109479904175
lraa,7595,on,1525,886,1,1,0.9987744688987732
lraa,7595,on,1526,1744,1,1,0.9986749291419983
lraa,7595,on,1527,1369,1,1,0.956308901309967
lraa,7595,on,1528,1614,1,1,0.9995272159576416
lraa,7595,on,1529,2187,1,1,0.9994115829467773
lraa,7595,on,1530,58,0,0,0.001151399570517242
lraa,7595,on,1531,308,1,1,0.8643104434013367
lraa,7595,on,1532,1748,0,0,0.17258979380130768
lraa,7595,on,1533,2763,0,1,0.9888418912887573
lraa,7595,on,1534,2431,0,0,0.005220125894993544
lraa,7595,on,1535,2571,1,1,0.9990600943565369
lraa,7595,on,1536,720,1,0,0.14463144540786743
lraa,7595,on,1537,1343,0,0,0.0011160143185406923
lraa,7595,on,1538,1195,1,1,0.9983515739440918
lraa,7595,on,1539,2604,1,1,0.9994207620620728
lraa,7595,on,1540,1556,1,1,0.8860265612602234
lraa,7595,on,1541,408,1,0,0.3415825068950653
lraa,7595,on,1542,274,1,1,0.9845753908157349
lraa,7595,on,1543,1395,0,0,0.006192990578711033
lraa,7595,on,1544,146,1,1,0.9919379353523254
lraa,7595,on,1545,333,1,1,0.998498797416687
lraa,7595,on,1546,657,0,0,0.017309095710515976
lraa,7595,on,1547,989,1,1,0.9989515542984009
lraa,7595,on,1548,2662,1,1,0.9988664388656616
lraa,7595,on,1549,702,0,0,0.003565736347809434
lraa,7595,on,1550,1015,0,0,0.0015011822106316686
lraa,7595,on,1551,422,1,1,0.9233161807060242
lraa,7595,on,1552,928,1,1,0.9931495785713196
lraa,7595,on,1553,2289,0,0,0.006097561679780483
lraa,7595,on,1554,2179,1,1,0.9991306662559509
lraa,7595,on,1555,1838,1,1,0.996570348739624
lraa,7595,on,1556,957,0,0,0.06233103945851326
lraa,7595,on,1557,2808,0,0,0.0037072531413286924
lraa,7595,on,1558,0,0,1,0.9917163252830505
lraa,7595,on,1559,1815,1,1,0.9994022846221924
lraa,7595,on,1560,258,1,1,0.9950177073478699
lraa,7595,on,1561,2300,1,0,0.12252321094274521
lraa,7595,on,1562,181,0,0,0.0501442514359951
lraa,7595,on,1563,2111,1,1,0.9993638396263123
lraa,7595,on,1564,1847,1,1,0.9968763589859009
lraa,7595,on,1565,1468,1,1,0.9961456060409546
lraa,7595,on,1566,2686,0,0,0.0008559006382711232
lraa,7595,on,1567,1730,1,1,0.531209409236908
lraa,7595,on,1568,2502,1,1,0.9980121850967407
lraa,7595,on,1569,2516,1,1,0.9981613755226135
lraa,7595,on,1570,92,0,0,0.002287227427586913
lraa,7595,on,1571,2265,0,0,0.011687257327139378
lraa,7595,on,1572,1190,0,0,0.02748069167137146
lraa,7595,on,1573,1077,1,1,0.9990745782852173
lraa,7595,on,1574,1956,0,1,0.9012274742126465
lraa,7595,on,1575,1034,1,1,0.9973269701004028
lraa,7595,on,1576,934,0,0,0.47268345952033997
lraa,7595,on,1577,93,1,1,0.9992792010307312
lraa,7595,on,1578,1886,1,1,0.9986749291419983
lraa,7595,on,1579,1682,0,0,0.06253110617399216
lraa,7595,on,1580,2843,1,1,0.9987550973892212
lraa,7595,on,1581,520,1,1,0.9984269142150879
lraa,7595,on,1582,2074,1,1,0.8311430811882019
lraa,7595,on,1583,2497,0,0,0.0011335689341649413
lraa,7595,on,1584,2905,1,1,0.9976769089698792
lraa,7595,on,1585,983,1,1,0.9994207620620728
lraa,7595,on,1586,1961,1,1,0.9969722032546997
lraa,7595,on,1587,1090,0,0,0.004264634568244219
lraa,7595,on,1588,2811,0,0,0.007695647422224283
lraa,7595,on,1589,2055,1,1,0.9919379353523254
lraa,7595,on,1590,669,1,1,0.9779150485992432
lraa,7595,on,1591,2062,1,1,0.9981030225753784
lraa,7595,on,1592,107,0,1,0.9976032376289368
lraa,7595,on,1593,2146,1,1,0.6740504503250122
lraa,7595,on,1594,2795,0,0,0.007695647422224283
lraa,7595,on,1595,221,1,1,0.9992678761482239
lraa,7595,on,1596,1082,1,1,0.7248703241348267
lraa,7595,on,1597,2306,0,0,0.11818140745162964
lraa,7595,on,1598,2391,0,1,0.5257341265678406
lraa,7595,on,1599,2083,1,1,0.9987356066703796
lraa,7595,on,1600,1302,1,1,0.9993928670883179
lraa,7595,on,1601,2897,1,1,0.9984269142150879
lraa,7595,on,1602,2547,0,1,0.9886682629585266
lraa,7595,on,1603,1772,0,0,0.008847354911267757
lraa,7595,on,1604,2333,0,0,0.023870835080742836
lraa,7595,on,1605,2648,1,1,0.9985895752906799
lraa,7595,on,1606,1524,1,1,0.9993013143539429
lraa,7595,on,1607,879,1,1,0.9995197057723999
lraa,7595,on,1608,2629,1,0,0.004609572701156139
lraa,7595,on,1609,2861,0,0,0.3775406777858734
lraa,7595,on,1610,1274,1,1,0.9990745782852173
lraa,7595,on,1611,2064,1,1,0.9985221028327942
lraa,7595,on,1612,847,0,0,0.0012065897462889552
lraa,7595,on,1613,1278,0,0,0.0005442132242023945
lraa,7595,on,1614,2228,1,1,0.998793363571167
lraa,7595,on,1615,2854,0,0,0.00307536986656487
lraa,7595,on,1616,2242,1,1,0.9991832375526428
lraa,7595,on,1617,1809,0,0,0.002217013156041503
lraa,7595,on,1618,2705,0,0,0.004755199886858463
lraa,7595,on,1619,177,1,1,0.9973269701004028
lraa,7595,on,1620,2917,0,0,0.007755536586046219
lraa,7595,on,1621,1141,1,1,0.9990890026092529
lraa,7595,on,1622,882,1,1,0.9985674619674683
lraa,7595,on,1623,316,1,1,0.9991573095321655
lraa,7595,on,1624,393,1,1,0.998848557472229
lraa,7595,on,1625,1850,1,1,0.9268352389335632
lraa,7595,on,1626,2923,0,0,0.010013571009039879
lraa,7595,on,1627,416,1,1,0.9986114501953125
lraa,7595,on,1628,1440,1,1,0.9992445707321167
lraa,7595,on,1629,2651,1,0,0.01065251138061285
lraa,7595,on,1630,1218,1,1,0.9992563128471375
lraa,7595,on,1631,410,1,1,0.9980429410934448
lraa,7595,on,1632,2925,1,1,0.7766229510307312
lraa,7595,on,1633,1242,1,1,0.9985449314117432
lraa,7595,on,1634,1035,1,1,0.99935382604599
lraa,7595,on,1635,2659,1,1,0.9970878958702087
lraa,7595,on,1636,72,1,1,0.9985674619674683
lraa,7595,on,1637,2338,1,1,0.9979493021965027
lraa,7595,on,1638,2359,0,0,0.0011335689341649413
lraa,7595,on,1639,1906,0,0,0.001098731067031622
lraa,7595,on,1640,663,1,1,0.9987356066703796
lraa,7595,on,1641,846,1,1,0.9977481961250305
lraa,7595,on,1642,1537,0,1,0.896975576877594
lraa,7595,on,1643,2890,1,1,0.999208390712738
lraa,7595,on,1644,1064,0,0,0.0012255674228072166
lraa,7595,on,1645,39,1,1,0.9984752535820007
lraa,7595,on,1646,397,1,1,0.9978510141372681
lraa,7595,on,1647,833,1,1,0.9990302324295044
lraa,7595,on,1648,2747,0,0,0.01540972851216793
lraa,7595,on,1649,1071,1,1,0.9976032376289368
lraa,7595,on,1650,1781,0,0,0.005730246659368277
lraa,7595,on,1651,485,1,1,0.9986114501953125
lraa,7595,on,1652,1445,0,0,0.004264634568244219
lraa,7595,on,1653,11,0,0,0.0013885233784094453
lraa,7595,on,1654,2935,0,0,0.0832919329404831
lraa,7595,on,1655,445,1,1,0.999312162399292
lraa,7595,on,1656,2624,0,0,0.0015011822106316686
lraa,7595,on,1657,2399,1,1,0.9978843331336975
lraa,7595,on,1658,2466,1,1,0.9991169571876526
lraa,7595,on,1659,1155,0,0,0.0008295891457237303
lraa,7595,on,1660,500,1,1,0.9875683188438416
lraa,7595,on,1661,1521,1,1,0.9798226952552795
lraa,7595,on,1662,903,1,1,0.9937587976455688
lraa,7595,on,1663,722,1,1,0.9994557499885559
lraa,7595,on,1664,296,1,1,0.9995121955871582
lraa,7595,on,1665,1817,1,1,0.9990890026092529
lraa,7595,on,1666,99,0,1,0.8778960704803467
lraa,7595,on,1667,1888,1,1,0.9975656270980835
lraa,7595,on,1668,2862,0,0,0.004231587518006563
lraa,7595,on,1669,302,0,0,0.0014325366355478764
lraa,7595,on,1670,1110,1,1,0.9480584859848022
lraa,7595,on,1671,2521,1,1,0.999208390712738
lraa,7595,on,1672,531,1,1,0.9991440773010254
lraa,7595,on,1673,2697,0,0,0.12168575078248978
lraa,7595,on,1674,790,0,0,0.001048469333909452
lraa,7595,on,1675,1518,0,0,0.0026730059180408716
lraa,7595,on,1676,1036,1,1,0.9992327690124512
lraa,7595,on,1677,2903,1,1,0.9985895752906799
lraa,7595,on,1678,690,1,1,0.9991832375526428
lraa,7595,on,1679,812,0,0,0.0018386653391644359
lraa,7595,on,1680,2101,1,1,0.9964893460273743
lraa,7595,on,1681,1382,1,1,0.9953904151916504
lraa,7595,on,1682,791,1,1,0.9980429410934448
lraa,7595,on,1683,2278,0,0,0.0008295891457237303
lraa,7595,on,1684,2704,0,1,0.7416740655899048
lraa,7595,on,1685,2328,0,0,0.37387582659721375
lraa,7595,on,1686,2094,0,0,0.0018102108733728528
lraa,7595,on,1687,2729,1,1,0.9942697286605835
lraa,7595,on,1688,876,1,1,0.9992445707321167
lraa,7595,on,1689,2677,1,1,0.9986114501953125
lraa,7595,on,1690,790,0,0,0.000552778597921133
lraa,7595,on,1691,424,0,0,0.04193052276968956
lraa,7595,on,1692,317,1,1,0.9763104915618896
lraa,7595,on,1693,2229,1,1,0.9974884986877441
lraa,7595,on,1694,2855,1,1,0.9991704225540161
lraa,7595,on,1695,1372,1,1,0.9991030693054199
lraa,7595,on,1696,1924,1,1,0.999208390712738
lraa,7595,on,1697,2358,0,1,0.722527027130127
lraa,7595,on,1698,1337,0,0,0.0012644219677895308
lraa,7595,on,1699,344,1,1,0.9992445707321167
lraa,7595,on,1700,2173,1,1,0.9967774748802185
lraa,7595,on,1701,1108,0,0,0.0018969200318679214
lraa,7595,on,1702,1063,1,1,0.9995121955871582
lraa,7595,on,1703,2695,1,0,0.007577240467071533
lraa,7595,on,1704,61,1,1,0.9161096215248108
lraa,7595,on,1705,2004,1,0,0.43782350420951843
lraa,7595,on,1706,2528,1,0,0.04493164271116257
lraa,7595,on,1707,2832,0,0,0.0014325366355478764
lraa,7595,on,1708,1315,0,0,0.14608724415302277
lraa,7595,on,1709,1254,1,1,0.9969722032546997
lraa,7595,on,1710,1570,0,1,0.9993435740470886
lraa,7595,on,1711,578,0,0,0.0031974867451936007
lraa,7595,on,1712,2063,0,1,0.6113819479942322
lraa,7595,on,1713,16,1,1,0.9929881691932678
lraa,7595,on,1714,2246,0,0,0.017442483454942703
lraa,7595,on,1715,2823,0,0,0.0009110512328334153
lraa,7595,on,1716,456,1,1,0.9996316432952881
lraa,7595,on,1717,1122,0,0,0.0026522597763687372
lraa,7595,on,1718,831,0,0,0.0023967307060956955
lraa,7595,on,1719,2156,1,1,0.9990149736404419
lraa,7595,on,1720,1702,1,1,0.9986955523490906
lraa,7595,on,1721,314,1,1,0.9984512329101562
lraa,7595,on,1722,195,0,0,0.0025114635936915874
lraa,7595,on,1723,1936,1,1,0.9995044469833374
lraa,7595,on,1724,870,1,1,0.998217761516571
lraa,7595,on,1725,2343,0,1,0.9987356066703796
lraa,7595,on,1726,272,1,1,0.9951702952384949
lraa,7595,on,1727,2251,1,1,0.9980732202529907
lraa,7595,on,1728,2021,1,1,0.8783142566680908
lraa,7595,on,1729,1491,1,1,0.9987744688987732
lraa,7595,on,1730,283,1,1,0.9953904151916504
lraa,7595,on,1731,2916,1,1,0.9955315589904785
lraa,7595,on,1732,1152,1,0,0.45519861578941345
lraa,7595,on,1733,1797,1,1,0.9974090456962585
lraa,7595,on,1734,2496,1,1,0.9973269701004028
lraa,7595,on,1735,1200,0,0,0.06008664518594742
lraa,7595,on,1736,1157,1,1,0.9966233968734741
lraa,7595,on,1737,1561,1,1,0.9995891451835632
lraa,7595,on,1738,513,0,0,0.00446838466450572
lraa,7595,on,1739,6,1,1,0.9985895752906799
lraa,7595,on,1740,2119,1,1,0.9993833303451538
lraa,7595,on,1741,2627,1,1,0.9989677667617798
lraa,7595,on,1742,1615,0,0,0.018689308315515518
lraa,7595,on,1743,1127,1,1,0.9986114501953125
lraa,7595,on,1744,2612,0,1,0.7074047327041626
lraa,7595,on,1745,848,0,0,0.0023967307060956955
lraa,7595,on,1746,2654,1,0,0.3567827641963959
lraa,7595,on,1747,2683,0,0,0.0027576221618801355
lraa,7595,on,1748,430,1,1,0.9961155652999878
lraa,7595,on,1749,592,0,0,0.0034834244288504124
lraa,7595,on,1750,1083,0,0,0.0013885233784094453
lraa,7595,on,1751,2682,1,1,0.9987744688987732
lraa,7595,on,1752,139,0,0,0.0019877743907272816
lraa,7595,on,1753,2560,1,1,0.9984512329101562
lraa,7595,on,1754,1581,1,1,0.9971990585327148
lraa,7595,on,1755,884,1,1,0.9986749291419983
lraa,7595,on,1756,1109,1,1,0.9969722032546997
lraa,7595,on,1757,2599,1,1,0.8056321740150452
lraa,7595,on,1758,649,1,1,0.9985221028327942
lraa,7595,on,1759,1355,1,1,0.9465966820716858
lraa,7595,on,1760,1371,1,1,0.9973269701004028
lraa,7595,on,1761,2188,1,1,0.9991306662559509
lraa,7595,on,1762,390,1,0,0.03085050918161869
lraa,7595,on,1763,1590,1,1,0.999373733997345
lraa,7595,on,1764,1173,1,0,0.06465348601341248
lraa,7595,on,1765,517,1,1,0.9989677667617798
lraa,7595,on,1766,1646,1,1,0.9984752535820007
lraa,7595,on,1767,2664,0,0,0.0011160143185406923
lraa,7595,on,1768,1703,1,1,0.9981897473335266
lraa,7595,on,1769,2655,1,1,0.9989677667617798
lraa,7595,on,1770,261,1,1,0.9934611320495605
lraa,7595,on,1771,907,1,1,0.9929060935974121
lraa,7595,on,1772,1101,1,1,0.9950946569442749
lraa,7595,on,1773,298,1,1,0.998217761516571
lraa,7595,on,1774,2854,0,0,0.004331502132117748
lraa,7595,on,1775,2319,0,0,0.0006986756925471127
lraa,7595,on,1776,2787,1,1,0.9970190525054932
lraa,7595,on,1777,2019,0,0,0.0009850083151832223
lraa,7595,on,1778,2623,0,0,0.000954731716774404
lraa,7595,on,1779,2551,1,1,0.9802808165550232
lraa,7595,on,1780,1414,1,1,0.9995694756507874
lraa,7595,on,1781,320,0,0,0.244723841547966
lraa,7595,on,1782,824,1,1,0.9863631129264832
lraa,7595,on,1783,2825,0,0,0.0008559006382711232
lraa,7595,on,1784,2223,1,1,0.9952448010444641
lraa,7595,on,1785,841,1,1,0.9992903470993042
lraa,7595,on,1786,1567,1,1,0.999595582485199
lraa,7595,on,1787,265,1,0,0.12168575078248978
lraa,7595,on,1788,548,0,1,0.8629302382469177
lraa,7595,on,1789,684,0,0,0.001098731067031622
lraa,7595,on,1790,1992,0,0,0.0017546142917126417
lraa,7595,on,1791,735,1,1,0.9976403713226318
lraa,7595,on,1792,2118,1,1,0.999208390712738
lraa,7595,on,1793,872,1,1,0.9986955523490906
lraa,7595,on,1794,689,1,1,0.9933071732521057
lraa,7595,on,1795,1827,0,0,0.0045384312979876995
lraa,7595,on,1796,189,0,1,0.998498797416687
lraa,7595,on,1797,2837,1,1,0.9992678761482239
lraa,7595,on,1798,402,1,1,0.9975274205207825
lraa,7595,on,1799,2138,1,1,0.9621075391769409
lraa,7595,on,1800,326,1,1,0.9991030693054199
lraa,7595,on,1801,2200,1,1,0.9989515542984009
lraa,7595,on,1802,1800,1,1,0.9996259212493896
lraa,7595,on,1803,318,1,1,0.9835337996482849
lraa,7595,on,1804,1950,0,0,0.003945406526327133
lraa,7595,on,1805,1975,0,0,0.0021157036535441875
lraa,7595,on,1806,65,0,0,0.0014325366355478764
lraa,7595,on,1807,2524,1,1,0.9991958737373352
lraa,7595,on,1808,1162,1,1,0.9989012479782104
lraa,7595,on,1809,94,0,0,0.0014103584690019488
lraa,7595,on,1810,567,1,1,0.9988664388656616
lraa,7595,on,1811,2907,1,1,0.9938070178031921
lraa,7595,on,1812,1838,1,1,0.9994296431541443
lraa,7595,on,1813,2398,0,0,0.0015487611526623368
lraa,7595,on,1814,1542,1,1,0.9989012479782104
lraa,7595,on,1815,1883,0,0,0.003649987280368805
lraa,7595,on,1816,2014,1,1,0.9994471669197083
lraa,7595,on,1817,2011,1,1,0.9994115829467773
lraa,7595,on,1818,1353,0,0,0.024798160418868065
lraa,7595,on,1819,640,1,1,0.9992327690124512
lraa,7595,on,1820,1495,1,1,0.9475268721580505
lraa,7595,on,1821,1418,1,0,0.08151975274085999
lraa,7595,on,1822,2675,1,0,0.21535073220729828
lraa,7595,on,1823,1868,1,0,0.004264634568244219
lraa,7595,on,1824,481,0,0,0.01428193412721157
lraa,7595,on,1825,394,1,1,0.9891397356987
lraa,7595,on,1826,2771,0,0,0.043042849749326706
lraa,7595,on,1827,842,0,1,0.9924813508987427
lraa,7595,on,1828,489,1,1,0.9989677667617798
lraa,7595,on,1829,1999,1,1,0.9987157583236694
lraa,7595,on,1830,1245,1,1,0.9993435740470886
lraa,7595,on,1831,187,0,0,0.002981032943353057
lraa,7595,on,1832,1126,1,1,0.9976032376289368
lraa,7595,on,1833,1416,1,1,0.9645892381668091
lraa,7595,on,1834,2203,1,1,0.9783847332000732
lraa,7595,on,1835,2207,1,1,0.9992445707321167
lraa,7595,on,1836,1939,0,0,0.1629120409488678
lraa,7595,on,1837,1852,1,1,0.9973269701004028
lraa,7595,on,1838,1020,1,1,0.9920002222061157
lraa,7595,on,1839,2543,0,0,0.001524786464869976
lraa,7595,on,1840,398,1,1,0.998793363571167
lraa,7595,on,1841,213,0,0,0.04535257816314697
lraa,7595,on,1842,2213,1,0,0.0007321813027374446
lraa,7595,on,1843,777,1,1,0.9967268705368042
lraa,7595,on,1844,2691,1,1,0.998498797416687
lraa,7595,on,1845,2804,1,1,0.9976032376289368
lraa,7595,on,1846,1663,0,0,0.0011879054363816977
lraa,7595,on,1847,1300,1,1,0.9942697286605835
lraa,7595,on,1848,268,1,1,0.9946980476379395
lraa,7595,on,1849,1292,0,0,0.0037654137704521418
lraa,7595,on,1850,961,0,1,0.9990149736404419
lraa,7595,on,1851,2663,1,1,0.9455001950263977
lraa,7595,on,1852,681,1,1,0.9981030225753784
lraa,7595,on,1853,242,0,0,0.029760094359517097
lraa,7595,on,1854,2476,0,1,0.9814534187316895
lraa,7595,on,1855,1915,1,1,0.5592900514602661
lraa,7595,on,1856,630,0,0,0.02592034637928009
lraa,7595,on,1857,2899,1,1,0.99935382604599
lraa,7595,on,1858,1290,0,0,0.005554925184696913
lraa,7595,on,1859,2608,0,0,0.007317397743463516
lraa,7595,on,1860,2805,1,1,0.9928231239318848
lraa,7595,on,1861,270,0,0,0.0020190137438476086
lraa,7595,on,1862,2634,0,0,0.05623634159564972
lraa,7595,on,1863,2827,1,0,0.0010817153379321098
lraa,7595,on,1864,674,1,1,0.9890553951263428
lraa,7595,on,1865,1884,1,1,0.9985895752906799
lraa,7595,on,1866,1380,0,0,0.004609572701156139
lraa,7595,on,1867,1498,1,1,0.9975274205207825
lraa,7595,on,1868,2889,1,1,0.9987356066703796
lraa,7595,on,1869,1291,1,1,0.9981030225753784
lraa,7595,on,1870,2515,0,0,0.007232763338834047
lraa,7595,on,1871,828,1,0,0.14070481061935425
lraa,7595,on,1872,1210,1,0,0.004645557142794132
lraa,7595,on,1873,15,1,0,0.2727987766265869
lraa,7595,on,1874,2222,1,1,0.9954967498779297
lraa,7595,on,1875,2154,0,0,0.00307536986656487
lraa,7595,on,1876,2773,0,0,0.20946969091892242
lraa,7595,on,1877,576,1,1,0.9979810118675232
lraa,7595,on,1878,228,1,1,0.9983769655227661
lraa,7595,on,1879,2894,1,1,0.9973269701004028
lraa,7595,on,1880,1486,1,1,0.9976032376289368
lraa,7595,on,1881,878,0,0,0.0009697519126348197
lraa,7595,on,1882,1574,0,0,0.060418423265218735
lraa,7595,on,1883,964,0,0,0.04760265722870827
lraa,7595,on,1884,1006,1,1,0.9988840222358704
lraa,7595,on,1885,2826,1,1,0.9970878958702087
lraa,7595,on,1886,1890,0,0,0.0016743994783610106
lraa,7595,on,1887,2687,1,1,0.9991030693054199
lraa,7595,on,1888,608,1,0,0.22815649211406708
lraa,7595,on,1889,1246,1,1,0.9995694756507874
lraa,7595,on,1890,779,1,1,0.9981613755226135
lraa,7595,on,1891,1912,0,0,0.002217013156041503
lraa,7595,on,1892,449,1,1,0.9667260646820068
lraa,7595,on,1893,1431,0,0,0.14866411685943604
lraa,7595,on,1894,395,1,0,0.007815889082849026
lraa,7595,on,1895,1149,0,0,0.0030994152184575796
lraa,7595,on,1896,346,1,1,0.997065007686615
lraa,7595,on,1897,893,1,1,0.9930961728096008
lraa,7595,on,1898,1630,1,1,0.9995417594909668
lraa,7595,on,1899,749,0,1,0.9890975952148438
lraa,7595,on,1900,1338,0,0,0.006003595422953367
lraa,7595,on,1901,1945,1,1,0.9987157583236694
lraa,7595,on,1902,1209,0,0,0.0023231625091284513
lraa,7595,on,1903,2830,1,1,0.9981613755226135
lraa,7595,on,1904,2740,0,0,0.002590979216620326
lraa,7595,on,1905,303,0,0,0.0009253848693333566
lraa,7595,on,1906,289,1,1,0.9804313778877258
lraa,7595,on,1907,1111,0,0,0.0007916296017356217
lraa,7595,on,1908,738,1,1,0.9995417594909668
lraa,7595,on,1909,1415,1,1,0.9984752535820007
lraa,7595,on,1910,2519,0,0,0.003649987280368805
lraa,7595,on,1911,2709,0,0,0.0014325366355478764
lraa,7595,on,1912,734,1,1,0.9991169571876526
lraa,7595,on,1913,2744,1,1,0.9977830052375793
lraa,7595,on,1914,2422,0,0,0.00851130299270153
lraa,7595,on,1915,2817,1,1,0.9993928670883179
lraa,7595,on,1916,159,0,0,0.004331502132117748
lraa,7595,on,1917,286,1,1,0.5656586289405823
lraa,7595,on,1918,2205,1,1,0.9989012479782104
lraa,7595,on,1919,1530,1,1,0.9991030693054199
lraa,7595,on,1920,98,1,1,0.998217761516571
lraa,7595,on,1921,964,1,1,0.9868786931037903
lraa,7595,on,1922,361,1,1,0.9974090456962585
lraa,7595,on,1923,1579,1,0,0.016850080341100693
lraa,7595,on,1924,2484,0,0,0.4139508903026581
lraa,7595,on,1925,342,0,1,0.5087881684303284
lraa,7595,on,1926,2761,1,1,0.9995417594909668
lraa,7595,on,1927,357,1,1,0.9978510141372681
lraa,7595,on,1928,2005,1,1,0.9978510141372681
lraa,7595,on,1929,1406,1,1,0.99935382604599
lraa,7595,on,1930,2710,1,1,0.9956685304641724
lraa,7595,on,1931,1143,0,0,0.0014325366355478764
lraa,7595,on,1932,691,0,0,0.0010817153379321098
lraa,7595,on,1933,240,1,1,0.9992792010307312
lraa,7595,on,1934,254,1,1,0.999322772026062
lraa,7595,on,1935,1169,1,1,0.9995197057723999
lraa,7595,on,1936,1997,1,1,0.9948603510856628
lraa,7595,on,1937,395,0,0,0.037326883524656296
lraa,7595,on,1938,2929,0,0,0.008445627987384796
lraa,7595,on,1939,1577,0,0,0.0013458605390042067
lraa,7595,on,1940,2732,0,0,0.0017274586716666818
lraa,7595,on,1941,87,1,1,0.9974290728569031
lraa,7595,on,1942,2279,0,0,0.0022518474142998457
lraa,7595,on,1943,1470,1,1,0.9977481961250305
lraa,7595,on,1944,21,0,0,0.0025114635936915874
lraa,7595,on,1945,1998,0,0,0.001098731067031622
lraa,7595,on,1946,1224,0,0,0.41111084818840027
lraa,7595,on,1947,2678,1,1,0.9910145401954651
lraa,7595,on,1948,2318,0,0,0.30985844135284424
lraa,7595,on,1949,672,0,1,0.9986114501953125
lraa,7595,on,1950,1893,0,0,0.0023967307060956955
lraa,7595,on,1951,787,1,0,0.3345894515514374
lraa,7595,on,1952,1710,1,1,0.9967268705368042
lraa,7595,on,1953,1229,0,0,0.03258974477648735
lraa,7595,on,1954,2524,1,1,0.9992445707321167
lraa,7595,on,1955,278,0,0,0.0009850083151832223
lraa,7595,on,1956,673,0,0,0.0007208380266092718
lraa,7595,on,1957,2122,0,0,0.00985985528677702
lraa,7595,on,1958,1368,1,1,0.9932025074958801
lraa,7595,on,1959,2070,0,0,0.29098084568977356
lraa,7595,on,1960,1243,1,1,0.9979169964790344
lraa,7595,on,1961,2056,0,0,0.004007288720458746
lraa,7595,on,1962,717,1,1,0.9031234383583069
lraa,7595,on,1963,1538,1,1,0.9831499457359314
lraa,7595,on,1964,2044,1,1,0.9987550973892212
lraa,7595,on,1965,1632,0,1,0.9974884986877441
lraa,7595,on,1966,1080,1,1,0.9319595694541931
lraa,7595,on,1967,2155,1,0,0.3363310396671295
lraa,7595,on,1968,1004,0,1,0.9994557499885559
lraa,7595,on,1969,2351,1,1,0.9985449314117432
lraa,7595,on,1970,714,0,0,0.0015487611526623368
lraa,7595,on,1971,400,0,0,0.24508501589298248
lraa,7595,on,1972,1260,1,1,0.999312162399292
lraa,7595,on,1973,2458,0,0,0.006192990578711033
lraa,7595,on,1974,1960,1,1,0.9970878958702087
lraa,7595,on,1975,1140,1,1,0.9971990585327148
lraa,7595,on,1976,1056,0,0,0.0005884087877348065
lraa,7595,on,1977,2423,1,1,0.9911527037620544
lraa,7595,on,1978,1120,1,1,0.9978843331336975
lraa,7595,on,1979,188,1,1,0.9992792010307312
lraa,7595,on,1980,1388,0,0,0.0015487611526623368
lraa,7595,on,1981,1164,0,0,0.0031236486975103617
lraa,7595,on,1982,806,1,1,0.9980732202529907
lraa,7595,on,1983,2190,1,1,0.99935382604599
lraa,7595,on,1984,2074,1,0,0.1200256273150444
lraa,7595,on,1985,487,0,0,0.0018675659084692597
lraa,7595,on,1986,199,0,0,0.05399884283542633
lraa,7595,on,1987,2234,1,1,0.9987550973892212
lraa,7595,on,1988,1093,1,1,0.8031737804412842
lraa,7595,on,1989,2324,1,1,0.9993638396263123
lraa,7595,on,1990,1175,0,0,0.0009850083151832223
lraa,7595,on,1991,659,1,1,0.9989182949066162
lraa,7595,on,1992,1948,0,0,0.0006878511630930007
lraa,7595,on,1993,2209,1,1,0.999438464641571
lraa,7595,on,1994,1605,1,1,0.9956005811691284
lraa,7595,on,1995,2749,0,0,0.0028449094388633966
lraa,7595,on,1996,1493,1,1,0.9994557499885559
lraa,7595,on,1997,1165,0,0,0.001957016997039318
lraa,7595,on,1998,1622,1,1,0.9987356066703796
lraa,7595,on,1999,2028,0,0,0.24077460169792175
lraa,7595,on,2000,62,0,0,0.004681822843849659
lraa,7595,on,2001,871,1,1,0.9967268705368042
lraa,7595,on,2002,632,1,1,0.9991169571876526
lraa,7595,on,2003,372,1,1,0.9992327690124512
lraa,7595,on,2004,2308,0,0,0.003649987280368805
lraa,7595,on,2005,1791,1,1,0.9986749291419983
lraa,7595,on,2006,599,1,1,0.9990890026092529
lraa,7595,on,2007,2815,1,1,0.9973477125167847
lraa,7595,on,2008,2701,0,0,0.005301894620060921
lraa,7595,on,2009,238,1,1,0.9987356066703796
lraa,7595,on,2010,1008,0,0,0.004399413242936134
lraa,7595,on,2011,2151,1,1,0.9979493021965027
lraa,7595,on,2012,894,1,1,0.9977830052375793
lraa,7595,on,2013,1535,1,1,0.9979169964790344
lraa,7595,on,2014,2305,1,1,0.9951702952384949
lraa,7595,on,2015,1848,0,1,0.9801293015480042
lraa,7595,on,2016,963,1,1,0.9994022846221924
lraa,7595,on,2017,2772,1,1,0.9977830052375793
lraa,7595,on,2018,1275,1,1,0.999373733997345
lraa,7595,on,2019,190,1,1,0.9994557499885559
lraa,7595,on,2020,1961,1,1,0.9988664388656616
lraa,7595,on,2021,719,0,0,0.0014103584690019488
lraa,7595,on,2022,1895,0,0,0.0015731120947748423
lraa,7595,on,2023,2491,0,0,0.02779562398791313
lraa,7595,on,2024,1334,0,0,0.0037654137704521418
lraa,7595,on,2025,1011,1,1,0.9992445707321167
lraa,7595,on,2026,2743,0,0,0.00048029725439846516
lraa,7595,on,2027,205,1,1,0.9996316432952881
lraa,7595,on,2028,1891,1,1,0.995866060256958
lraa,7595,on,2029,2272,1,1,0.9975844621658325
lraa,7595,on,2030,255,1,0,0.20946969091892242
lraa,7595,on,2031,1830,1,1,0.9989677667617798
lraa,7595,on,2032,120,0,0,0.0030994152184575796
lraa,7595,on,2033,2312,1,1,0.999464213848114
lraa,7595,on,2034,1634,1,1,0.9992327690124512
lraa,7595,on,2035,590,1,1,0.999562680721283
lraa,7595,on,2036,2786,1,1,0.9994207620620728
lraa,7595,on,2037,2116,1,1,0.9909447431564331
lraa,7595,on,2038,1481,1,0,0.0010649627074599266
lraa,7595,on,2039,1119,1,1,0.9953904151916504
lraa,7595,on,2040,671,1,1,0.999220609664917
lraa,7595,on,2041,2749,0,0,0.0031236486975103617
lraa,7595,on,2042,1864,1,0,0.23231014609336853
lraa,7595,on,2043,600,0,0,0.0021157036535441875
lraa,7595,on,2044,169,1,1,0.9974491000175476
lraa,7595,on,2045,1115,0,0,0.00130450667347759
lraa,7595,on,2046,2737,1,1,0.9951325058937073
lraa,7595,on,2047,2813,1,1,0.9976769089698792
lraa,7595,on,2048,601,1,1,0.9988840222358704
lraa,7595,on,2049,104,1,1,0.8856314420700073
lraa,7595,on,2050,2887,0,0,0.006850480102002621
lraa,7595,on,2051,1606,1,1,0.999208390712738
lraa,7595,on,2052,645,0,1,0.9933071732521057
lraa,7595,on,2053,117,1,1,0.9975656270980835
lraa,7595,on,2054,1171,1,1,0.9985449314117432
lraa,7595,on,2055,1529,1,1,0.9981470108032227
lraa,7595,on,2056,927,0,0,0.0010322310263291001
lraa,7595,on,2057,471,1,1,0.9984021782875061
lraa,7595,on,2058,1248,1,0,0.46976351737976074
lraa,7595,on,2059,680,0,0,0.003376612439751625
lraa,7595,on,2060,1196,0,0,0.008847354911267757
lraa,7595,on,2061,1751,0,0,0.0028449094388633966
lraa,7595,on,2062,2727,1,1,0.9993638396263123
lraa,7595,on,2063,2362,0,0,0.4484263062477112
lraa,7595,on,2064,1591,1,1,0.9940890073776245
lraa,7595,on,2065,2002,1,1,0.9980121850967407
lraa,7595,on,2066,531,1,1,0.9989677667617798
lraa,7595,on,2067,167,1,1,0.9986749291419983
lraa,7595,on,2068,1719,1,1,0.6808785796165466
lraa,7595,on,2069,2814,0,0,0.0031726830638945103
lraa,7595,on,2070,53,1,1,0.9992903470993042
lraa,7595,on,2071,2283,0,0,0.0015011822106316686
lraa,7595,on,2072,2474,0,0,0.0009253848693333566
lraa,7595,on,2073,2490,0,1,0.6150878667831421
lraa,7595,on,2074,2302,1,1,0.9815951585769653
lraa,7595,on,2075,478,0,0,0.0034834244288504124
lraa,7595,on,2076,2402,1,0,0.31489264965057373
lraa,7595,on,2077,1447,0,1,0.9905874133110046
lraa,7595,on,2078,2412,1,1,0.9991958737373352
lraa,7595,on,2079,1786,1,0,0.07850097864866257
lraa,7595,on,2080,2463,1,0,0.15152934193611145
lraa,7595,on,2081,41,1,1,0.9994296431541443
lraa,7595,on,2082,2669,1,1,0.9761291742324829
lraa,7595,on,2083,2046,0,1,0.6352224349975586
lraa,7595,on,2084,832,1,1,0.9983256459236145
lraa,7595,on,2085,607,0,0,0.0013458605390042067
lraa,7595,on,2086,2295,0,0,0.0011335689341649413
lraa,7595,on,2087,88,0,0,0.004264634568244219
lraa,7595,on,2088,2517,0,0,0.0017546142917126417
lraa,7595,on,2089,2509,1,1,0.9981897473335266
lraa,7595,on,2090,1306,0,1,0.9046505093574524
lraa,7595,on,2091,2075,1,1,0.9969485402107239
lraa,7595,on,2092,967,1,1,0.9893474578857422
lraa,7595,on,2093,2363,0,1,0.9956005811691284
lraa,7595,on,2094,152,1,1,0.9990302324295044
lraa,7595,on,2095,10,0,0,0.0018969200318679214
lraa,7595,on,2096,1619,1,1,0.967348575592041
lraa,7595,on,2097,1541,1,1,0.9874721169471741
lraa,7595,on,2098,1749,1,1,0.9986114501953125
lraa,7595,on,2099,2797,1,1,0.9946150183677673
lraa,7595,on,2100,2841,1,1,0.9991440773010254
lraa,7595,on,2101,1562,1,1,0.9993833303451538
lraa,7595,on,2102,829,0,0,0.022977370768785477
lraa,7595,on,2103,1734,0,1,0.9635062217712402
lraa,7595,on,2104,1725,1,0,0.037397127598524094
lraa,7595,on,2105,1961,1,1,0.9986749291419983
lraa,7595,on,2106,2469,1,1,0.9964063763618469
lraa,7595,on,2107,2468,0,0,0.0021157036535441875
lraa,7595,on,2108,875,0,0,0.0025509123224765062
lraa,7595,on,2109,1910,1,1,0.998793363571167
lraa,7595,on,2110,730,1,1,0.9993013143539429
lraa,7595,on,2111,231,1,1,0.9976032376289368
lraa,7595,on,2112,1808,0,1,0.6727617979049683
lraa,7595,on,2113,849,1,1,0.999595582485199
lraa,7595,on,2114,1793,0,0,0.010902373120188713
lraa,7595,on,2115,2165,0,0,0.04954301565885544
lraa,7595,on,2116,2657,1,1,0.9989182949066162
lraa,7595,on,2117,1271,1,1,0.709019124507904
lraa,7595,on,2118,276,1,1,0.9991306662559509
lraa,7595,on,2119,2881,0,1,0.7851439118385315
lraa,7595,on,2120,1142,0,0,0.0019267346942797303
lraa,7595,on,2121,2303,1,1,0.9986749291419983
lraa,7595,on,2122,2452,1,1,0.9971550703048706
lraa,7595,on,2123,782,0,1,0.7348812818527222
lraa,7595,on,2124,574,1,1,0.9884026646614075
lraa,7595,on,2125,546,1,1,0.9990890026092529
lraa,7595,on,2126,970,1,0,0.4804786741733551
lraa,7595,on,2127,2650,0,0,0.0005976693355478346
lraa,7595,on,2128,74,1,1,0.999464213848114
lraa,7595,on,2129,103,1,1,0.999208390712738
lraa,7595,on,2130,2728,0,0,0.0035936026833951473
lraa,7595,on,2131,1911,0,0,0.0010322310263291001
lraa,7595,on,2132,2293,1,1,0.9993013143539429
lraa,7595,on,2133,2559,1,1,0.9993013143539429
lraa,7595,on,2134,234,1,1,0.9983769655227661
lraa,7595,on,2135,2572,1,1,0.9990745782852173
lraa,7595,on,2136,83,0,0,0.0026730059180408716
lraa,7595,on,2137,861,1,1,0.9982725381851196
lraa,7595,on,2138,333,0,0,0.0007672925130464137
lraa,7595,on,2139,1444,1,1,0.999220609664917
lraa,7595,on,2140,2032,1,1,0.9988840222358704
lraa,7595,on,2141,1992,0,0,0.003324436955153942
lraa,7595,on,2142,2455,1,1,0.9989182949066162
lraa,7595,on,2143,627,0,0,0.0006986756925471127
lraa,7595,on,2144,2824,0,0,0.008187909610569477
lraa,7595,on,2145,2452,1,1,0.9975274205207825
lraa,7595,on,2146,930,0,0,0.0035936026833951473
lraa,7595,on,2147,1335,0,0,0.0018243828089907765
lraa,7595,on,2148,1595,1,1,0.9986541271209717
lraa,7595,on,2149,2158,0,1,0.9973061084747314
lraa,7595,on,2150,1117,0,0,0.0031726830638945103
lraa,7595,on,2151,748,1,0,0.023509450256824493
lraa,7595,on,2152,17,1,1,0.9971550703048706
lraa,7595,on,2153,29,1,1,0.9922143816947937
lraa,7595,on,2154,1202,1,1,0.9971990585327148
lraa,7595,on,2155,1823,0,0,0.020177319645881653
lraa,7595,on,2156,733,1,1,0.996292769908905
lraa,7595,on,2157,553,0,0,0.003456409787759185
lraa,7595,on,2158,726,1,0,0.001782196224667132
lraa,7595,on,2159,2435,1,1,0.9987157583236694
lraa,7595,on,2160,2488,0,0,0.012920473702251911
lraa,7595,on,2161,2549,0,0,0.007149101700633764
lraa,7595,on,2162,318,1,1,0.9987157583236694
lraa,7595,on,2163,515,1,1,0.9991832375526428
lraa,7595,on,2164,2176,0,0,0.001957016997039318
lraa,7595,on,2165,2681,1,0,0.4814538359642029
lraa,7595,on,2166,1583,1,1,0.9968024492263794
lraa,7595,on,2167,389,0,0,0.03210070729255676
lraa,7595,on,2168,446,0,0,0.0120537793263793
lraa,7595,on,2169,1908,0,0,0.0008559006382711232
lraa,7595,on,2170,1195,0,0,0.007232763338834047
lraa,7595,on,2171,2107,0,1,0.989591658115387
lraa,7595,on,2172,1700,1,1,0.9965165853500366
lraa,7595,on,2173,286,0,0,0.0013885233784094453
lraa,7595,on,2174,1148,0,0,0.10856641829013824
lraa,7595,on,2175,1153,0,0,0.0035936026833951473
lraa,7595,on,2176,2375,0,0,0.0006166296661831439
lraa,7595,on,2177,590,1,1,0.999555766582489
lraa,7595,on,2178,1225,0,0,0.0037072531413286924
lraa,7595,on,2179,2725,0,0,0.0011695101857185364
lraa,7595,on,2180,440,1,1,0.9990600943565369
lraa,7595,on,2181,1188,1,1,0.9992563128471375
lraa,7595,on,2182,392,1,1,0.9990149736404419
lraa,7595,on,2183,479,0,0,0.0024726232513785362
lraa,7595,on,2184,1907,0,0,0.11274654418230057
lraa,7595,on,2185,1197,1,0,0.08694165199995041
lraa,7595,on,2186,1157,1,1,0.9983769655227661
lraa,7595,on,2187,1592,1,1,0.9983256459236145
lraa,7595,on,2188,1014,1,1,0.9994022846221924
lraa,7595,on,2189,885,1,1,0.998217761516571
lraa,7595,on,2190,936,1,1,0.999312162399292
lraa,7595,on,2191,1323,0,0,0.004133968148380518
lraa,7595,on,2192,1450,1,1,0.9989995360374451
lraa,7595,on,2193,1618,1,1,0.9983256459236145
lraa,7595,on,2194,2394,1,1,0.999312162399292
lraa,7595,on,2195,2636,0,0,0.19436782598495483
lraa,7595,on,2196,2105,1,1,0.9991832375526428
lraa,7595,on,2197,1810,0,0,0.0027576221618801355
lraa,7595,on,2198,1434,1,1,0.9995417594909668
lraa,7595,on,2199,774,0,0,0.0009399440023116767
lraa,7595,on,2200,909,1,1,0.9991169571876526
lraa,7595,on,2201,977,1,1,0.999312162399292
lraa,7595,on,2202,1386,0,0,0.00391482375562191
lraa,7595,on,2203,2567,1,1,0.9319595694541931
lraa,7595,on,2204,365,0,0,0.0009850083151832223
lraa,7595,on,2205,1332,0,0,0.027272667735815048
lraa,7595,on,2206,2220,1,1,0.9986114501953125
lraa,7595,on,2207,1189,1,1,0.9937100410461426
lraa,7595,on,2208,329,0,1,0.5136684775352478
lraa,7595,on,2209,1828,1,1,0.9980732202529907
lraa,7595,on,2210,1995,0,1,0.7386690378189087
lraa,7595,on,2211,427,1,1,0.9992792010307312
lraa,7595,on,2212,606,1,1,0.9921233057975769
lraa,7595,on,2213,965,1,1,0.9989515542984009
lraa,7595,on,2214,2596,0,0,0.01141961570829153
lraa,7595,on,2215,976,1,1,0.9944451451301575
lraa,7595,on,2216,2778,0,0,0.04099902883172035
lraa,7595,on,2217,323,0,0,0.0032730645034462214
lraa,7595,on,2218,106,1,1,0.9991030693054199
lraa,7595,on,2219,2605,0,0,0.003945406526327133
lraa,7595,on,2220,169,1,1,0.9991169571876526
lraa,7595,on,2221,1452,0,0,0.007176882121711969
lraa,7595,on,2222,1232,1,1,0.9994887113571167
lraa,7595,on,2223,2780,0,0,0.037467509508132935
lraa,7595,on,2224,64,1,1,0.9990302324295044
lraa,7595,on,2225,2546,1,1,0.9984512329101562
lraa,7595,on,2226,2332,1,1,0.9991958737373352
lraa,7595,on,2227,566,0,0,0.0018675659084692597
lraa,7595,on,2228,2594,1,1,0.9984021782875061
lraa,7595,on,2229,527,1,1,0.9981613755226135
lraa,7595,on,2230,589,1,1,0.9992563128471375
lraa,7595,on,2231,2670,0,0,0.0013885233784094453
lraa,7595,on,2232,1294,0,1,0.9869669079780579
lraa,7595,on,2233,1996,0,0,0.0031236486975103617
lraa,7595,on,2234,765,1,1,0.9983515739440918
lraa,7595,on,2235,212,0,1,0.9925393462181091
lraa,7595,on,2236,2617,0,0,0.007577240467071533
lraa,7595,on,2237,1158,1,1,0.9992678761482239
lraa,7595,on,2238,1586,1,1,0.6334102749824524
lraa,7595,on,2239,1765,1,1,0.9991440773010254
lraa,7595,on,2240,2150,0,0,0.0014779429184272885
lraa,7595,on,2241,453,1,1,0.9949983358383179
lraa,7595,on,2242,2249,0,0,0.0009850083151832223
lraa,7595,on,2243,2769,1,1,0.998217761516571
lraa,7595,on,2244,709,1,1,0.9993833303451538
lraa,7595,on,2245,2554,0,0,0.0022518474142998457
lraa,7595,on,2246,17,1,1,0.9775429368019104
lraa,7595,on,2247,2238,1,1,0.998217761516571
lraa,7595,on,2248,397,1,1,0.998498797416687
lraa,7595,on,2249,2865,1,1,0.9992327690124512
lraa,7595,on,2250,1954,1,1,0.9974090456962585
lraa,7595,on,2251,1610,0,0,0.0015487611526623368
lraa,7595,on,2252,56,1,1,0.9993013143539429
lraa,7595,on,2253,585,1,1,0.9933071732521057
lraa,7595,on,2254,1982,1,1,0.9891605973243713
lraa,7595,on,2255,1099,1,1,0.9968273043632507
lraa,7595,on,2256,1071,1,1,0.9974090456962585
lraa,7595,on,2257,1989,1,1,0.9980429410934448
lraa,7595,on,2258,1773,0,0,0.004198795184493065
lraa,7595,on,2259,773,1,1,0.9971990585327148
lraa,7595,on,2260,996,1,1,0.9968024492263794
lraa,7595,on,2261,1818,0,0,0.0007321813027374446
lraa,7595,on,2262,752,0,0,0.005469274707138538
lraa,7595,on,2263,2258,1,1,0.9916841983795166
lraa,7595,on,2264,367,0,0,0.0018386653391644359
lraa,7595,on,2265,826,0,0,0.0014779429184272885
lraa,7595,on,2266,580,1,1,0.9985674619674683
lraa,7595,on,2267,1741,0,0,0.0037362207658588886
lraa,7595,on,2268,2353,1,1,0.998217761516571
lraa,7595,on,2269,2123,1,1,0.9974491000175476
lraa,7595,on,2270,1788,1,1,0.9923638105392456
lraa,7595,on,2271,2539,1,1,0.9977127313613892
lraa,7595,on,2272,604,0,0,0.004007288720458746
lraa,7595,on,2273,1028,0,0,0.004645557142794132
lraa,7595,on,2274,2853,1,1,0.9981030225753784
lraa,7595,on,2275,1073,0,0,0.0034296035300940275
lraa,7595,on,2276,2550,0,0,0.000816738058347255
lraa,7595,on,2277,173,0,0,0.001151399570517242
lraa,7595,on,2278,2591,1,1,0.9916195869445801
lraa,7595,on,2279,1554,1,0,0.0015731120947748423
lraa,7595,on,2280,40,0,0,0.01815951243042946
lraa,7595,on,2281,1715,0,0,0.008644177578389645
lraa,7595,on,2282,1438,0,0,0.0012065897462889552
lraa,7595,on,2283,2373,0,0,0.0016484830994158983
lraa,7595,on,2284,424,1,1,0.7057850360870361
lraa,7595,on,2285,2138,1,1,0.9953181147575378
lraa,7595,on,2286,1820,1,1,0.9992903470993042
lraa,7595,on,2287,2483,1,1,0.9381240010261536
lraa,7595,on,2288,1477,0,0,0.0028009270317852497
lraa,7595,on,2289,631,0,0,0.004681822843849659
lraa,7595,on,2290,298,1,1,0.998217761516571
lraa,7595,on,2291,2369,0,0,0.05541279539465904
lraa,7595,on,2292,14,1,1,0.9991573095321655
lraa,7595,on,2293,1621,1,1,0.9992792010307312
lraa,7595,on,2294,1040,1,0,0.001782196224667132
lraa,7595,on,2295,1478,1,1,0.969613254070282
lraa,7595,on,2296,1241,0,0,0.0007208380266092718
lraa,7595,on,2297,561,1,1,0.999220609664917
lraa,7595,on,2298,1653,1,1,0.9976403713226318
lraa,7595,on,2299,2066,0,0,0.004231587518006563
lraa,7595,on,2300,49,0,0,0.0017274586716666818
lraa,7595,on,2301,345,1,1,0.6095241904258728
lraa,7595,on,2302,888,1,1,0.998498797416687
lraa,7595,on,2303,390,1,0,0.05165378749370575
lraa,7595,on,2304,1302,1,1,0.9943581223487854
lraa,7595,on,2305,1305,1,1,0.9957352876663208
lraa,7595,on,2306,2765,1,1,0.9980732202529907
lraa,7595,on,2307,197,0,0,0.005139611195772886
lraa,7595,on,2308,670,0,0,0.012920473702251911
lraa,7595,on,2309,629,0,0,0.0007096704212017357
lraa,7595,on,2310,782,0,1,0.5234203934669495
lraa,7595,on,2311,2356,0,0,0.023689471185207367
lraa,7595,on,2312,2609,1,1,0.9983256459236145
lraa,7595,on,2313,2142,1,1,0.9994022846221924
lraa,7595,on,2314,1636,1,1,0.9987356066703796
lraa,7595,on,2315,1390,1,1,0.9962638020515442
lraa,7595,on,2316,2755,0,0,0.0010162439430132508
lraa,7595,on,2317,637,0,0,0.19132769107818604
lraa,7595,on,2318,1928,1,1,0.9979169964790344
lraa,7595,on,2319,1219,0,0,0.0025509123224765062
lraa,7595,on,2320,196,0,0,0.0006462032906711102
lraa,7595,on,2321,183,0,0,0.001367025775834918
lraa,7595,on,2322,540,0,0,0.012624949216842651
lraa,7595,on,2323,1698,1,0,0.03567855432629585
lraa,7595,on,2324,2856,1,1,0.9982993006706238
lraa,7595,on,2325,2638,1,1,0.9896718263626099
lraa,7595,on,2326,44,1,1,0.9963500499725342
lraa,7595,on,2327,575,0,0,0.008315779268741608
lraa,7595,on,2328,1316,0,0,0.0010649627074599266
lraa,7595,on,2329,692,1,1,0.9815951585769653
lraa,7595,on,2330,781,1,1,0.9985895752906799
lraa,7595,on,2331,2661,0,0,0.0010322310263291001
lraa,7595,on,2332,2611,1,1,0.9988304972648621
lraa,7595,on,2333,2505,0,1,0.9981897473335266
lraa,7595,on,2334,415,0,0,0.0027149852830916643
lraa,7595,on,2335,2858,1,1,0.9990149736404419
lraa,7595,on,2336,1259,0,0,0.00877910852432251
lraa,7595,on,2337,2464,1,0,0.17831110954284668
lraa,7595,on,2338,1287,0,0,0.004609572701156139
lraa,7595,on,2339,2733,0,0,0.0012255674228072166
lraa,7595,on,2340,2874,1,1,0.9992445707321167
lraa,7595,on,2341,2782,0,0,0.0020190137438476086
lraa,7595,on,2342,1000,0,0,0.002590979216620326
lraa,7595,on,2343,2137,1,1,0.9989182949066162
lraa,7595,on,2344,710,1,1,0.999220609664917
lraa,7595,on,2345,1958,0,1,0.9820137619972229
lraa,7595,on,2346,2762,1,1,0.999438464641571
lraa,7595,on,2347,47,1,1,0.9092645049095154
lraa,7595,on,2348,315,1,1,0.9972423315048218
lraa,7595,on,2349,902,0,1,0.7981867790222168
lraa,7595,on,2350,2807,1,1,0.9994115829467773
lraa,7595,on,2351,2267,1,1,0.9983515739440918
lraa,7595,on,2352,1089,0,0,0.0034834244288504124
lraa,7595,on,2353,1049,0,1,0.8489722013473511
lraa,7595,on,2354,1943,0,0,0.02145073190331459
lraa,7595,on,2355,330,1,1,0.9989515542984009
lraa,7595,on,2356,2721,1,1,0.9783847332000732
lraa,7595,on,2357,1987,1,1,0.9932550191879272
lraa,7595,on,2358,1388,1,1,0.9977830052375793
lraa,7595,on,2359,1930,0,0,0.0007096704212017357
lraa,7595,on,2360,182,1,1,0.9982993006706238
lraa,7595,on,2361,2927,0,0,0.0007208380266092718
lraa,7595,on,2362,2112,0,0,0.0010817153379321098
lraa,7595,on,2363,2653,0,0,0.03890198469161987
lraa,7595,on,2364,1433,1,1,0.9992563128471375
lraa,7595,on,2365,76,1,1,0.9995272159576416
lraa,7595,on,2366,239,1,1,0.9976032376289368
lraa,7595,on,2367,400,0,0,0.1431877166032791
lraa,7595,on,2368,2852,1,1,0.9989677667617798
lraa,7595,on,2369,2800,1,1,0.9994207620620728
lraa,7595,on,2370,2452,1,1,0.9972423315048218
lraa,7595,on,2371,993,1,1,0.9979810118675232
lraa,7595,on,2372,19,1,1,0.9967268705368042
lraa,7595,on,2373,1712,1,0,0.008187909610569477
lraa,7595,on,2374,1471,1,1,0.9987157583236694
lraa,7595,on,2375,2386,1,1,0.9923638105392456
lraa,7595,on,2376,2160,1,1,0.9753900170326233
lraa,7595,on,2377,1199,1,1,0.999373733997345
lraa,7595,on,2378,291,1,1,0.999208390712738
lraa,7595,on,2379,1912,0,0,0.003649987280368805
lraa,7595,on,2380,501,1,1,0.9992678761482239
lraa,7595,on,2381,256,1,0,0.04084571823477745
lraa,7595,on,2382,1855,1,0,0.03185885772109032
lraa,7595,on,2383,755,0,0,0.07423136383295059
lraa,7595,on,2384,1439,1,1,0.9927672147750854
lraa,7595,on,2385,2099,0,0,0.0028009270317852497
lraa,7595,on,2386,1851,1,1,0.9996017813682556
lraa,7595,on,2387,2329,0,0,0.012821214273571968
lraa,7595,on,2388,1896,1,1,0.998217761516571
lraa,7595,on,2389,1266,0,1,0.804405927658081
lraa,7595,on,2390,2102,0,0,0.05070536211133003
lraa,7595,on,2391,134,1,1,0.999045193195343
lraa,7595,on,2392,2812,1,1,0.999555766582489
lraa,7595,on,2393,2293,1,1,0.9992327690124512
lraa,7595,on,2394,1760,1,1,0.9985674619674683
lraa,7595,on,2395,525,1,1,0.8322367072105408
lraa,7595,on,2396,1223,1,1,0.9992792010307312
lraa,7595,on,2397,2570,1,1,0.997285008430481
lraa,7595,on,2398,2803,1,1,0.9983769655227661
lraa,7595,on,2399,2411,1,1,0.9989677667617798
lraa,7595,on,2400,910,0,1,0.9978677034378052
lraa,7595,on,2401,155,1,1,0.9974884986877441
lraa,7595,on,2402,703,0,0,0.011777843348681927
lraa,7595,on,2403,274,1,1,0.9881765246391296
lraa,7595,on,2404,413,1,0,0.05582313984632492
lraa,7595,on,2405,280,1,1,0.7424216866493225
lraa,7595,on,2406,300,1,1,0.9927672147750854
lraa,7595,on,2407,206,1,1,0.9658995866775513
lraa,7595,on,2408,534,1,1,0.998217761516571
lraa,7595,on,2409,269,1,1,0.7577943801879883
lraa,7595,on,2410,808,1,1,0.9987744688987732
lraa,7595,on,2411,1319,0,0,0.03481519594788551
lraa,7595,on,2412,1247,0,1,0.9985221028327942
lraa,7595,on,2413,1593,1,1,0.9942250847816467
lraa,7595,on,2414,747,0,0,0.0031480705365538597
lraa,7595,on,2415,2821,1,0,0.10856641829013824
lraa,7595,on,2416,2195,1,1,0.9987550973892212
lraa,7595,on,2417,2936,0,0,0.0844927579164505
lraa,7595,on,2418,852,1,1,0.9995827078819275
lraa,7595,on,2419,2038,1,1,0.9953181147575378
lraa,7595,on,2420,612,0,0,0.0021157036535441875
lraa,7595,on,2421,1794,1,1,0.9984269142150879
lraa,7595,on,2422,1531,1,1,0.5888891220092773
lraa,7595,on,2423,2501,1,1,0.9995272159576416
lraa,7595,on,2424,2059,1,1,0.9951325058937073
lraa,7595,on,2425,116,0,0,0.029201293364167213
lraa,7595,on,2426,1376,1,1,0.9877586960792542
lraa,7595,on,2427,145,1,1,0.998793363571167
lraa,7595,on,2428,1833,1,1,0.9927672147750854
lraa,7595,on,2429,679,1,1,0.9956685304641724
lraa,7595,on,2430,162,0,0,0.003678509034216404
lraa,7595,on,2431,172,1,1,0.9984269142150879
lraa,7595,on,2432,1584,0,0,0.001048469333909452
lraa,7595,on,2433,975,0,0,0.0009850083151832223
lraa,7595,on,2434,874,1,1,0.9953904151916504
lraa,7595,on,2435,434,0,0,0.025371313095092773
lraa,7595,on,2436,63,1,1,0.9994471669197083
lraa,7595,on,2437,1227,1,1,0.9991169571876526
lraa,7595,on,2438,984,0,0,0.12896330654621124
lraa,7595,on,2439,794,0,0,0.0029349515680223703
lraa,7595,on,2440,1043,0,1,0.9675332307815552
lraa,7595,on,2441,1097,0,0,0.0006462032906711102
lraa,7595,on,2442,753,1,1,0.9973269701004028
lraa,7595,on,2443,105,0,0,0.0008969393093138933
lraa,7595,on,2444,655,0,0,0.006192990578711033
lraa,7595,on,2445,338,1,1,0.9986114501953125
lraa,7595,on,2446,119,0,0,0.005865338258445263
lraa,7595,on,2447,593,0,0,0.001325022429227829
lraa,7595,on,2448,937,1,1,0.998793363571167
lraa,7595,on,2449,2770,0,0,0.0023967307060956955
lraa,7595,on,2450,805,1,1,0.9577545523643494
lraa,7595,on,2451,1253,1,1,0.9991030693054199
lraa,7595,on,2452,2298,0,0,0.09467770159244537
lraa,7595,on,2453,933,1,1,0.9986955523490906
lraa,7595,on,2454,1655,0,1,0.7956580519676208
lraa,7595,on,2455,2638,1,1,0.9927672147750854
lraa,7595,on,2456,658,0,0,0.0006070755189284682
lraa,7595,on,2457,542,1,1,0.5583269596099854
lraa,7595,on,2458,219,1,1,0.999373733997345
lraa,7595,on,2459,2349,1,0,0.0378924235701561
lraa,7595,on,2460,1533,0,0,0.004007288720458746
lraa,7595,on,2461,2842,1,1,0.9974491000175476
lraa,7595,on,2462,2050,0,0,0.01400956604629755
lraa,7595,on,2463,1492,1,1,0.9989836812019348
lraa,7595,on,2464,2555,1,1,0.5506073832511902
lraa,7595,on,2465,194,1,1,0.9775429368019104
lraa,7595,on,2466,1783,1,1,0.9988304972648621
lraa,7595,on,2467,110,1,1,0.999220609664917
lraa,7595,on,2468,1340,1,0,0.006641112733632326
lraa,7595,on,2469,2297,0,1,0.9967013001441956
lraa,7595,on,2470,33,0,1,0.8694931268692017
lraa,7595,on,2471,307,1,0,0.38676345348358154
lraa,7595,on,2472,1964,1,0,0.06052938848733902
lraa,7595,on,2473,2667,0,1,0.5234203934669495
lraa,7595,on,2474,2714,0,0,0.023419944569468498
lraa,7595,on,2475,1624,1,1,0.9988840222358704
lraa,7595,on,2476,1067,1,1,0.9989836812019348
lraa,7595,on,2477,2364,0,0,0.027066176757216454
lraa,7595,on,2478,1627,0,0,0.001367025775834918
lraa,7595,on,2479,1795,1,1,0.9927672147750854
lraa,7595,on,2480,1966,1,1,0.9984021782875061
lraa,7595,on,2481,2928,1,1,0.999438464641571
lraa,7595,on,2482,2819,1,1,0.9961456060409546
lraa,7595,on,2483,38,0,0,0.00130450667347759
lraa,7595,on,2484,340,1,1,0.99935382604599
lraa,7595,on,2485,1339,1,1,0.9988120794296265
lraa,7595,on,2486,2049,1,1,0.9980121850967407
lraa,7595,on,2487,46,1,1,0.9992792010307312
lraa,7595,on,2488,2723,1,1,0.9992445707321167
lraa,7595,on,2489,1241,1,1,0.9992903470993042
lraa,7595,on,2490,716,1,0,0.011687257327139378
lraa,7595,on,2491,2533,0,1,0.9989515542984009
lraa,7595,on,2492,881,1,1,0.999208390712738
lraa,7595,on,2493,230,1,1,0.9956685304641724
lraa,7595,on,2494,1539,1,1,0.9993013143539429
lraa,7595,on,2495,2375,0,0,0.0006361911655403674
lraa,7595,on,2496,1544,1,1,0.9989677667617798
lraa,7595,on,2497,1865,1,1,0.9995044469833374
lraa,7595,on,2498,2017,0,0,0.001622966956347227
lraa,7595,on,2499,2091,0,0,0.0009850083151832223
lraa,7595,on,2500,2404,1,1,0.9992327690124512
lraa,7595,on,2501,834,1,1,0.9987157583236694
lraa,7595,on,2502,492,0,0,0.0011695101857185364
lraa,7595,on,2503,2613,0,0,0.0032730645034462214
lraa,7595,on,2504,2541,0,0,0.006797531619668007
lraa,7595,on,2505,166,0,0,0.13139598071575165
lraa,7595,on,2506,2593,0,0,0.00214894930832088
lraa,7595,on,2507,2280,0,0,0.0030278353951871395
lraa,7595,on,2508,287,1,1,0.9893062710762024
lraa,7595,on,2509,318,1,1,0.9979493021965027
lraa,7595,on,2510,1784,1,1,0.9975656270980835
lraa,7595,on,2511,77,0,0,0.007937993854284286
lraa,7595,on,2512,251,1,1,0.9989995360374451
lraa,7595,on,2513,1283,1,1,0.999312162399292
lraa,7595,on,2514,2485,1,1,0.999312162399292
lraa,7595,on,2515,687,0,0,0.13117322325706482
lraa,7595,on,2516,1098,0,0,0.002269468503072858
lraa,7595,on,2517,2589,1,1,0.9994557499885559
lraa,7595,on,2518,371,0,0,0.0018102108733728528
lraa,7595,on,2519,1394,1,1,0.9953181147575378
lraa,7595,on,2520,247,0,0,0.024053553119301796
lraa,7595,on,2521,762,0,0,0.0009399440023116767
lraa,7595,on,2522,1785,1,1,0.9910145401954651
lraa,7595,on,2523,2537,0,0,0.0006462032906711102
lraa,7595,on,2524,922,1,1,0.9991704225540161
lraa,7595,on,2525,1181,1,1,0.9979169964790344
lraa,7595,on,2526,237,0,0,0.43014732003211975
lraa,7595,on,2527,2549,0,0,0.007876706309616566
lraa,7595,on,2528,374,0,0,0.0032224839087575674
lraa,7595,on,2529,564,1,1,0.9980732202529907
lraa,7595,on,2530,621,0,1,0.9967774748802185
lraa,7595,on,2531,1107,1,0,0.3720487952232361
lraa,7595,on,2532,2628,1,1,0.9989836812019348
lraa,7595,on,2533,1272,0,0,0.3172147274017334
lraa,7595,on,2534,2377,1,0,0.1276526302099228
lraa,7595,on,2535,1467,0,0,0.0014779429184272885
lraa,7595,on,2536,551,0,0,0.007636216469109058
lraa,7595,on,2537,2068,0,0,0.0019267346942797303
lraa,7595,on,2538,664,0,0,0.00130450667347759
lraa,7595,on,2539,2453,0,0,0.0014550627674907446
lraa,7595,on,2540,1753,0,0,0.0012644219677895308
lraa,7595,on,2541,1772,0,0,0.0007321813027374446
lraa,7595,on,2542,507,1,1,0.998848557472229
lraa,7595,on,2543,335,1,1,0.9983256459236145
lraa,7595,on,2544,149,1,1,0.9992445707321167
lraa,7595,on,2545,1709,1,1,0.9959927201271057
lraa,7595,on,2546,1708,1,1,0.9830850958824158
lraa,7595,on,2547,1206,0,0,0.001661390531808138
lraa,7595,on,2548,1454,0,0,0.001622966956347227
lraa,7595,on,2549,2840,1,1,0.9314625263214111
lraa,7595,on,2550,334,1,1,0.9994557499885559
lraa,7595,on,2551,1313,1,1,0.9986541271209717
lraa,7595,on,2552,2075,1,1,0.9965435862541199
lraa,7595,on,2553,2241,0,0,0.006241259630769491
lraa,7595,on,2554,810,0,0,0.08663207292556763
lraa,7595,on,2555,2217,1,1,0.9990745782852173
lraa,7595,on,2556,1286,1,1,0.8957964777946472
lraa,7595,on,2557,1469,1,1,0.9971103668212891
lraa,7595,on,2558,2275,1,1,0.9990745782852173
lraa,7595,on,2559,1069,1,0,0.03317983075976372
lraa,7595,on,2560,1421,0,1,0.9722043871879578
lraa,7595,on,2561,2053,0,0,0.20434190332889557
lraa,7595,on,2562,2052,1,1,0.9717789888381958
lraa,7595,on,2563,391,1,1,0.9990600943565369
lraa,7595,on,2564,1885,1,1,0.9986329674720764
lraa,7595,on,2565,1555,0,0,0.00985985528677702
lraa,7595,on,2566,1825,1,1,0.9991958737373352
lraa,7595,on,2567,1902,1,1,0.9934101700782776
lraa,7595,on,2568,1528,1,1,0.9942697286605835
lraa,7595,on,2569,924,1,1,0.9500414729118347
lraa,7595,on,2570,1041,0,0,0.16043038666248322
lraa,7595,on,2571,2598,0,0,0.0012448433553799987
lraa,7595,on,2572,2633,0,0,0.0025114635936915874
lraa,7595,on,2573,1761,1,1,0.999595582485199
lraa,7595,on,2574,1240,1,1,0.9994296431541443
lraa,7595,on,2575,2139,0,0,0.0027149852830916643
lraa,7595,on,2576,2034,0,0,0.0050211502239108086
lraa,7595,on,2577,2545,0,0,0.2120688110589981
lraa,7595,on,2578,2693,1,1,0.9983769655227661
lraa,7595,on,2579,1755,0,0,0.003824483836069703
lraa,7595,on,2580,2361,0,0,0.021287351846694946
lraa,7595,on,2581,1109,1,1,0.9990600943565369
lraa,7595,on,2582,539,1,1,0.9473810195922852
lraa,7595,on,2583,1631,0,1,0.8856314420700073
lraa,7595,on,2584,2866,0,1,0.9843363761901855
lraa,7595,on,2585,1429,0,0,0.0013458605390042067
lraa,7595,on,2586,2042,0,0,0.0015011822106316686
lraa,7595,on,2587,2876,1,1,0.9993333220481873
lraa,7595,on,2588,939,1,1,0.5999539494514465
lraa,7595,on,2589,2218,1,0,0.031618766486644745
lraa,7595,on,2590,1768,1,1,0.9994471669197083
lraa,7595,on,2591,1513,0,0,0.0009253848693333566
lraa,7595,on,2592,2700,0,0,0.0020507434383034706
lraa,7595,on,2593,1226,0,1,0.9949396848678589
lraa,7595,on,2594,1273,0,0,0.0006771942134946585
lraa,7595,on,2595,1900,0,0,0.0023231625091284513
lraa,7595,on,2596,311,1,1,0.9991030693054199
lraa,7595,on,2597,2426,1,1,0.9984021782875061
lraa,7595,on,2598,179,1,1,0.9991306662559509
lraa,7595,on,2599,2133,0,0,0.0013458605390042067
lraa,7595,on,2600,837,0,0,0.0026316740550100803
lraa,7595,on,2601,1534,0,0,0.4970703423023224
lraa,7595,on,2602,2027,1,1,0.9775429368019104
lraa,7595,on,2603,614,1,1,0.972362220287323
lraa,7595,on,2604,2883,1,1,0.9980429410934448
lraa,7595,on,2605,1420,1,1,0.9959927201271057
lraa,7595,on,2606,524,1,1,0.9985449314117432
lraa,7595,on,2607,170,0,0,0.0017140384297817945
lraa,7595,on,2608,1612,1,1,0.999464213848114
lraa,7595,on,2609,1357,1,1,0.9987157583236694
lraa,7595,on,2610,2698,1,1,0.999045193195343
lraa,7595,on,2611,2767,1,1,0.9980121850967407
lraa,7595,on,2612,776,1,1,0.9994887113571167
lraa,7595,on,2613,1464,1,1,0.9989995360374451
lraa,7595,on,2614,55,1,1,0.9986749291419983
lraa,7595,on,2615,1428,1,1,0.9990745782852173
lraa,7595,on,2616,1738,1,1,0.9989677667617798
lraa,7595,on,2617,2584,1,1,0.9994966983795166
lraa,7595,on,2618,1235,0,0,0.0029349515680223703
lraa,7595,on,2619,252,1,1,0.9987744688987732
lraa,7595,on,2620,609,0,0,0.0026730059180408716
lraa,7595,on,2621,36,0,0,0.0035380860790610313
lraa,7595,on,2622,2287,1,1,0.8184467554092407
lraa,7595,on,2623,2540,0,0,0.04084571823477745
lraa,7595,on,2624,2880,0,0,0.49609383940696716
lraa,7595,on,2625,1746,0,0,0.053009770810604095
lraa,7595,on,2626,1303,1,1,0.986929178237915
lraa,7595,on,2627,1088,0,0,0.004070138093084097
lraa,7595,on,2628,50,1,0,0.13846179842948914
lraa,7595,on,2629,1022,1,1,0.9978843331336975
lraa,7595,on,2630,388,1,1,0.9984021782875061
lraa,7595,on,2631,1633,1,1,0.9981030225753784
lraa,7595,on,2632,2446,1,1,0.9994022846221924
lraa,7595,on,2633,651,1,0,0.4843800961971283
lraa,7595,on,2634,757,0,0,0.02740250527858734
lraa,7595,on,2635,2702,1,0,0.004264634568244219
lraa,7595,on,2636,1644,1,1,0.992061972618103
lraa,7595,on,2637,1259,0,0,0.00877910852432251
lraa,7595,on,2638,2486,1,0,0.024798160418868065
lraa,7595,on,2639,1362,1,0,0.22135069966316223
lraa,7595,on,2640,70,0,0,0.02161533385515213
lraa,7595,on,2641,111,0,0,0.04146227240562439
lraa,7595,on,2642,1684,0,0,0.004399413242936134
lraa,7595,on,2643,901,0,0,0.4804786741733551
lraa,7595,on,2644,1754,1,1,0.9979169964790344
lraa,7595,on,2645,999,1,1,0.998793363571167
lraa,7595,on,2646,2429,1,1,0.9991704225540161
lraa,7595,on,2647,2355,1,1,0.999322772026062
lraa,7595,on,2648,1912,0,0,0.001098731067031622
lraa,7595,on,2649,615,0,0,0.0029349515680223703
lraa,7595,on,2650,2347,0,0,0.002590979216620326
lraa,7595,on,2651,2688,0,0,0.001622966956347227
lraa,7595,on,2652,1929,1,1,0.9995827078819275
lraa,7595,on,2653,594,1,1,0.999208390712738
lraa,7595,on,2654,1112,1,1,0.9980732202529907
lraa,7595,on,2655,559,1,0,0.2598256468772888
lraa,7595,on,2656,2204,1,1,0.999438464641571
lraa,7595,on,2657,518,0,0,0.001782196224667132
lraa,7595,on,2658,2682,1,1,0.9978843331336975
lraa,7595,on,2659,1654,1,1,0.9979169964790344
lraa,7595,on,2660,387,0,0,0.006903838366270065
lraa,7595,on,2661,2405,0,0,0.03608394414186478
lraa,7595,on,2662,1212,1,1,0.9882221817970276
lraa,7595,on,2663,713,0,1,0.6584175229072571
lraa,7595,on,2664,2372,1,1,0.9883352518081665
lraa,7595,on,2665,1559,0,0,0.03132111579179764
lraa,7595,on,2666,1170,1,1,0.9993638396263123
lraa,7595,on,2667,1654,1,1,0.9978843331336975
lraa,7595,on,2668,2104,1,1,0.87103670835495
lraa,7595,on,2669,998,1,1,0.975669801235199
lraa,7595,on,2670,1977,1,1,0.998217761516571
lraa,7595,on,2671,293,0,0,0.0027576221618801355
lraa,7595,on,2672,565,1,1,0.9989836812019348
lraa,7595,on,2673,1901,1,1,0.9939024448394775
lraa,7595,on,2674,1968,1,1,0.998498797416687
lraa,7595,on,2675,856,1,1,0.9985221028327942
lraa,7595,on,2676,1951,0,0,0.0016484830994158983
lraa,7595,on,2677,426,0,0,0.0010817153379321098
lraa,7595,on,2678,1001,1,1,0.985042929649353
lraa,7595,on,2679,591,1,1,0.999220609664917
lraa,7595,on,2680,648,0,0,0.005139611195772886
lraa,7595,on,2681,2189,0,0,0.0015011822106316686
lraa,7595,on,2682,2911,1,1,0.9989012479782104
lraa,7595,on,2683,1585,1,1,0.9969722032546997
lraa,7595,on,2684,1338,0,0,0.006097561679780483
lraa,7595,on,2685,844,1,1,0.9960545301437378
lraa,7595,on,2686,1285,0,0,0.0008693673880770802
lraa,7595,on,2687,865,1,1,0.9897513389587402
lraa,7595,on,2688,2460,0,0,0.004609572701156139
lraa,7595,on,2689,1834,1,0,0.0064882696606218815
lraa,7595,on,2690,1566,0,0,0.0010649627074599266
lraa,7595,on,2691,42,0,0,0.005060331895947456
lraa,7595,on,2692,1569,1,1,0.9919379353523254
lraa,7595,on,2693,2702,1,1,0.9974884986877441
lraa,7595,on,2694,2132,0,0,0.07198163121938705
lraa,7595,on,2695,1736,1,1,0.9978843331336975
lraa,7595,on,2696,1360,1,1,0.9994022846221924
lraa,7595,on,2697,554,1,1,0.957833468914032
lraa,7595,on,2698,2253,0,0,0.00912563782185316
lraa,7595,on,2699,2199,0,0,0.0019267346942797303
lraa,7595,on,2700,2321,0,0,0.0023596605751663446
lraa,7595,on,2701,1829,1,1,0.9993638396263123
lraa,7595,on,2702,1031,0,0,0.0010649627074599266
lraa,7595,on,2703,2796,0,0,0.15102781355381012
lraa,7595,on,2704,1222,1,1,0.9989677667617798
lraa,7595,on,2705,786,1,1,0.9943140745162964
lraa,7595,on,2706,469,1,1,0.9984021782875061
lraa,7595,on,2707,2276,1,1,0.99935382604599
lraa,7595,on,2708,2130,1,1,0.9956685304641724
lraa,7595,on,2709,2370,1,1,0.7862948179244995
lraa,7595,on,2710,1079,0,0,0.00806199200451374
lraa,7595,on,2711,2437,0,0,0.015189049765467644
lraa,7595,on,2712,2426,1,1,0.9996079802513123
lraa,7595,on,2713,1552,1,1,0.9991306662559509
lraa,7595,on,2714,508,1,1,0.9987157583236694
lraa,7595,on,2715,1679,1,1,0.999208390712738
lraa,7595,on,2716,799,0,0,0.06536578387022018
lraa,7595,on,2717,516,1,1,0.9991030693054199
lraa,7595,on,2718,186,0,0,0.0008693673880770802
lraa,7595,on,2719,1739,1,1,0.9985895752906799
lraa,7595,on,2720,2838,1,1,0.9984269142150879
lraa,7595,on,2721,2835,1,1,0.986151397228241
lraa,7595,on,2722,1105,1,1,0.999595582485199
lraa,7595,on,2723,1990,1,0,0.398406445980072
lraa,7595,on,2724,1420,0,0,0.0025509123224765062
lraa,7595,on,2725,1721,1,1,0.9986955523490906
lraa,7595,on,2726,2149,0,0,0.04922211915254593
lraa,7595,on,2727,26,0,0,0.0005193048273213208
lraa,7595,on,2728,2806,1,0,0.01590639166533947
lraa,7595,on,2729,1259,0,0,0.010013571009039879
lraa,7595,on,2730,1932,1,1,0.9991440773010254
lraa,7595,on,2731,1688,1,1,0.999312162399292
lraa,7595,on,2732,1728,0,1,0.9814534187316895
lraa,7595,on,2733,2079,0,0,0.002217013156041503
lraa,7595,on,2734,1458,1,1,0.9086179733276367
lraa,7595,on,2735,2175,0,0,0.0027149852830916643
lraa,7595,on,2736,809,1,1,0.9993013143539429
lraa,7595,on,2737,1639,0,0,0.0010005044750869274
lraa,7595,on,2738,2138,0,0,0.0023967307060956955
lraa,7595,on,2739,2336,0,0,0.0024726232513785362
lraa,7595,on,2740,2742,1,1,0.9986749291419983
lraa,7595,on,2741,57,1,0,0.1041124165058136
lraa,7595,on,2742,1012,0,0,0.0007096704212017357
lraa,7595,on,2743,1389,1,1,0.9989012479782104
lraa,7595,on,2744,2262,0,0,0.008916126564145088
lraa,7595,on,2745,2367,1,1,0.9992792010307312
lraa,7595,on,2746,48,1,1,0.9965165853500366
lraa,7595,on,2747,2934,1,1,0.9865458011627197
lraa,7595,on,2748,1849,1,1,0.9988664388656616
lraa,7595,on,2749,1822,1,1,0.9978843331336975
lraa,7595,on,2750,2748,1,1,0.9894295334815979
lraa,7595,on,2751,981,0,0,0.004829722456634045
lraa,7595,on,2752,1769,0,0,0.0009253848693333566
lraa,7595,on,2753,1341,1,1,0.9968763589859009
lraa,7595,on,2754,2027,0,0,0.01971912570297718
lraa,7595,on,2755,1095,0,1,0.9989515542984009
lraa,7595,on,2756,1282,1,1,0.9989350438117981
lraa,7595,on,2757,24,0,0,0.0023967307060956955
lraa,7595,on,2758,1203,1,1,0.997285008430481
lraa,7595,on,2759,1167,1,1,0.9953904151916504
lraa,7595,on,2760,69,1,1,0.9991573095321655
lraa,7595,on,2761,2439,1,1,0.9993435740470886
lraa,7595,on,2762,1182,1,1,0.9989350438117981
lraa,7595,on,2763,375,1,1,0.9976769089698792
lraa,7595,on,2764,2450,1,1,0.9994725584983826
lraa,7595,on,2765,696,1,1,0.9947799444198608
lraa,7595,on,2766,1775,1,1,0.9687971472740173
lraa,7595,on,2767,1121,1,1,0.9991832375526428
lraa,7595,on,2768,2618,1,1,0.9869794845581055
lraa,7595,on,2769,465,1,1,0.837619960308075
lraa,7595,on,2770,864,1,1,0.9981030225753784
lraa,7595,on,2771,744,0,0,0.0011160143185406923
lraa,7595,on,2772,1059,1,1,0.9990745782852173
lraa,7595,on,2773,1487,0,0,0.0018969200318679214
lraa,7595,on,2774,1687,0,0,0.05218253284692764
lraa,7595,on,2775,2382,1,1,0.9992792010307312
lraa,7595,on,2776,1991,0,0,0.0012065897462889552
lraa,7595,on,2777,1652,1,1,0.9995272159576416
lraa,7595,on,2778,2702,1,0,0.004007288720458746
lraa,7595,on,2779,1378,0,0,0.020964238792657852
lraa,7595,on,2780,157,0,0,0.24508501589298248
lraa,7595,on,2781,1889,0,0,0.0016484830994158983
lraa,7595,on,2782,2409,0,0,0.002082970691844821
lraa,7595,on,2783,707,0,0,0.019568676128983498
lraa,7595,on,2784,2645,1,1,0.9984512329101562
lraa,7595,on,2785,2847,1,1,0.9991832375526428
lraa,7595,on,2786,126,1,1,0.9994887113571167
lraa,7595,on,2787,2932,1,1,0.9996140599250793
lraa,7595,on,2788,1900,1,1,0.9994296431541443
lraa,7595,on,2789,1548,1,1,0.9991440773010254
lraa,7595,on,2790,895,1,0,0.006097561679780483
lraa,7595,on,2791,30,0,0,0.004198795184493065
lraa,7595,on,2792,1641,1,1,0.9989515542984009
lraa,7595,on,2793,1053,1,1,0.9993013143539429
lraa,7595,on,2794,246,1,1,0.9992563128471375
lraa,7595,on,2795,2790,0,0,0.03289904072880745
lraa,7595,on,2796,941,1,1,0.9994725584983826
lraa,7595,on,2797,1451,0,0,0.0045384312979876995
lraa,7595,on,2798,305,1,1,0.9992327690124512
lraa,7595,on,2799,2621,0,0,0.001048469333909452
lraa,7595,on,2800,1979,1,1,0.9989836812019348
lraa,7595,on,2801,2084,1,1,0.9993333220481873
lraa,7595,on,2802,2635,1,1,0.9991958737373352
lraa,7595,on,2803,859,0,0,0.001782196224667132
lraa,7595,on,2804,2565,1,1,0.998848557472229
lraa,7595,on,2805,1348,1,1,0.9989995360374451
lraa,7595,on,2806,701,1,1,0.992061972618103
lraa,7595,on,2807,973,0,0,0.0009850083151832223
lraa,7595,on,2808,2883,1,1,0.992061972618103
lraa,7595,on,2809,2029,1,1,0.9977127313613892
lraa,7595,on,2810,915,1,1,0.9920926690101624
lraa,7595,on,2811,131,0,0,0.16026602685451508
lraa,7595,on,2812,738,1,1,0.9992792010307312
lraa,7595,on,2813,113,0,0,0.0007916296017356217
lraa,7595,on,2814,2873,0,0,0.2727987766265869
lraa,7595,on,2815,603,0,1,0.6990490555763245
lraa,7595,on,2816,207,1,1,0.9963215589523315
lraa,7595,on,2817,2514,1,1,0.987375020980835
lraa,7595,on,2818,2250,1,1,0.9977127313613892
lraa,7595,on,2819,2518,1,1,0.9971103668212891
lraa,7595,on,2820,2576,1,0,0.0037654137704521418
lraa,7595,on,2821,734,1,1,0.9985674619674683
lraa,7595,on,2822,1837,0,0,0.0026316740550100803
lraa,7595,on,2823,2440,0,0,0.0010005044750869274
lraa,7595,on,2824,2909,1,1,0.9971550703048706
lraa,7595,on,2825,434,1,1,0.9995487332344055
lraa,7595,on,2826,1259,0,0,0.009196553379297256
lraa,7595,on,2827,2921,0,0,0.0018675659084692597
lraa,7595,on,2828,2640,0,0,0.0006361911655403674
lraa,7595,on,2829,1681,1,1,0.9976769089698792
lraa,7595,on,2830,2912,1,1,0.9993833303451538
lraa,7595,on,2831,1400,1,1,0.999464213848114
lraa,7595,on,2832,545,0,1,0.9556099772453308
lraa,7595,on,2833,1180,1,1,0.9982725381851196
lraa,7595,on,2834,1076,0,0,0.01578456163406372
lraa,7595,on,2835,1485,1,1,0.9974090456962585
lraa,7595,on,2836,297,0,0,0.01805533654987812
lraa,7595,on,2837,2127,0,0,0.006097561679780483
lraa,7595,on,2838,226,0,0,0.0007916296017356217
lraa,7595,on,2839,553,1,1,0.9958011507987976
lraa,7595,on,2840,400,1,1,0.9990600943565369
lraa,7595,on,2841,1925,1,1,0.9978510141372681
lraa,7595,on,2842,598,0,0,0.0013458605390042067
lraa,7595,on,2843,2600,0,0,0.0010322310263291001
lraa,7595,on,2844,417,1,1,0.9982993006706238
lraa,7595,on,2845,731,1,1,0.9977127313613892
lraa,7595,on,2846,932,1,1,0.9910145401954651
lraa,7595,on,2847,2157,1,1,0.998793363571167
lraa,7595,on,2848,2503,1,1,0.9995694756507874
lraa,7595,on,2849,890,0,0,0.4668456017971039
lraa,7595,on,2850,1509,1,1,0.9989515542984009
lraa,7595,on,2851,2224,0,0,0.004755199886858463
lraa,7595,on,2852,161,0,0,0.0011879054363816977
lraa,7595,on,2853,1409,0,0,0.005957154091447592
lraa,7595,on,2854,101,1,1,0.9986955523490906
lraa,7595,on,2855,2891,0,0,0.0025509123224765062
lraa,7595,on,2856,332,0,0,0.0120537793263793
lraa,7595,on,2857,2587,0,0,0.0023967307060956955
lraa,7595,on,2858,894,0,1,0.9931495785713196
lraa,7595,on,2859,1974,1,1,0.9992903470993042
lraa,7595,on,2860,2109,1,1,0.997368335723877
lraa,7595,on,2861,2473,0,0,0.007937993854284286
lraa,7595,on,2862,1988,1,1,0.9894295334815979
lraa,7595,on,2863,241,0,0,0.0014779429184272885
lraa,7595,on,2864,1412,1,1,0.9992445707321167
lraa,7595,on,2865,606,1,1,0.9990600943565369
lraa,7595,on,2866,880,1,1,0.996292769908905
lraa,7595,on,2867,972,0,0,0.001048469333909452
lraa,7595,on,2868,586,0,0,0.004070138093084097
lraa,7595,on,2869,988,0,1,0.9811668992042542
lraa,7595,on,2870,502,0,1,0.8272706270217896
lraa,7595,on,2871,1211,0,0,0.000816738058347255
lraa,7595,on,2872,1913,1,1,0.9996079802513123
lraa,7595,on,2873,1088,1,1,0.9985221028327942
lraa,7595,on,2874,1720,1,0,0.002217013156041503
lraa,7595,on,2875,1921,0,0,0.010489091277122498
lraa,7595,on,2876,2397,1,1,0.9966756105422974
lraa,7595,on,2877,2263,1,1,0.9986329674720764
lraa,7595,on,2878,29,1,1,0.9934357404708862
lraa,7595,on,2879,1507,0,0,0.0031726830638945103
lraa,7595,on,2880,2684,1,1,0.9987744688987732
lraa,7595,on,2881,294,1,1,0.9990149736404419
lraa,7595,on,2882,127,1,1,0.997285008430481
lraa,7595,on,2883,443,0,0,0.0031726830638945103
lraa,7595,on,2884,2471,0,0,0.0025114635936915874
lraa,7595,on,2885,425,1,1,0.9975656270980835
lraa,7595,on,2886,2521,1,0,0.007695647422224283
lraa,7595,on,2887,2326,1,1,0.9991573095321655
lraa,7595,on,2888,2389,1,1,0.9972637891769409
lraa,7595,on,2889,536,0,0,0.007937993854284286
lraa,7595,on,2890,704,1,1,0.9991573095321655
lraa,7595,on,2891,947,0,0,0.001597845577634871
lraa,7595,on,2892,2117,1,1,0.9992678761482239
lraa,7595,on,2893,245,1,0,0.0697949230670929
lraa,7595,on,2894,2526,1,1,0.9221631288528442
lraa,7595,on,2895,588,1,1,0.9994115829467773
lraa,7595,on,2896,2152,0,0,0.016029145568609238
lraa,7595,on,2897,583,1,1,0.9960851669311523
lraa,7595,on,2898,2881,1,1,0.9750121831893921
lraa,7595,on,2899,496,1,1,0.997285008430481
lraa,7595,on,2900,1406,1,1,0.9955315589904785
lraa,7595,on,2901,1289,1,1,0.9989182949066162
lraa,7595,on,2902,2256,1,1,0.9993013143539429
lraa,7595,on,2903,1802,0,0,0.0011879054363816977
lraa,7595,on,2904,1065,0,1,0.9530843496322632
lraa,7595,on,2905,1174,1,1,0.8774768114089966
lraa,7595,on,2906,2590,1,1,0.9879810214042664
lraa,7595,on,2907,1839,0,1,0.6701767444610596
lraa,7595,on,2908,2166,0,0,0.0021157036535441875
lraa,7595,on,2909,1081,1,1,0.987375020980835
lraa,7595,on,2910,866,0,0,0.000954731716774404
lraa,7595,on,2911,1953,1,1,0.9988304972648621
lraa,7595,on,2912,617,1,1,0.998389720916748
lraa,7595,on,2913,1900,1,1,0.996570348739624
lraa,7595,on,2914,911,1,1,0.9984512329101562
lraa,7595,on,2915,2051,1,1,0.9958011507987976
lraa,7595,on,2916,1154,1,1,0.9995761513710022
lraa,7595,on,2917,501,1,1,0.9989012479782104
lraa,7595,on,2918,2561,0,0,0.35042139887809753
lraa,7595,on,2919,348,1,1,0.8844391107559204
lraa,7595,on,2920,1221,0,0,0.0008040859247557819
lraa,7595,on,2921,306,1,1,0.9977830052375793
lraa,7595,on,2922,2536,1,1,0.999595582485199
lraa,7595,on,2923,2168,1,1,0.9984752535820007
lraa,7595,on,2924,1398,1,1,0.9991169571876526
lraa,7595,on,2925,2366,0,1,0.9616780281066895
lraa,7595,on,2926,336,1,1,0.999480664730072
lraa,7595,on,2927,1973,1,1,0.9994966983795166
lraa,7595,on,2928,1874,1,0,0.007577240467071533
lraa,7595,on,2929,3,1,1,0.9990149736404419
lraa,7595,on,2930,616,1,1,0.957912266254425
lraa,7595,on,2931,1843,1,1,0.9984512329101562
lraa,7595,on,2932,1102,0,0,0.2512800693511963
lraa,7595,on,2933,1019,1,1,0.9994471669197083
lraa,7595,on,2934,2277,0,0,0.0029349515680223703
lraa,7595,on,2935,163,0,0,0.004198795184493065
lraa,7595,on,2936,1678,1,1,0.9986114501953125
lraa,7595,on,2937,1672,1,0,0.2762998342514038
lraa,7595,on,2938,1,1,1,0.9994471669197083
lraa,7595,on,2939,1007,1,1,0.9984752535820007
lraa,7595,on,2940,300,1,0,0.0018386653391644359
lraa,7595,on,2941,2271,1,1,0.9989182949066162
lraa,7595,on,2942,1670,0,0,0.006338921375572681
lraa,7595,on,2943,2085,1,1,0.999480664730072
lraa,7595,on,2944,2496,1,1,0.9994966983795166
lraa,7595,on,2945,324,0,0,0.0017546142917126417
lraa,7595,on,2946,693,0,0,0.0007916296017356217
lraa,7595,on,2947,1351,1,1,0.9988304972648621
lraa,7595,on,2948,1367,1,1,0.9968273043632507
lraa,7595,on,2949,2378,1,1,0.9988120794296265
lraa,7595,on,2950,1380,0,0,0.003324436955153942
lraa,7595,on,2951,623,1,1,0.997368335723877
lraa,7595,on,2952,1508,1,1,0.9992678761482239
lraa,7595,on,2953,1304,0,0,0.003945406526327133
lraa,7595,on,2954,1790,1,1,0.9985221028327942
lraa,7595,on,2955,1384,1,0,0.024145422503352165
lraa,7595,on,2956,2481,0,0,0.0025509123224765062
lraa,7595,on,2957,2281,1,1,0.9977127313613892
lraa,7595,on,2958,2879,0,0,0.0008426422718912363
lraa,7595,on,2959,1551,1,1,0.9986541271209717
lraa,7595,on,2960,1046,1,0,0.49218812584877014
lraa,7595,on,2961,1983,0,0,0.0541987270116806
lraa,7595,on,2962,1187,0,0,0.005220125894993544
lraa,7595,on,2963,1461,1,1,0.7905303239822388
lraa,7595,on,2964,1938,1,1,0.9899086952209473
lraa,7595,on,2965,1279,1,0,0.06008664518594742
lraa,7595,on,2966,648,1,1,0.9951702952384949
lraa,7595,on,2967,2217,1,1,0.9990600943565369
lraa,7595,on,2968,2254,0,0,0.0021157036535441875
lraa,7595,on,2969,7,1,1,0.9974884986877441
lraa,7595,on,2970,1657,1,1,0.9884918928146362
lraa,7595,on,2971,940,0,0,0.172938734292984
lraa,7595,on,2972,2307,0,0,0.001782196224667132
lraa,7595,on,2973,2914,1,1,0.9995121955871582
lraa,7595,on,2974,2523,1,1,0.9815951585769653
lraa,7595,on,2975,582,1,1,0.9991958737373352
lraa,7595,on,2976,1074,1,1,0.9965165853500366
lraa,7595,on,2977,519,1,1,0.998793363571167
lraa,7595,on,2978,656,1,1,0.999373733997345
lraa,7595,on,2979,1564,1,1,0.9995272159576416
lraa,7595,on,2980,868,1,1,0.9989836812019348
lraa,7595,on,2981,971,1,0,0.018689308315515518
lraa,7595,on,2982,778,1,1,0.998245358467102
lraa,7595,on,2983,2593,0,0,0.005220125894993544
lraa,7595,on,2984,66,1,1,0.9941800832748413
lraa,7595,on,2985,2115,0,0,0.0034834244288504124
lraa,7595,on,2986,1329,0,0,0.0010162439430132508
lraa,7595,on,2987,210,0,0,0.0018675659084692597
lraa,7595,on,2988,2496,1,1,0.9996199607849121
lraa,7595,on,2989,253,1,1,0.9979493021965027
lraa,7595,on,2990,359,1,1,0.9986541271209717
lraa,7595,on,2991,1667,1,1,0.9994296431541443
lraa,7595,on,2992,1177,1,0,0.06584470719099045
lraa,7595,on,2993,2620,0,0,0.001048469333909452
lraa,7595,on,2994,2259,0,0,0.0016743994783610106
lraa,7595,on,2995,2492,1,1,0.9933071732521057
lraa,7595,on,2996,2307,0,0,0.00214894930832088
lraa,7595,on,2997,384,1,1,0.996292769908905
lraa,7595,on,2998,584,0,0,0.004755199886858463
lraa,7595,on,2999,958,1,1,0.9926542043685913
lraa,7595,on,3000,1042,0,0,0.0018102108733728528
lraa,7595,on,3001,1432,1,0,0.10087861120700836
lraa,7595,on,3002,1354,1,1,0.9989182949066162
lraa,7595,on,3003,1228,0,0,0.0017546142917126417
lraa,7595,on,3004,647,0,0,0.4746311902999878
lraa,7595,on,3005,381,1,1,0.9993833303451538
lraa,7595,on,3006,979,1,1,0.9181873202323914
lraa,7595,on,3007,1656,0,0,0.07978201657533646
lraa,7595,on,3008,2087,1,1,0.9773194193840027
lraa,7595,on,3009,815,1,1,0.9990890026092529
lraa,7595,on,3010,1661,1,1,0.9969485402107239
lraa,7595,on,3011,1707,1,0,0.41111084818840027
lraa,7595,on,3012,507,1,1,0.9847378134727478
lraa,7595,on,3013,2493,0,0,0.004573863931000233
lraa,7595,on,3014,1722,1,0,0.007232763338834047
lraa,7595,on,3015,836,0,0,0.017576882615685463
lraa,7595,on,3016,1695,1,1,0.9470881819725037
lraa,7595,on,3017,2592,0,0,0.0030278353951871395
lraa,7595,on,3018,2159,1,1,0.9991030693054199
lraa,7595,on,3019,678,0,1,0.999045193195343
lraa,7595,on,3020,2553,1,1,0.999220609664917
lraa,7595,on,3021,2465,0,0,0.0032730645034462214
lraa,7595,on,3022,1637,1,1,0.8037906289100647
lraa,7595,on,3023,775,1,0,0.01678549125790596
lraa,7595,on,3024,622,1,1,0.9986749291419983
lraa,7595,on,3025,620,0,0,0.004331502132117748
lraa,7595,on,3026,1383,0,0,0.013955710455775261
lraa,7595,on,3027,2456,1,1,0.9977830052375793
lraa,7595,on,3028,1985,0,0,0.006192990578711033
lraa,7595,on,3029,1459,1,1,0.9985895752906799
lraa,7595,on,3030,533,1,1,0.9988664388656616
lraa,7595,on,3031,2379,1,1,0.9376689791679382
lraa,7595,on,3032,1860,0,0,0.003324436955153942
lraa,7595,on,3033,1045,0,0,0.000954731716774404
lraa,7595,on,3034,160,0,1,0.9641867876052856
lraa,7595,on,3035,2060,0,0,0.0024726232513785362
lraa,7595,on,3036,2019,0,0,0.0010322310263291001
lraa,7595,on,3037,2317,1,1,0.9993333220481873
lraa,7595,on,3038,723,0,0,0.003376612439751625
lraa,7595,on,3039,1131,0,1,0.9974491000175476
lraa,7595,on,3040,2448,0,0,0.003824483836069703
lraa,7595,on,3041,2169,0,0,0.0015731120947748423
lraa,7595,on,3042,850,1,1,0.9995761513710022
lraa,7595,on,3043,1724,1,1,0.9958011507987976
lraa,7595,on,3044,2231,1,1,0.998498797416687
lraa,7595,on,3045,997,1,0,0.006192990578711033
lraa,7595,on,3046,1726,1,1,0.9985674619674683
lraa,7595,on,3047,1344,0,0,0.0014550627674907446
lraa,7595,on,3048,1805,1,0,0.005060331895947456
lraa,7595,on,3049,2408,0,1,0.9977830052375793
lraa,7595,on,3050,605,1,1,0.9992678761482239
lraa,7595,on,3051,1421,0,1,0.9978510141372681
lraa,7595,on,3052,2582,1,1,0.9984512329101562
lraa,7595,on,3053,1961,1,1,0.9979493021965027
lraa,7595,on,3054,1714,1,1,0.9988664388656616
lraa,7595,on,3055,102,1,1,0.9989677667617798
lraa,7595,on,3056,1373,0,0,0.008916126564145088
lraa,7595,on,3057,1875,1,0,0.00446838466450572
lraa,7595,on,3058,2647,1,1,0.996570348739624
lraa,7595,on,3059,2640,1,1,0.9919379353523254
lraa,7595,on,3060,200,1,1,0.9991306662559509
lraa,7595,on,3061,2314,0,0,0.0018969200318679214
lraa,7595,on,3062,1510,0,0,0.0023231625091284513
lraa,7595,on,3063,1336,1,1,0.9968273043632507
lraa,7595,on,3064,1472,1,1,0.9984021782875061
lraa,7595,on,3065,1483,1,1,0.9987356066703796
lraa,7595,on,3066,1013,1,1,0.9943581223487854
lraa,7595,on,3067,1912,0,0,0.0026316740550100803
lraa,7595,on,3068,945,0,0,0.0021157036535441875
lraa,7595,on,3069,2257,1,1,0.9988664388656616
lraa,7595,on,3070,1767,1,1,0.999312162399292
lraa,7595,on,3071,914,1,1,0.9977127313613892
lraa,7595,on,3072,327,0,0,0.2037075310945511
lraa,7595,on,3073,2344,1,1,0.997368335723877
lraa,7595,on,3074,2802,0,0,0.001325022429227829
lraa,7595,on,3075,2568,1,1,0.9994966983795166
lraa,7595,on,3076,2738,1,1,0.9989995360374451
lraa,7595,on,3077,2026,1,1,0.9993435740470886
lraa,7595,on,3078,579,1,1,0.9839708209037781
lraa,7595,on,3079,1529,1,1,0.9994022846221924
lraa,7595,on,3080,2169,0,0,0.002889581024646759
lraa,7595,on,3081,1136,0,0,0.008711383678019047
lraa,7595,on,3082,1023,1,1,0.9618217349052429
lraa,7595,on,3083,1938,1,1,0.998498797416687
lraa,7595,on,3084,987,0,1,0.8852352499961853
lraa,7595,on,3085,2535,0,0,0.0017274586716666818
lraa,7595,on,3086,2368,0,0,0.011331754736602306
lraa,7595,on,3087,654,0,0,0.0007793661206960678
lraa,7595,on,3088,2859,1,1,0.7122321724891663
lraa,7595,on,3089,475,0,0,0.001098731067031622
lraa,7595,on,3090,2226,0,0,0.001622966956347227
lraa,7595,on,3091,505,0,0,0.0014103584690019488
lraa,7595,on,3092,2342,1,1,0.9980121850967407
lraa,7595,on,3093,243,0,0,0.023442290723323822
lraa,7595,on,3094,466,1,1,0.9974090456962585
lraa,7595,on,3095,509,0,0,0.0014325366355478764
lraa,7595,on,3096,530,1,1,0.9990149736404419
lraa,7595,on,3097,2874,1,1,0.9990745782852173
lraa,7595,on,3098,1970,1,1,0.9980732202529907
lraa,7595,on,3099,236,0,0,0.0012843082658946514
lraa,7595,on,3100,2073,1,1,0.9985221028327942
lraa,7595,on,3101,411,1,1,0.9938070178031921
lraa,7595,on,3102,2694,1,1,0.999312162399292
lraa,7595,on,3103,1258,0,0,0.006797531619668007
lraa,7595,on,3104,569,1,1,0.9988840222358704
lraa,7595,on,3105,2896,1,1,0.9977127313613892
lraa,7595,on,3106,2039,1,1,0.999045193195343
lraa,7595,on,3107,2764,0,0,0.004007288720458746
lraa,7595,on,3108,1423,1,1,0.9983769655227661
lraa,7595,on,3109,2779,1,1,0.8529354333877563
lraa,7595,on,3110,1571,1,1,0.974821150302887
lraa,7595,on,3111,2708,0,0,0.0844927579164505
lraa,7595,on,3112,1944,0,0,0.001151399570517242
lraa,7595,on,3113,62,0,0,0.0027149852830916643
lraa,7595,on,3114,708,1,1,0.9992792010307312
lraa,7595,on,3115,208,1,1,0.9984752535820007
lraa,7595,on,3116,1813,1,1,0.9991958737373352
lraa,7595,on,3117,2908,1,1,0.9985674619674683
lraa,7595,on,3118,1607,1,1,0.9922444224357605
lraa,7595,on,3119,2171,1,1,0.9994115829467773
lraa,7595,on,3120,123,0,0,0.0024343819823116064
lraa,7595,on,3121,2457,0,0,0.0009253848693333566
lraa,7595,on,3122,299,0,0,0.002287227427586913
lraa,7595,on,3123,73,1,1,0.9981030225753784
lraa,7595,on,3124,2346,1,0,0.1937568634748459
lraa,7595,on,3125,1731,1,1,0.9984021782875061
lraa,7595,on,3126,2270,0,0,0.0009253848693333566
lraa,7595,on,3127,1396,1,1,0.9982725381851196
lraa,7595,on,3128,1870,1,1,0.9985449314117432
lraa,7595,on,3129,1132,0,1,0.5736784338951111
lraa,7595,on,3130,1241,0,0,0.0011879054363816977
lraa,7595,on,3131,358,1,1,0.999562680721283
lraa,7595,on,3132,1563,1,1,0.9986541271209717
lraa,7595,on,3133,2403,0,0,0.0018102108733728528
lraa,7595,on,3134,1587,1,1,0.9916195869445801
lraa,7595,on,3135,2690,1,1,0.985042929649353
lraa,7595,on,3136,1651,1,1,0.999438464641571
lraa,7595,on,3137,661,0,1,0.9755768775939941
lraa,7595,on,3138,2080,0,0,0.0027149852830916643
lraa,7595,on,3139,2039,1,1,0.9969722032546997
lraa,7595,on,3140,2750,1,1,0.9991704225540161
lraa,7595,on,3141,1293,1,1,0.9949788451194763
lraa,7595,on,3142,1383,0,0,0.00214894930832088
lraa,7595,on,3143,1424,1,1,0.999208390712738
lraa,7595,on,3144,1295,0,0,0.002287227427586913
lraa,7595,on,3145,800,1,1,0.9908034801483154
lraa,7595,on,3146,282,1,1,0.9983515739440918
lraa,7595,on,3147,2735,1,1,0.998217761516571
lraa,7595,on,3148,2534,1,1,0.9731068015098572
lraa,7595,on,3149,1066,1,1,0.998848557472229
lraa,7595,on,3150,1822,1,1,0.9986749291419983
lraa,7595,on,3151,2890,1,1,0.9991573095321655
lraa,7595,on,3152,2598,0,0,0.0045384312979876995
lraa,7595,on,3153,1039,1,1,0.9992563128471375
lraa,7595,on,3154,2030,1,1,0.9983515739440918
lraa,7595,on,3155,2586,0,0,0.17781086266040802
lraa,7595,on,3156,758,0,0,0.002082970691844821
lraa,7595,on,3157,129,1,1,0.9948603510856628
lraa,7595,on,3158,560,0,1,0.5486735105514526
lraa,7595,on,3159,2788,1,1,0.9835969805717468
lraa,7595,on,3160,1503,0,0,0.0024343819823116064
lraa,7595,on,3161,2057,1,1,0.9984021782875061
lraa,7595,on,3162,406,1,1,0.9697853922843933
lraa,7595,on,3163,1841,1,1,0.9996140599250793
lraa,7595,on,3164,2103,1,1,0.665410578250885
lraa,7595,on,3165,2114,1,1,0.9988664388656616
lraa,7595,on,3166,2867,0,0,0.0017546142917126417
lraa,7595,on,3167,370,1,0,0.0017546142917126417
lraa,7595,on,3168,642,1,1,0.9995891451835632
lraa,7595,on,3169,1628,0,0,0.0035380860790610313
lraa,7595,on,3170,1796,0,0,0.006192990578711033
lraa,7595,on,3171,1198,1,1,0.9994471669197083
lraa,7595,on,3172,956,0,1,0.9401335716247559
lraa,7595,on,3173,2383,1,1,0.971563994884491
lraa,7595,on,3174,761,1,1,0.9960545301437378
lraa,7595,on,3175,1172,1,1,0.9993013143539429
lraa,7595,on,3176,1604,1,1,0.9987744688987732
lraa,7595,on,3177,219,1,1,0.9923638105392456
lraa,7595,on,3178,2392,1,1,0.7988152503967285
lraa,7595,on,3179,1331,1,1,0.9983515739440918
lraa,7595,on,3180,1441,0,0,0.0024726232513785362
lraa,7595,on,3181,2172,1,1,0.9994296431541443
lraa,7595,on,3182,1244,0,0,0.02169809862971306
lraa,7595,on,3183,2381,1,1,0.9976032376289368
lraa,7595,on,3184,2239,1,1,0.9980732202529907
lraa,7595,on,3185,923,0,0,0.0026939143426716328
lraa,7595,on,3186,2232,1,0,0.025083141401410103
lraa,7595,on,3187,2010,1,1,0.9985221028327942
lraa,7595,on,3188,991,0,0,0.03676946461200714
lraa,7595,on,3189,2810,0,0,0.0010162439430132508
lraa,7595,on,3190,2530,0,0,0.04288224130868912
lraa,7595,on,3191,1523,0,0,0.04099902883172035
lraa,7595,on,3192,954,1,1,0.9995827078819275
lraa,7595,on,3193,1872,0,0,0.0013885233784094453
lraa,7595,on,3194,1455,0,0,0.005139611195772886
lraa,7595,on,3195,1437,0,0,0.0014779429184272885
lraa,7595,on,3196,2352,0,0,0.0037072531413286924
lraa,7595,on,3197,137,1,1,0.9991030693054199
lraa,7595,on,3198,2745,1,1,0.9975274205207825
lraa,7595,on,3199,839,1,1,0.9987356066703796
lraa,7595,on,3200,1193,1,1,0.9919379353523254
lraa,7595,on,3201,2006,1,1,0.9986329674720764
lraa,7595,on,3202,1771,0,0,0.005469274707138538
lraa,7595,on,3203,1436,0,1,0.8914335370063782
lraa,7595,on,3204,2504,0,0,0.2120688110589981
lraa,7595,on,3205,133,1,1,0.9995197057723999
lraa,7595,on,3206,2320,1,1,0.9990149736404419
lraa,7595,on,3207,2871,0,0,0.002889581024646759
lraa,7595,on,3208,2214,1,1,0.9989012479782104
lraa,7595,on,3209,2564,1,1,0.999595582485199
lraa,7595,on,3210,322,1,1,0.6876299977302551
lraa,7595,on,3211,401,1,1,0.9994725584983826
lraa,7595,on,3212,1078,0,0,0.0012255674228072166
lraa,7595,on,3213,157,0,0,0.2816031277179718
lraa,7595,on,3214,2529,1,1,0.9992563128471375
lraa,7595,on,3215,889,1,1,0.9988304972648621
lraa,7595,on,3216,1871,0,0,0.02585877664387226
lraa,7595,on,3217,2340,1,1,0.998245358467102
lraa,7595,on,3218,5,1,1,0.9986955523490906
lraa,7595,on,3219,121,1,1,0.9762200117111206
lraa,7595,on,3220,1479,0,0,0.00712142838165164
lraa,7595,on,3221,1526,0,0,0.03308597952127457
lraa,7595,on,3222,2438,1,1,0.9884026646614075
lraa,7595,on,3223,2751,0,0,0.06512755155563354
lraa,7595,on,3224,1113,0,0,0.001524786464869976
lraa,7595,on,3225,360,1,1,0.9991704225540161
lraa,7595,on,3226,2848,0,0,0.0016743994783610106
lraa,7595,on,3227,767,1,0,0.006797531619668007
lraa,7595,on,3228,2682,1,1,0.999045193195343
lraa,7595,on,3229,1819,1,1,0.9985221028327942
lraa,7595,on,3230,399,1,1,0.5506073832511902
lraa,7595,on,3231,115,1,1,0.9970190525054932
lraa,7595,on,3232,328,1,1,0.9463988542556763
lraa,7595,on,3233,2895,1,1,0.9990745782852173
lraa,7595,on,3234,897,0,0,0.0010162439430132508
lraa,7595,on,3235,1846,0,0,0.0008559006382711232
lraa,7595,on,3236,2739,1,1,0.9994115829467773
lraa,7595,on,3237,1417,1,1,0.956063449382782
lraa,7595,on,3238,1532,1,1,0.9739684462547302
lraa,7595,on,3239,1185,1,1,0.9972423315048218
lraa,7595,on,3240,352,1,1,0.8175744414329529
lraa,7595,on,3241,817,1,1,0.9991704225540161
lraa,7595,on,3242,2898,1,1,0.9988840222358704
lraa,7595,on,3243,857,1,1,0.9991030693054199
lraa,7595,on,3244,495,0,0,0.016914913430809975
lraa,7595,on,3245,1255,1,1,0.9993013143539429
lraa,7595,on,3246,1490,1,1,0.9805060625076294
lraa,7595,on,3247,1035,1,1,0.9992903470993042
lraa,7595,on,3248,1732,0,0,0.0008295891457237303
lraa,7595,on,3249,455,1,1,0.9990600943565369
lraa,7595,on,3250,2622,1,1,0.9946150183677673
lraa,7595,on,3251,472,1,1,0.9992678761482239
lraa,7595,on,3252,1711,1,1,0.9986749291419983
lraa,7595,on,3253,1365,1,0,0.01784873753786087
lraa,7595,on,3254,2557,1,1,0.9971550703048706
lraa,7595,on,3255,2887,0,0,0.007176882121711969
lraa,7595,on,3256,1422,0,0,0.0065388246439397335
lraa,7595,on,3257,1133,1,1,0.998848557472229
lraa,7595,on,3258,1216,0,0,0.0007096704212017357
lraa,7595,on,3259,1603,0,0,0.0034834244288504124
lraa,7595,on,3260,437,0,0,0.10956278443336487
lraa,7595,on,3261,1106,1,1,0.9449946880340576
lraa,7595,on,3262,2134,0,0,0.016914913430809975
lraa,7595,on,3263,141,1,1,0.9921841025352478
lraa,7595,on,3264,2048,1,0,0.30569732189178467
lraa,7595,on,3265,1650,1,1,0.9991169571876526
lraa,7595,on,3266,1923,1,1,0.9993638396263123
lraa,7595,on,3267,1689,1,1,0.9984512329101562
lraa,7595,on,3268,37,1,1,0.9991306662559509
lraa,7595,on,3269,555,0,0,0.0035380860790610313
lraa,7595,norm_only,0,2461,0,1,0.5043944120407104
lraa,7595,norm_only,1,652,1,1,0.5156199336051941
lraa,7595,norm_only,2,694,1,1,0.543832540512085
lraa,7595,norm_only,3,1750,1,1,0.5185462236404419
lraa,7595,norm_only,4,1356,1,1,0.5053709149360657
lraa,7595,norm_only,5,1061,0,0,0.4892594516277313
lraa,7595,norm_only,6,1159,1,1,0.555194079875946
lraa,7595,norm_only,7,2712,1,1,0.5525397062301636
lraa,7595,norm_only,8,741,1,1,0.5209837555885315
lraa,7595,norm_only,9,2320,1,1,0.5853381752967834
lraa,7595,norm_only,10,2845,1,1,0.5273165106773376
lraa,7595,norm_only,11,2427,0,0,0.46733176708221436
lraa,7595,norm_only,12,1377,1,0,0.47268345952033997
lraa,7595,norm_only,13,2556,1,1,0.5009765625
lraa,7595,norm_only,14,250,1,1,0.5486735105514526
lraa,7595,norm_only,15,366,1,1,0.5589289665222168
lraa,7595,norm_only,16,552,1,1,0.5384978652000427
lraa,7595,norm_only,17,1806,1,1,0.5949337482452393
lraa,7595,norm_only,18,2637,1,1,0.50244140625
lraa,7595,norm_only,19,1116,1,1,0.5715274810791016
lraa,7595,norm_only,20,1854,0,0,0.4916999638080597
lraa,7595,norm_only,21,580,1,1,0.5087881684303284
lraa,7595,norm_only,22,460,1,1,0.5151321291923523
lraa,7595,norm_only,23,1326,1,1,0.5791029334068298
lraa,7595,norm_only,24,514,1,0,0.47852882742881775
lraa,7595,norm_only,25,2687,1,1,0.5863452553749084
lraa,7595,norm_only,26,760,1,1,0.5151321291923523
lraa,7595,norm_only,27,2644,0,0,0.47414419054985046
lraa,7595,norm_only,28,2211,1,1,0.5957130789756775
lraa,7595,norm_only,29,319,1,1,0.6322757005691528
lraa,7595,norm_only,30,1904,1,1,0.5835000276565552
lraa,7595,norm_only,31,2776,1,1,0.6197014451026917
lraa,7595,norm_only,32,79,0,0,0.438664972782135
lraa,7595,norm_only,33,2863,1,1,0.5048826336860657
lraa,7595,norm_only,34,2290,1,1,0.5679365992546082
lraa,7595,norm_only,35,466,1,1,0.5409238338470459
lraa,7595,norm_only,36,1201,0,0,0.44287747144699097
lraa,7595,norm_only,37,577,1,1,0.5161076784133911
lraa,7595,norm_only,38,2136,0,0,0.4809662103652954
lraa,7595,norm_only,39,2307,0,0,0.43458127975463867
lraa,7595,norm_only,40,2777,1,1,0.5156199336051941
lraa,7595,norm_only,41,2198,0,0,0.45834869146347046
lraa,7595,norm_only,42,2915,1,1,0.523907482624054
lraa,7595,norm_only,43,2480,0,0,0.4469774663448334
lraa,7595,norm_only,44,51,1,1,0.5875290632247925
lraa,7595,norm_only,45,2020,1,1,0.5489152669906616
lraa,7595,norm_only,46,2010,1,1,0.5209837555885315
lraa,7595,norm_only,47,193,1,1,0.6095241904258728
lraa,7595,norm_only,48,2614,1,1,0.5662583708763123
lraa,7595,norm_only,49,2184,1,0,0.4568943679332733
lraa,7595,norm_only,50,109,1,1,0.5537466406822205
lraa,7595,norm_only,51,2054,1,1,0.5588085651397705
lraa,7595,norm_only,52,2380,0,0,0.46295860409736633
lraa,7595,norm_only,53,1701,1,1,0.5190337300300598
lraa,7595,norm_only,54,904,0,0,0.44963425397872925
lraa,7595,norm_only,55,1675,0,0,0.498046875
lraa,7595,norm_only,56,2023,1,1,0.5568816065788269
lraa,7595,norm_only,57,2337,1,1,0.5524189472198486
lraa,7595,norm_only,58,1693,0,0,0.4445647895336151
lraa,7595,norm_only,59,1596,1,1,0.6062362194061279
lraa,7595,norm_only,60,1648,0,0,0.47706687450408936
lraa,7595,norm_only,61,32,0,0,0.4339814782142639
lraa,7595,norm_only,62,274,0,1,0.5029296278953552
lraa,7595,norm_only,63,2462,1,1,0.5287767648696899
lraa,7595,norm_only,64,772,1,1,0.6017690896987915
lraa,7595,norm_only,65,747,1,1,0.50244140625
lraa,7595,norm_only,66,1981,1,0,0.4965820908546448
lraa,7595,norm_only,67,556,0,0,0.438785195350647
lraa,7595,norm_only,68,135,0,0,0.4887714385986328
lraa,7595,norm_only,69,869,1,1,0.5087881684303284
lraa,7595,norm_only,70,523,1,1,0.5633779764175415
lraa,7595,norm_only,71,112,1,1,0.5484316945075989
lraa,7595,norm_only,72,2393,0,1,0.530722975730896
lraa,7595,norm_only,73,442,1,1,0.6057990789413452
lraa,7595,norm_only,74,986,1,1,0.5297499895095825
lraa,7595,norm_only,75,2269,1,1,0.5048826336860657
lraa,7595,norm_only,76,1195,0,0,0.47317034006118774
lraa,7595,norm_only,77,1647,0,0,0.4201943278312683
lraa,7595,norm_only,78,2589,1,1,0.550365686416626
lraa,7595,norm_only,79,2775,0,0,0.47804147005081177
lraa,7595,norm_only,80,1337,0,0,0.43770331144332886
lraa,7595,norm_only,81,2507,1,1,0.586167573928833
lraa,7595,norm_only,82,1553,0,0,0.4941408932209015
lraa,7595,norm_only,83,2406,1,1,0.5457699298858643
lraa,7595,norm_only,84,1087,0,1,0.5672175884246826
lraa,7595,norm_only,85,2355,1,1,0.5520567893981934
lraa,7595,norm_only,86,1965,1,1,0.5486735105514526
lraa,7595,norm_only,87,201,1,1,0.5278033018112183
lraa,7595,norm_only,88,750,1,1,0.6080123782157898
lraa,7595,norm_only,89,304,1,1,0.5601323246955872
lraa,7595,norm_only,90,1123,1,1,0.5063472986221313
lraa,7595,norm_only,91,1899,1,1,0.5336405038833618
lraa,7595,norm_only,92,91,1,1,0.5780909061431885
lraa,7595,norm_only,93,1659,1,1,0.5856492519378662
lraa,7595,norm_only,94,2311,1,1,0.561214804649353
lraa,7595,norm_only,95,1298,0,1,0.5053709149360657
lraa,7595,norm_only,96,2443,1,1,0.5248817801475525
lraa,7595,norm_only,97,2913,1,1,0.554229199886322
lraa,7595,norm_only,98,636,0,0,0.4902355968952179
lraa,7595,norm_only,99,863,0,0,0.47804147005081177
lraa,7595,norm_only,100,1427,1,1,0.5568816065788269
lraa,7595,norm_only,101,81,0,1,0.5783588886260986
lraa,7595,norm_only,102,835,1,1,0.531209409236908
lraa,7595,norm_only,103,353,0,0,0.4639299511909485
lraa,7595,norm_only,104,517,1,1,0.5568816065788269
lraa,7595,norm_only,105,1134,1,1,0.5353413224220276
lraa,7595,norm_only,106,634,0,0,0.4275161921977997
lraa,7595,norm_only,107,1207,0,0,0.48681947588920593
lraa,7595,norm_only,108,499,0,1,0.5200088620185852
lraa,7595,norm_only,109,953,0,0,0.4678179919719696
lraa,7595,norm_only,110,2089,1,1,0.5510905385017395
lraa,7595,norm_only,111,1488,1,1,0.543347954750061
lraa,7595,norm_only,112,2330,0,0,0.4765796661376953
lraa,7595,norm_only,113,2174,1,1,0.5229331254959106
lraa,7595,norm_only,114,235,1,1,0.5650587677955627
lraa,7595,norm_only,115,2477,1,1,0.5316957235336304
lraa,7595,norm_only,116,1545,1,1,0.5693738460540771
lraa,7595,norm_only,117,185,1,1,0.553022563457489
lraa,7595,norm_only,118,1380,0,0,0.4598037302494049
lraa,7595,norm_only,119,891,1,0,0.46733176708221436
lraa,7595,norm_only,120,1536,1,1,0.5214711427688599
lraa,7595,norm_only,121,2532,1,1,0.5851011276245117
lraa,7595,norm_only,122,2528,0,0,0.48291680216789246
lraa,7595,norm_only,123,968,0,0,0.48681947588920593
lraa,7595,norm_only,124,376,1,1,0.5180585384368896
lraa,7595,norm_only,125,2475,0,0,0.47852882742881775
lraa,7595,norm_only,126,2307,0,0,0.42823338508605957
lraa,7595,norm_only,127,658,0,0,0.409161776304245
lraa,7595,norm_only,128,2671,1,1,0.5338835716247559
lraa,7595,norm_only,129,1252,0,0,0.4902355968952179
lraa,7595,norm_only,130,1301,1,1,0.5399537086486816
lraa,7595,norm_only,131,2562,1,1,0.5068355202674866
lraa,7595,norm_only,132,1947,0,0,0.4612594544887543
lraa,7595,norm_only,133,2296,0,0,0.49365267157554626
lraa,7595,norm_only,134,1176,0,0,0.4653874933719635
lraa,7595,norm_only,135,1922,1,1,0.6030555367469788
lraa,7595,norm_only,136,1860,1,1,0.5165954232215881
lraa,7595,norm_only,137,124,0,0,0.491211861371994
lraa,7595,norm_only,138,493,1,1,0.5185462236404419
lraa,7595,norm_only,139,2527,0,0,0.47268345952033997
lraa,7595,norm_only,140,2309,0,1,0.5063472986221313
lraa,7595,norm_only,141,1463,0,0,0.46635952591896057
lraa,7595,norm_only,142,2579,1,1,0.5200088620185852
lraa,7595,norm_only,143,1640,1,1,0.5547116994857788
lraa,7595,norm_only,144,1762,0,0,0.4281138479709625
lraa,7595,norm_only,145,1425,1,1,0.5314525961875916
lraa,7595,norm_only,146,1516,1,1,0.5840339660644531
lraa,7595,norm_only,147,2081,1,1,0.5141563415527344
lraa,7595,norm_only,148,695,0,0,0.434101402759552
lraa,7595,norm_only,149,646,1,1,0.5097643733024597
lraa,7595,norm_only,150,1876,0,0,0.44794324040412903
lraa,7595,norm_only,151,2793,1,1,0.5794004201889038
lraa,7595,norm_only,152,34,1,1,0.5789243578910828
lraa,7595,norm_only,153,244,0,0,0.46635952591896057
lraa,7595,norm_only,154,2145,0,0,0.4687906503677368
lraa,7595,norm_only,155,1016,1,0,0.4902355968952179
lraa,7595,norm_only,156,2260,0,0,0.4809662103652954
lraa,7595,norm_only,157,2167,1,1,0.5607337951660156
lraa,7595,norm_only,158,341,1,1,0.5539879202842712
lraa,7595,norm_only,159,1025,1,1,0.509276270866394
lraa,7595,norm_only,160,2588,1,1,0.5302364826202393
lraa,7595,norm_only,161,1580,1,1,0.5726032853126526
lraa,7595,norm_only,162,444,1,1,0.5136684775352478
lraa,7595,norm_only,163,756,1,1,0.509276270866394
lraa,7595,norm_only,164,78,0,1,0.5146442651748657
lraa,7595,norm_only,165,2095,0,1,0.530722975730896
lraa,7595,norm_only,166,2266,1,1,0.5367985367774963
lraa,7595,norm_only,167,2291,0,0,0.4951173663139343
lraa,7595,norm_only,168,1575,0,0,0.46635952591896057
lraa,7595,norm_only,169,785,0,0,0.44263648986816406
lraa,7595,norm_only,170,2448,0,1,0.50048828125
lraa,7595,norm_only,171,1054,0,0,0.4344612956047058
lraa,7595,norm_only,172,2868,1,1,0.5341265201568604
lraa,7595,norm_only,173,2872,0,0,0.489747554063797
lraa,7595,norm_only,174,447,1,1,0.5833814144134521
lraa,7595,norm_only,175,562,1,1,0.5522982478141785
lraa,7595,norm_only,176,1927,0,0,0.4590761363506317
lraa,7595,norm_only,177,1898,1,1,0.5107405185699463
lraa,7595,norm_only,178,369,0,0,0.4843800961971283
lraa,7595,norm_only,179,1307,0,0,0.47609245777130127
lraa,7595,norm_only,180,1733,1,0,0.4568943679332733
lraa,7595,norm_only,181,2310,0,0,0.4804786741733551
lraa,7595,norm_only,182,140,1,1,0.5175709128379822
lraa,7595,norm_only,183,644,1,1,0.5679365992546082
lraa,7595,norm_only,184,1949,0,0,0.45350387692451477
lraa,7595,norm_only,185,461,1,1,0.5638583302497864
lraa,7595,norm_only,186,1105,1,1,0.5855752229690552
lraa,7595,norm_only,187,1075,1,1,0.5649387240409851
lraa,7595,norm_only,188,1138,1,1,0.5532639026641846
lraa,7595,norm_only,189,890,1,1,0.5175709128379822
lraa,7595,norm_only,190,1766,1,1,0.5316957235336304
lraa,7595,norm_only,191,84,1,1,0.5229331254959106
lraa,7595,norm_only,192,2124,1,1,0.5141563415527344
lraa,7595,norm_only,193,1917,1,1,0.550365686416626
lraa,7595,norm_only,194,2407,1,1,0.5029296278953552
lraa,7595,norm_only,195,535,1,1,0.5370413661003113
lraa,7595,norm_only,196,2106,0,0,0.4873073995113373
lraa,7595,norm_only,197,2115,0,0,0.44287747144699097
lraa,7595,norm_only,198,2937,0,0,0.48681947588920593
lraa,7595,norm_only,199,763,1,1,0.5688949227333069
lraa,7595,norm_only,200,2041,1,1,0.509276270866394
lraa,7595,norm_only,201,1812,1,1,0.5365557670593262
lraa,7595,norm_only,202,1862,1,1,0.5068355202674866
lraa,7595,norm_only,203,1955,0,0,0.4965820908546448
lraa,7595,norm_only,204,855,1,1,0.5484316945075989
lraa,7595,norm_only,205,2417,1,1,0.5585678219795227
lraa,7595,norm_only,206,1238,0,1,0.5058591365814209
lraa,7595,norm_only,207,1849,1,1,0.5637382864952087
lraa,7595,norm_only,208,1671,0,0,0.4824291169643402
lraa,7595,norm_only,209,2088,0,1,0.5009765625
lraa,7595,norm_only,210,480,1,1,0.5816595554351807
lraa,7595,norm_only,211,1881,0,1,0.524394690990448
lraa,7595,norm_only,212,1005,0,0,0.4590761363506317
lraa,7595,norm_only,213,2339,1,1,0.5493988394737244
lraa,7595,norm_only,214,157,0,1,0.5048826336860657
lraa,7595,norm_only,215,2924,1,1,0.6029970645904541
lraa,7595,norm_only,216,171,0,0,0.489747554063797
lraa,7595,norm_only,217,125,1,1,0.6036982536315918
lraa,7595,norm_only,218,1146,1,1,0.5435901880264282
lraa,7595,norm_only,219,2316,1,1,0.5836780667304993
lraa,7595,norm_only,220,1713,0,1,0.5029296278953552
lraa,7595,norm_only,221,668,0,0,0.498046875
lraa,7595,norm_only,222,577,0,0,0.489747554063797
lraa,7595,norm_only,223,798,0,0,0.47025004029273987
lraa,7595,norm_only,224,185,1,1,0.5389832258224487
lraa,7595,norm_only,225,2225,0,1,0.5068355202674866
lraa,7595,norm_only,226,1857,1,1,0.5309661626815796
lraa,7595,norm_only,227,2766,1,1,0.5662583708763123
lraa,7595,norm_only,228,1787,1,1,0.5068355202674866
lraa,7595,norm_only,229,628,0,1,0.5535053014755249
lraa,7595,norm_only,230,2082,1,1,0.5195213556289673
lraa,7595,norm_only,231,1270,1,1,0.5532639026641846
lraa,7595,norm_only,232,843,1,1,0.5860491394996643
lraa,7595,norm_only,233,1550,0,1,0.50244140625
lraa,7595,norm_only,234,2001,1,1,0.5625370144844055
lraa,7595,norm_only,235,2335,0,0,0.46830424666404724
lraa,7595,norm_only,236,2798,0,0,0.46490156650543213
lraa,7595,norm_only,237,1635,1,1,0.501953125
lraa,7595,norm_only,238,2760,1,1,0.5888152122497559
lraa,7595,norm_only,239,286,0,0,0.45834869146347046
lraa,7595,norm_only,240,1617,1,1,0.5758265852928162
lraa,7595,norm_only,241,423,1,1,0.5122045874595642
lraa,7595,norm_only,242,211,0,0,0.4520520865917206
lraa,7595,norm_only,243,2839,0,0,0.4134845435619354
lraa,7595,norm_only,244,409,1,1,0.5117166042327881
lraa,7595,norm_only,245,2016,1,1,0.5464961528778076
lraa,7595,norm_only,246,467,0,0,0.45713675022125244
lraa,7595,norm_only,247,4,1,1,0.555917501449585
lraa,7595,norm_only,248,1341,1,1,0.5146442651748657
lraa,7595,norm_only,249,2657,1,1,0.5696132779121399
lraa,7595,norm_only,250,1879,1,1,0.5302364826202393
lraa,7595,norm_only,251,1861,1,1,0.5204963088035583
lraa,7595,norm_only,252,1032,1,1,0.5498823523521423
lraa,7595,norm_only,253,529,1,1,0.6311396956443787
lraa,7595,norm_only,254,1350,1,0,0.4965820908546448
lraa,7595,norm_only,255,2445,1,1,0.5141563415527344
lraa,7595,norm_only,256,463,1,1,0.58486407995224
lraa,7595,norm_only,257,797,1,1,0.5455278754234314
lraa,7595,norm_only,258,1403,0,0,0.469277024269104
lraa,7595,norm_only,259,1328,0,1,0.5034179091453552
lraa,7595,norm_only,260,1859,0,0,0.48194143176078796
lraa,7595,norm_only,261,2829,1,1,0.5906611680984497
lraa,7595,norm_only,262,154,1,1,0.5728422403335571
lraa,7595,norm_only,263,2489,1,1,0.5628975033760071
lraa,7595,norm_only,264,1710,1,1,0.5992212891578674
lraa,7595,norm_only,265,2219,1,1,0.5525397062301636
lraa,7595,norm_only,266,966,1,1,0.6015350222587585
lraa,7595,norm_only,267,259,1,1,0.561214804649353
lraa,7595,norm_only,268,132,0,0,0.42292168736457825
lraa,7595,norm_only,269,124,0,0,0.49218812584877014
lraa,7595,norm_only,270,1496,1,1,0.507323682308197
lraa,7595,norm_only,271,827,0,0,0.42405420541763306
lraa,7595,norm_only,272,331,0,0,0.4892594516277313
lraa,7595,norm_only,273,1333,1,1,0.5730811953544617
lraa,7595,norm_only,274,1284,1,1,0.5708098411560059
lraa,7595,norm_only,275,75,0,0,0.4522939622402191
lraa,7595,norm_only,276,1453,0,0,0.4931644797325134
lraa,7595,norm_only,277,1894,0,0,0.4439619779586792
lraa,7595,norm_only,278,2013,1,1,0.5336405038833618
lraa,7595,norm_only,279,118,1,1,0.5870112776756287
lraa,7595,norm_only,280,2059,1,1,0.5958895087242126
lraa,7595,norm_only,281,1914,1,1,0.543832540512085
lraa,7595,norm_only,282,700,0,0,0.46976351737976074
lraa,7595,norm_only,283,2818,1,1,0.5592900514602661
lraa,7595,norm_only,284,2717,0,0,0.4598037302494049
lraa,7595,norm_only,285,1616,1,1,0.5690146684646606
lraa,7595,norm_only,286,883,1,1,0.5636181831359863
lraa,7595,norm_only,287,563,1,0,0.4975586235523224
lraa,7595,norm_only,288,1680,1,1,0.5443170070648193
lraa,7595,norm_only,289,2071,0,0,0.4902355968952179
lraa,7595,norm_only,290,2341,0,0,0.45181021094322205
lraa,7595,norm_only,291,2680,0,0,0.4834045171737671
lraa,7595,norm_only,292,2815,1,1,0.5777931809425354
lraa,7595,norm_only,293,1946,0,0,0.47414419054985046
lraa,7595,norm_only,294,1642,0,1,0.50146484375
lraa,7595,norm_only,295,2495,1,1,0.5743947625160217
lraa,7595,norm_only,296,802,1,1,0.5595307350158691
lraa,7595,norm_only,297,1878,1,0,0.4970703423023224
lraa,7595,norm_only,298,801,0,0,0.4838923215866089
lraa,7595,norm_only,299,1141,1,1,0.585041880607605
lraa,7595,norm_only,300,1737,0,0,0.4746311902999878
lraa,7595,norm_only,301,2831,0,1,0.523907482624054
lraa,7595,norm_only,302,1399,0,0,0.4824291169643402
lraa,7595,norm_only,303,918,1,1,0.6180891394615173
lraa,7595,norm_only,304,2193,0,1,0.5009765625
lraa,7595,norm_only,305,1024,1,0,0.49609383940696716
lraa,7595,norm_only,306,1128,1,1,0.5290200710296631
lraa,7595,norm_only,307,175,1,1,0.5515737533569336
lraa,7595,norm_only,308,71,0,0,0.4717099368572235
lraa,7595,norm_only,309,2589,1,1,0.5489152669906616
lraa,7595,norm_only,310,544,1,1,0.5758265852928162
lraa,7595,norm_only,311,1033,0,0,0.4368622899055481
lraa,7595,norm_only,312,2531,0,0,0.4508429169654846
lraa,7595,norm_only,313,1296,1,1,0.5472221374511719
lraa,7595,norm_only,314,2185,1,1,0.564578652381897
lraa,7595,norm_only,315,2076,1,0,0.4799911379814148
lraa,7595,norm_only,316,2284,0,0,0.4882833957672119
lraa,7595,norm_only,317,249,1,1,0.50244140625
lraa,7595,norm_only,318,2245,1,1,0.5718861818313599
lraa,7595,norm_only,319,1446,1,1,0.5903659462928772
lraa,7595,norm_only,320,2315,1,0,0.49218812584877014
lraa,7595,norm_only,321,1310,1,1,0.5679365992546082
lraa,7595,norm_only,322,35,1,1,0.5754687786102295
lraa,7595,norm_only,323,2574,1,1,0.5156199336051941
lraa,7595,norm_only,324,2035,1,1,0.5122045874595642
lraa,7595,norm_only,325,2604,1,1,0.5933442115783691
lraa,7595,norm_only,326,2261,0,0,0.48194143176078796
lraa,7595,norm_only,327,859,0,0,0.46976351737976074
lraa,7595,norm_only,328,2098,1,1,0.5723642706871033
lraa,7595,norm_only,329,1265,1,1,0.5839152932167053
lraa,7595,norm_only,330,28,1,1,0.5737978219985962
lraa,7595,norm_only,331,1044,1,1,0.5234203934669495
lraa,7595,norm_only,332,1374,1,1,0.5547116994857788
lraa,7595,norm_only,333,2918,1,1,0.5229331254959106
lraa,7595,norm_only,334,1183,0,0,0.489747554063797
lraa,7595,norm_only,335,2421,0,0,0.4843800961971283
lraa,7595,norm_only,336,641,1,1,0.5029296278953552
lraa,7595,norm_only,337,286,1,1,0.5822535157203674
lraa,7595,norm_only,338,679,1,0,0.49072372913360596
lraa,7595,norm_only,339,27,0,0,0.4926762878894806
lraa,7595,norm_only,340,2726,1,1,0.5782099962234497
lraa,7595,norm_only,341,1598,0,0,0.45132651925086975
lraa,7595,norm_only,342,2178,1,1,0.5384978652000427
lraa,7595,norm_only,343,1937,1,1,0.5029296278953552
lraa,7595,norm_only,344,1392,1,1,0.5963156223297119
lraa,7595,norm_only,345,873,1,1,0.60905921459198
lraa,7595,norm_only,346,494,1,1,0.5389832258224487
lraa,7595,norm_only,347,711,1,1,0.6210813522338867
lraa,7595,norm_only,348,2626,1,1,0.5190337300300598
lraa,7595,norm_only,349,2860,1,1,0.5248817801475525
lraa,7595,norm_only,350,184,0,1,0.5711687207221985
lraa,7595,norm_only,351,227,0,0,0.44263648986816406
lraa,7595,norm_only,352,1963,1,1,0.5486735105514526
lraa,7595,norm_only,353,2676,1,1,0.5165954232215881
lraa,7595,norm_only,354,1772,0,0,0.491211861371994
lraa,7595,norm_only,355,2121,0,0,0.4887714385986328
lraa,7595,norm_only,356,233,1,1,0.5676969289779663
lraa,7595,norm_only,357,974,0,0,0.44963425397872925
lraa,7595,norm_only,358,1706,1,1,0.5380124449729919
lraa,7595,norm_only,359,705,0,0,0.45713675022125244
lraa,7595,norm_only,360,1038,1,1,0.5443170070648193
lraa,7595,norm_only,361,2774,1,1,0.5688949227333069
lraa,7595,norm_only,362,310,1,1,0.5161076784133911
lraa,7595,norm_only,363,2607,0,0,0.4452883005142212
lraa,7595,norm_only,364,1502,1,1,0.5789243578910828
lraa,7595,norm_only,365,2869,0,0,0.4407099783420563
lraa,7595,norm_only,366,217,1,1,0.5134245157241821
lraa,7595,norm_only,367,356,0,0,0.4359015226364136
lraa,7595,norm_only,368,1327,1,1,0.5604932308197021
lraa,7595,norm_only,369,2294,0,0,0.4303867816925049
lraa,7595,norm_only,370,2857,0,1,0.6226887702941895
lraa,7595,norm_only,371,457,1,1,0.60905921459198
lraa,7595,norm_only,372,377,1,1,0.5851900577545166
lraa,7595,norm_only,373,1743,0,0,0.42919009923934937
lraa,7595,norm_only,374,1393,1,1,0.5336405038833618
lraa,7595,norm_only,375,1145,1,1,0.5496405959129333
lraa,7595,norm_only,376,1072,1,1,0.5563995838165283
lraa,7595,norm_only,377,1419,1,1,0.5571225881576538
lraa,7595,norm_only,378,1789,1,1,0.5864932537078857
lraa,7595,norm_only,379,1978,1,1,0.577852725982666
lraa,7595,norm_only,380,1674,1,1,0.5908382534980774
lraa,7595,norm_only,381,1246,1,1,0.5672175884246826
lraa,7595,norm_only,382,256,1,0,0.49560558795928955
lraa,7595,norm_only,383,2521,1,1,0.5755879878997803
lraa,7595,norm_only,384,586,1,0,0.4838923215866089
lraa,7595,norm_only,385,2418,1,1,0.6164164543151855
lraa,7595,norm_only,386,1114,1,1,0.5628975033760071
lraa,7595,norm_only,387,176,0,1,0.5367985367774963
lraa,7595,norm_only,388,338,1,0,0.47804147005081177
lraa,7595,norm_only,389,1665,1,1,0.5443170070648193
lraa,7595,norm_only,390,721,1,1,0.5903069972991943
lraa,7595,norm_only,391,2235,1,1,0.5890073776245117
lraa,7595,norm_only,392,2643,1,1,0.5370413661003113
lraa,7595,norm_only,393,2549,0,0,0.4440825581550598
lraa,7595,norm_only,394,2216,0,1,0.5649387240409851
lraa,7595,norm_only,395,796,0,1,0.545285701751709
lraa,7595,norm_only,396,1380,0,0,0.4590761363506317
lraa,7595,norm_only,397,227,0,0,0.44287747144699097
lraa,7595,norm_only,398,2410,1,1,0.5043944120407104
lraa,7595,norm_only,399,1109,1,1,0.543832540512085
lraa,7595,norm_only,400,2759,1,0,0.4887714385986328
lraa,7595,norm_only,401,1292,0,0,0.43854475021362305
lraa,7595,norm_only,402,1941,1,1,0.5749915242195129
lraa,7595,norm_only,403,1966,0,0,0.4644157290458679
lraa,7595,norm_only,404,2444,0,0,0.469277024269104
lraa,7595,norm_only,405,1826,0,0,0.4644157290458679
lraa,7595,norm_only,406,2498,1,1,0.5287767648696899
lraa,7595,norm_only,407,1195,1,1,0.5998441576957703
lraa,7595,norm_only,408,1556,1,1,0.5486735105514526
lraa,7595,norm_only,409,2470,1,1,0.5571225881576538
lraa,7595,norm_only,410,1378,1,1,0.570331335067749
lraa,7595,norm_only,411,295,0,1,0.5146442651748657
lraa,7595,norm_only,412,1195,1,1,0.5667380690574646
lraa,7595,norm_only,413,675,0,0,0.471466600894928
lraa,7595,norm_only,414,150,0,0,0.4653874933719635
lraa,7595,norm_only,415,2756,0,0,0.4624730348587036
lraa,7595,norm_only,416,618,0,0,0.4765796661376953
lraa,7595,norm_only,417,944,1,1,0.5580862164497375
lraa,7595,norm_only,418,2120,1,1,0.5571225881576538
lraa,7595,norm_only,419,2479,1,1,0.5573635101318359
lraa,7595,norm_only,420,2506,0,0,0.4303867816925049
lraa,7595,norm_only,421,1918,1,1,0.5448014140129089
lraa,7595,norm_only,422,266,0,0,0.46733176708221436
lraa,7595,norm_only,423,2181,0,1,0.5
lraa,7595,norm_only,424,1267,1,1,0.5669777989387512
lraa,7595,norm_only,425,21,0,0,0.43950676918029785
lraa,7595,norm_only,426,931,0,0,0.49560558795928955
lraa,7595,norm_only,427,768,0,0,0.48072248697280884
lraa,7595,norm_only,428,2660,1,1,0.5624168515205383
lraa,7595,norm_only,429,2414,1,0,0.4916999638080597
lraa,7595,norm_only,430,1866,1,1,0.5566405653953552
lraa,7595,norm_only,431,1264,1,1,0.5817189812660217
lraa,7595,norm_only,432,1317,1,1,0.572975754737854
lraa,7595,norm_only,433,2376,0,0,0.47073662281036377
lraa,7595,norm_only,434,383,0,0,0.4990234673023224
lraa,7595,norm_only,435,445,0,1,0.5131805539131165
lraa,7595,norm_only,436,482,0,0,0.43782350420951843
lraa,7595,norm_only,437,742,1,1,0.532181978225708
lraa,7595,norm_only,438,1976,1,1,0.5713480710983276
lraa,7595,norm_only,439,2585,1,1,0.5161076784133911
lraa,7595,norm_only,440,1549,0,0,0.46295860409736633
lraa,7595,norm_only,441,1179,1,1,0.5161076784133911
lraa,7595,norm_only,442,1957,1,1,0.5664982199668884
lraa,7595,norm_only,443,955,1,1,0.6160122752189636
lraa,7595,norm_only,444,2672,1,1,0.5039061903953552
lraa,7595,norm_only,445,403,1,1,0.5757668614387512
lraa,7595,norm_only,446,2583,0,1,0.5214711427688599
lraa,7595,norm_only,447,2003,1,1,0.5253688097000122
lraa,7595,norm_only,448,1161,1,1,0.5029296278953552
lraa,7595,norm_only,449,2451,0,1,0.5058591365814209
lraa,7595,norm_only,450,1106,0,1,0.5161076784133911
lraa,7595,norm_only,451,271,1,0,0.49072372913360596
lraa,7595,norm_only,452,8,0,0,0.4627158045768738
lraa,7595,norm_only,453,526,1,1,0.5141563415527344
lraa,7595,norm_only,454,562,1,1,0.5628975033760071
lraa,7595,norm_only,455,84,1,1,0.5180585384368896
lraa,7595,norm_only,456,1280,0,0,0.4975586235523224
lraa,7595,norm_only,457,1405,1,1,0.5365557670593262
lraa,7595,norm_only,458,948,1,1,0.524394690990448
lraa,7595,norm_only,459,2357,1,1,0.5219584703445435
lraa,7595,norm_only,460,2218,1,0,0.49072372913360596
lraa,7595,norm_only,461,1160,1,1,0.5414088368415833
lraa,7595,norm_only,462,1867,1,1,0.5440747737884521
lraa,7595,norm_only,463,541,0,0,0.456409752368927
lraa,7595,norm_only,464,2784,0,0,0.469033807516098
lraa,7595,norm_only,465,2390,1,1,0.555194079875946
lraa,7595,norm_only,466,2902,1,1,0.5053709149360657
lraa,7595,norm_only,467,2375,0,0,0.4593186378479004
lraa,7595,norm_only,468,2876,1,1,0.5626571178436279
lraa,7595,norm_only,469,285,1,1,0.5510905385017395
lraa,7595,norm_only,470,1480,1,1,0.5156199336051941
lraa,7595,norm_only,471,1150,1,1,0.5214711427688599
lraa,7595,norm_only,472,736,1,1,0.5741261839866638
lraa,7595,norm_only,473,2699,1,1,0.561214804649353
lraa,7595,norm_only,474,1358,1,1,0.5510905385017395
lraa,7595,norm_only,475,2904,1,1,0.5730811953544617
lraa,7595,norm_only,476,867,0,1,0.5491570830345154
lraa,7595,norm_only,477,788,1,1,0.555917501449585
lraa,7595,norm_only,478,1370,0,1,0.5058591365814209
lraa,7595,norm_only,479,825,0,0,0.469277024269104
lraa,7595,norm_only,480,2047,0,0,0.47731053829193115
lraa,7595,norm_only,481,1206,0,0,0.4384846091270447
lraa,7595,norm_only,482,215,1,1,0.5535053014755249
lraa,7595,norm_only,483,1857,0,0,0.4275161921977997
lraa,7595,norm_only,484,1822,1,1,0.5278033018112183
lraa,7595,norm_only,485,2170,1,1,0.6028217077255249
lraa,7595,norm_only,486,596,0,1,0.5343695282936096
lraa,7595,norm_only,487,1740,1,1,0.6083614230155945
lraa,7595,norm_only,488,1299,0,0,0.4590761363506317
lraa,7595,norm_only,489,2147,0,0,0.4515683650970459
lraa,7595,norm_only,490,486,0,0,0.4493926465511322
lraa,7595,norm_only,491,271,1,0,0.4946291148662567
lraa,7595,norm_only,492,845,1,1,0.5745141506195068
lraa,7595,norm_only,493,1779,0,0,0.43626174330711365
lraa,7595,norm_only,494,1909,1,1,0.5486735105514526
lraa,7595,norm_only,495,1723,1,1,0.547947883605957
lraa,7595,norm_only,496,2210,1,0,0.489747554063797
lraa,7595,norm_only,497,1030,1,1,0.5535053014755249
lraa,7595,norm_only,498,593,0,0,0.41584742069244385
lraa,7595,norm_only,499,2348,0,0,0.456409752368927
lraa,7595,norm_only,500,2685,0,0,0.42560523748397827
lraa,7595,norm_only,501,1457,1,1,0.5743947625160217
lraa,7595,norm_only,502,849,1,1,0.6186652183532715
lraa,7595,norm_only,503,1060,1,0,0.4931644797325134
lraa,7595,norm_only,504,237,0,1,0.5192775726318359
lraa,7595,norm_only,505,2252,1,1,0.5389832258224487
lraa,7595,norm_only,506,2325,0,0,0.45859116315841675
lraa,7595,norm_only,507,978,0,0,0.44263648986816406
lraa,7595,norm_only,508,2018,0,1,0.5464961528778076
lraa,7595,norm_only,509,2255,0,0,0.44155260920524597
lraa,7595,norm_only,510,732,1,1,0.5443170070648193
lraa,7595,norm_only,511,404,0,0,0.4790162444114685
lraa,7595,norm_only,512,2045,0,0,0.4687906503677368
lraa,7595,norm_only,513,1543,1,1,0.5837076902389526
lraa,7595,norm_only,514,724,1,1,0.5462540984153748
lraa,7595,norm_only,515,521,0,0,0.4843800961971283
lraa,7595,norm_only,516,2033,0,1,0.5404388308525085
lraa,7595,norm_only,517,682,0,0,0.4489094018936157
lraa,7595,norm_only,518,462,1,1,0.5940803289413452
lraa,7595,norm_only,519,2240,1,1,0.5370413661003113
lraa,7595,norm_only,520,2227,0,0,0.4863315522670746
lraa,7595,norm_only,521,1089,1,1,0.5878839492797852
lraa,7595,norm_only,522,2442,1,1,0.562176525592804
lraa,7595,norm_only,523,2375,1,1,0.5588085651397705
lraa,7595,norm_only,524,470,1,1,0.6537903547286987
lraa,7595,norm_only,525,1676,0,0,0.45713675022125244
lraa,7595,norm_only,526,1375,0,0,0.47950369119644165
lraa,7595,norm_only,527,992,1,1,0.6005690693855286
lraa,7595,norm_only,528,288,1,1,0.5510905385017395
lraa,7595,norm_only,529,378,1,1,0.5662583708763123
lraa,7595,norm_only,530,1832,0,0,0.4704933166503906
lraa,7595,norm_only,531,1565,0,0,0.4834045171737671
lraa,7595,norm_only,532,1297,0,0,0.4437209367752075
lraa,7595,norm_only,533,1052,0,1,0.5161076784133911
lraa,7595,norm_only,534,1349,1,1,0.5737978219985962
lraa,7595,norm_only,535,1609,1,1,0.5901592969894409
lraa,7595,norm_only,536,727,0,1,0.5136684775352478
lraa,7595,norm_only,537,793,1,1,0.5741560459136963
lraa,7595,norm_only,538,1774,1,1,0.5350984334945679
lraa,7595,norm_only,539,504,1,1,0.6261242032051086
lraa,7595,norm_only,540,363,1,0,0.49365267157554626
lraa,7595,norm_only,541,2487,1,0,0.47755417227745056
lraa,7595,norm_only,542,1068,1,1,0.5501240491867065
lraa,7595,norm_only,543,2078,0,0,0.41970741748809814
lraa,7595,norm_only,544,2828,1,1,0.5501240491867065
lraa,7595,norm_only,545,2129,1,0,0.45834869146347046
lraa,7595,norm_only,546,2381,1,1,0.5742753744125366
lraa,7595,norm_only,547,2428,1,1,0.5688949227333069
lraa,7595,norm_only,548,1364,0,0,0.4946291148662567
lraa,7595,norm_only,549,339,1,1,0.5736784338951111
lraa,7595,norm_only,550,338,0,0,0.4680611491203308
lraa,7595,norm_only,551,2247,0,0,0.4120273292064667
lraa,7595,norm_only,552,1070,0,1,0.5292633771896362
lraa,7595,norm_only,553,451,1,1,0.532181978225708
lraa,7595,norm_only,554,381,1,1,0.5849233269691467
lraa,7595,norm_only,555,1831,0,0,0.48681947588920593
lraa,7595,norm_only,556,343,1,1,0.5566405653953552
lraa,7595,norm_only,557,963,1,1,0.5607337951660156
lraa,7595,norm_only,558,1240,1,1,0.523907482624054
lraa,7595,norm_only,559,419,0,0,0.4318237602710724
lraa,7595,norm_only,560,368,0,1,0.507323682308197
lraa,7595,norm_only,561,147,1,1,0.5151321291923523
lraa,7595,norm_only,562,2890,0,0,0.4576214551925659
lraa,7595,norm_only,563,439,0,0,0.4515683650970459
lraa,7595,norm_only,564,1050,0,0,0.42530685663223267
lraa,7595,norm_only,565,1601,0,0,0.4307458698749542
lraa,7595,norm_only,566,2513,0,0,0.4522939622402191
lraa,7595,norm_only,567,2286,0,0,0.47755417227745056
lraa,7595,norm_only,568,2625,0,0,0.4653874933719635
lraa,7595,norm_only,569,1249,0,0,0.4469774663448334
lraa,7595,norm_only,570,1462,1,0,0.4765796661376953
lraa,7595,norm_only,571,666,0,0,0.4951173663139343
lraa,7595,norm_only,572,309,1,1,0.5573635101318359
lraa,7595,norm_only,573,1342,1,1,0.5346124768257141
lraa,7595,norm_only,574,393,1,1,0.5616957545280457
lraa,7595,norm_only,575,2690,1,1,0.5287767648696899
lraa,7595,norm_only,576,80,1,1,0.50146484375
lraa,7595,norm_only,577,1824,1,1,0.5336405038833618
lraa,7595,norm_only,578,1704,0,1,0.50146484375
lraa,7595,norm_only,579,484,1,1,0.5209837555885315
lraa,7595,norm_only,580,667,0,0,0.47755417227745056
lraa,7595,norm_only,581,578,0,0,0.47268345952033997
lraa,7595,norm_only,582,958,1,1,0.5141563415527344
lraa,7595,norm_only,583,538,1,1,0.5326682329177856
lraa,7595,norm_only,584,2877,1,0,0.4423955976963043
lraa,7595,norm_only,585,607,0,0,0.42459094524383545
lraa,7595,norm_only,586,2322,1,1,0.5309661626815796
lraa,7595,norm_only,587,506,1,1,0.5107405185699463
lraa,7595,norm_only,588,1456,0,0,0.4985351264476776
lraa,7595,norm_only,589,1778,1,1,0.5898345112800598
lraa,7595,norm_only,590,1777,1,1,0.6110919117927551
lraa,7595,norm_only,591,1144,0,0,0.4372227191925049
lraa,7595,norm_only,592,1746,0,0,0.45374593138694763
lraa,7595,norm_only,593,890,0,0,0.498046875
lraa,7595,norm_only,594,1572,1,1,0.607313871383667
lraa,7595,norm_only,595,1821,0,0,0.47852882742881775
lraa,7595,norm_only,596,1798,1,1,0.5200088620185852
lraa,7595,norm_only,597,2615,1,1,0.5655386447906494
lraa,7595,norm_only,598,1147,1,1,0.543832540512085
lraa,7595,norm_only,599,2131,1,1,0.5783886313438416
lraa,7595,norm_only,600,793,1,1,0.5998660922050476
lraa,7595,norm_only,601,840,1,1,0.5190337300300598
lraa,7595,norm_only,602,1084,0,0,0.4687906503677368
lraa,7595,norm_only,603,1669,1,0,0.4931644797325134
lraa,7595,norm_only,604,2288,0,0,0.4751182198524475
lraa,7595,norm_only,605,2233,0,1,0.5190337300300598
lraa,7595,norm_only,606,729,1,1,0.5282900333404541
lraa,7595,norm_only,607,349,1,1,0.551211416721344
lraa,7595,norm_only,608,1289,1,1,0.5660185217857361
lraa,7595,norm_only,609,1573,0,0,0.49365267157554626
lraa,7595,norm_only,610,597,1,1,0.5729617476463318
lraa,7595,norm_only,611,2400,1,1,0.5063472986221313
lraa,7595,norm_only,612,2789,1,1,0.5087881684303284
lraa,7595,norm_only,613,1494,1,1,0.5450435876846313
lraa,7595,norm_only,614,1184,0,0,0.4573790729045868
lraa,7595,norm_only,615,639,1,1,0.5828472375869751
lraa,7595,norm_only,616,2544,1,1,0.5229331254959106
lraa,7595,norm_only,617,952,1,1,0.5365557670593262
lraa,7595,norm_only,618,1497,1,1,0.5102524757385254
lraa,7595,norm_only,619,448,1,1,0.5742753744125366
lraa,7595,norm_only,620,892,0,0,0.48535576462745667
lraa,7595,norm_only,621,1236,1,1,0.5804709792137146
lraa,7595,norm_only,622,331,1,1,0.5034179091453552
lraa,7595,norm_only,623,633,1,1,0.5544704794883728
lraa,7595,norm_only,624,917,1,1,0.5126925706863403
lraa,7595,norm_only,625,1314,1,1,0.5501240491867065
lraa,7595,norm_only,626,1168,1,1,0.5058591365814209
lraa,7595,norm_only,627,1480,1,1,0.5180585384368896
lraa,7595,norm_only,628,818,1,1,0.5469801425933838
lraa,7595,norm_only,629,1009,0,0,0.49609383940696716
lraa,7595,norm_only,630,222,0,1,0.5258557796478271
lraa,7595,norm_only,631,769,1,1,0.5636181831359863
lraa,7595,norm_only,632,2519,1,1,0.5443170070648193
lraa,7595,norm_only,633,2361,0,0,0.4946291148662567
lraa,7595,norm_only,634,400,0,1,0.50146484375
lraa,7595,norm_only,635,277,1,1,0.5380124449729919
lraa,7595,norm_only,636,660,1,1,0.5214711427688599
lraa,7595,norm_only,637,1692,1,1,0.5153759717941284
lraa,7595,norm_only,638,1934,0,0,0.4824291169643402
lraa,7595,norm_only,639,1460,0,0,0.47950369119644165
lraa,7595,norm_only,640,1230,1,1,0.5863896012306213
lraa,7595,norm_only,641,1645,0,0,0.47414419054985046
lraa,7595,norm_only,642,1475,1,1,0.5464961528778076
lraa,7595,norm_only,643,96,1,1,0.5989574790000916
lraa,7595,norm_only,644,1136,0,0,0.47073662281036377
lraa,7595,norm_only,645,2809,1,1,0.5740366578102112
lraa,7595,norm_only,646,1501,1,0,0.475848913192749
lraa,7595,norm_only,647,264,0,0,0.4598037302494049
lraa,7595,norm_only,648,1594,1,1,0.5467381477355957
lraa,7595,norm_only,649,587,1,1,0.5984295010566711
lraa,7595,norm_only,650,414,1,1,0.601578950881958
lraa,7595,norm_only,651,942,0,0,0.43470126390457153
lraa,7595,norm_only,652,2641,1,1,0.58486407995224
lraa,7595,norm_only,653,436,0,1,0.5350984334945679
lraa,7595,norm_only,654,1717,1,1,0.5161076784133911
lraa,7595,norm_only,655,1877,1,1,0.5818971395492554
lraa,7595,norm_only,656,1626,1,1,0.5204963088035583
lraa,7595,norm_only,657,2040,0,0,0.4804786741733551
lraa,7595,norm_only,658,2420,1,1,0.5963449478149414
lraa,7595,norm_only,659,2521,1,1,0.5913693308830261
lraa,7595,norm_only,660,158,1,1,0.5525397062301636
lraa,7595,norm_only,661,1312,1,1,0.5520567893981934
lraa,7595,norm_only,662,31,0,1,0.532181978225708
lraa,7595,norm_only,663,1151,1,1,0.5263427495956421
lraa,7595,norm_only,664,2815,1,1,0.5746335387229919
lraa,7595,norm_only,665,1195,0,0,0.4736572504043579
lraa,7595,norm_only,666,1141,1,1,0.5850863456726074
lraa,7595,norm_only,667,2024,0,0,0.4882833957672119
lraa,7595,norm_only,668,1842,1,1,0.5389832258224487
lraa,7595,norm_only,669,1345,1,1,0.5696132779121399
lraa,7595,norm_only,670,2783,1,1,0.613815426826477
lraa,7595,norm_only,671,1873,1,1,0.5326682329177856
lraa,7595,norm_only,672,1905,1,1,0.5282900333404541
lraa,7595,norm_only,673,2834,1,1,0.5822535157203674
lraa,7595,norm_only,674,1853,0,0,0.4834045171737671
lraa,7595,norm_only,675,1407,1,1,0.5175709128379822
lraa,7595,norm_only,676,2148,0,0,0.46976351737976074
lraa,7595,norm_only,677,1186,0,0,0.47950369119644165
lraa,7595,norm_only,678,1845,0,0,0.4877953827381134
lraa,7595,norm_only,679,273,0,0,0.45956116914749146
lraa,7595,norm_only,680,764,1,1,0.5788053274154663
lraa,7595,norm_only,681,2673,1,0,0.4834045171737671
lraa,7595,norm_only,682,1649,1,1,0.5693738460540771
lraa,7595,norm_only,683,820,1,1,0.5048826336860657
lraa,7595,norm_only,684,1694,0,0,0.4532618820667267
lraa,7595,norm_only,685,860,1,1,0.5204963088035583
lraa,7595,norm_only,686,2730,0,0,0.47317034006118774
lraa,7595,norm_only,687,1685,0,0,0.4882833957672119
lraa,7595,norm_only,688,887,1,1,0.586167573928833
lraa,7595,norm_only,689,2009,1,1,0.507323682308197
lraa,7595,norm_only,690,1397,0,0,0.46101680397987366
lraa,7595,norm_only,691,2430,1,1,0.5679365992546082
lraa,7595,norm_only,692,1892,1,1,0.5423785448074341
lraa,7595,norm_only,693,174,1,1,0.6230328679084778
lraa,7595,norm_only,694,2096,1,1,0.5626571178436279
lraa,7595,norm_only,695,1138,0,0,0.4848679304122925
lraa,7595,norm_only,696,364,1,1,0.5450435876846313
lraa,7595,norm_only,697,120,0,0,0.4172714948654175
lraa,7595,norm_only,698,1735,0,0,0.491211861371994
lraa,7595,norm_only,699,468,1,1,0.5655386447906494
lraa,7595,norm_only,700,1421,1,1,0.555194079875946
lraa,7595,norm_only,701,2849,1,1,0.5297499895095825
lraa,7595,norm_only,702,1578,0,0,0.44770175218582153
lraa,7595,norm_only,703,1448,1,1,0.6124835014343262
lraa,7595,norm_only,704,203,1,1,0.5367985367774963
lraa,7595,norm_only,705,1975,0,0,0.4639299511909485
lraa,7595,norm_only,706,2926,1,1,0.5662583708763123
lraa,7595,norm_only,707,751,0,0,0.4522939622402191
lraa,7595,norm_only,708,2583,0,1,0.509276270866394
lraa,7595,norm_only,709,2093,0,0,0.425724595785141
lraa,7595,norm_only,710,334,1,1,0.5896591544151306
lraa,7595,norm_only,711,783,1,1,0.5770187377929688
lraa,7595,norm_only,712,1822,0,1,0.5039061903953552
lraa,7595,norm_only,713,611,1,0,0.47414419054985046
lraa,7595,norm_only,714,1994,1,1,0.547947883605957
lraa,7595,norm_only,715,1882,1,1,0.5387405753135681
lraa,7595,norm_only,716,795,1,1,0.5380124449729919
lraa,7595,norm_only,717,407,1,1,0.5063472986221313
lraa,7595,norm_only,718,2313,1,1,0.50244140625
lraa,7595,norm_only,719,625,1,1,0.5992506742477417
lraa,7595,norm_only,720,746,0,0,0.4736572504043579
lraa,7595,norm_only,721,1281,1,1,0.5937860012054443
lraa,7595,norm_only,722,1614,1,1,0.598389208316803
lraa,7595,norm_only,723,2,0,0,0.4561675190925598
lraa,7595,norm_only,724,466,1,1,0.5537466406822205
lraa,7595,norm_only,725,143,1,1,0.5043944120407104
lraa,7595,norm_only,726,2273,1,1,0.5863304138183594
lraa,7595,norm_only,727,2285,0,0,0.46101680397987366
lraa,7595,norm_only,728,1113,0,0,0.4258440136909485
lraa,7595,norm_only,729,2499,1,1,0.547947883605957
lraa,7595,norm_only,730,2500,0,0,0.4765796661376953
lraa,7595,norm_only,731,1582,1,1,0.5554351806640625
lraa,7595,norm_only,732,1835,1,1,0.5901888608932495
lraa,7595,norm_only,733,557,1,1,0.5764227509498596
lraa,7595,norm_only,734,2882,1,1,0.5043944120407104
lraa,7595,norm_only,735,2707,1,1,0.5462540984153748
lraa,7595,norm_only,736,1499,0,1,0.5117166042327881
lraa,7595,norm_only,737,2025,0,0,0.4262021780014038
lraa,7595,norm_only,738,1379,1,1,0.5893028378486633
lraa,7595,norm_only,739,412,1,1,0.5602526664733887
lraa,7595,norm_only,740,969,0,0,0.4985351264476776
lraa,7595,norm_only,741,483,1,1,0.6136417984962463
lraa,7595,norm_only,742,1062,1,1,0.5860787034034729
lraa,7595,norm_only,743,9,1,1,0.5185462236404419
lraa,7595,norm_only,744,2061,1,1,0.5200088620185852
lraa,7595,norm_only,745,683,1,1,0.5824316143989563
lraa,7595,norm_only,746,2482,0,1,0.543347954750061
lraa,7595,norm_only,747,2452,0,0,0.4407099783420563
lraa,7595,norm_only,748,2396,0,1,0.5146442651748657
lraa,7595,norm_only,749,1191,1,1,0.6097565293312073
lraa,7595,norm_only,750,1055,1,1,0.5582065582275391
lraa,7595,norm_only,751,2893,1,1,0.5234203934669495
lraa,7595,norm_only,752,325,0,0,0.48194143176078796
lraa,7595,norm_only,753,875,1,1,0.5522982478141785
lraa,7595,norm_only,754,2720,0,0,0.47755417227745056
lraa,7595,norm_only,755,1411,1,1,0.50146484375
lraa,7595,norm_only,756,1071,1,1,0.5457699298858643
lraa,7595,norm_only,757,1811,1,1,0.545285701751709
lraa,7595,norm_only,758,161,0,0,0.42919009923934937
lraa,7595,norm_only,759,2760,1,1,0.5921949744224548
lraa,7595,norm_only,760,621,1,1,0.5370413661003113
lraa,7595,norm_only,761,2132,0,0,0.48681947588920593
lraa,7595,norm_only,762,2836,0,0,0.43014732003211975
lraa,7595,norm_only,763,399,1,1,0.50048828125
lraa,7595,norm_only,764,2243,1,1,0.5363128781318665
lraa,7595,norm_only,765,686,1,1,0.5
lraa,7595,norm_only,766,2910,1,1,0.5209837555885315
lraa,7595,norm_only,767,2674,1,1,0.5078118443489075
lraa,7595,norm_only,768,1515,1,1,0.581303060054779
lraa,7595,norm_only,769,2384,1,1,0.5954558253288269
lraa,7595,norm_only,770,1836,0,0,0.48194143176078796
lraa,7595,norm_only,771,198,1,1,0.5826097726821899
lraa,7595,norm_only,772,2749,1,1,0.5331543684005737
lraa,7595,norm_only,773,1699,1,1,0.5722447633743286
lraa,7595,norm_only,774,69,0,1,0.5477060079574585
lraa,7595,norm_only,775,1139,0,1,0.5097643733024597
lraa,7595,norm_only,776,950,0,0,0.4892594516277313
lraa,7595,norm_only,777,1234,1,1,0.5126925706863403
lraa,7595,norm_only,778,1018,1,1,0.5078118443489075
lraa,7595,norm_only,779,2304,1,1,0.5626571178436279
lraa,7595,norm_only,780,386,1,1,0.5774953961372375
lraa,7595,norm_only,781,2646,1,1,0.5964845418930054
lraa,7595,norm_only,782,1269,0,0,0.45495644211769104
lraa,7595,norm_only,783,232,0,1,0.5141563415527344
lraa,7595,norm_only,784,450,0,1,0.5058591365814209
lraa,7595,norm_only,785,1576,1,1,0.50244140625
lraa,7595,norm_only,786,1759,0,0,0.44034895300865173
lraa,7595,norm_only,787,1268,0,0,0.4746311902999878
lraa,7595,norm_only,788,223,1,1,0.5462540984153748
lraa,7595,norm_only,789,2162,0,0,0.48535576462745667
lraa,7595,norm_only,790,974,0,0,0.4484263062477112
lraa,7595,norm_only,791,1620,1,1,0.5945512652397156
lraa,7595,norm_only,792,2067,1,1,0.5535053014755249
lraa,7595,norm_only,793,2736,1,1,0.5297499895095825
lraa,7595,norm_only,794,784,0,0,0.45956116914749146
lraa,7595,norm_only,795,262,1,1,0.6125414371490479
lraa,7595,norm_only,796,1747,1,1,0.5864636301994324
lraa,7595,norm_only,797,728,0,0,0.48535576462745667
lraa,7595,norm_only,798,263,1,1,0.5520567893981934
lraa,7595,norm_only,799,1208,1,0,0.4916999638080597
lraa,7595,norm_only,800,292,0,0,0.456409752368927
lraa,7595,norm_only,801,1333,1,1,0.5628975033760071
lraa,7595,norm_only,802,619,1,1,0.5428633093833923
lraa,7595,norm_only,803,2616,1,1,0.5486735105514526
lraa,7595,norm_only,804,279,0,0,0.4452883005142212
lraa,7595,norm_only,805,935,1,1,0.5068355202674866
lraa,7595,norm_only,806,452,1,1,0.547947883605957
lraa,7595,norm_only,807,362,0,0,0.4834045171737671
lraa,7595,norm_only,808,1320,1,1,0.5200088620185852
lraa,7595,norm_only,809,2605,1,0,0.4824291169643402
lraa,7595,norm_only,810,2716,1,1,0.5498823523521423
lraa,7595,norm_only,811,1900,1,1,0.5319388508796692
lraa,7595,norm_only,812,1961,1,1,0.5156199336051941
lraa,7595,norm_only,813,2785,1,1,0.5850715041160583
lraa,7595,norm_only,814,985,1,1,0.5643386244773865
lraa,7595,norm_only,815,2433,0,0,0.47219666838645935
lraa,7595,norm_only,816,1629,0,0,0.4843800961971283
lraa,7595,norm_only,817,2870,1,1,0.5161076784133911
lraa,7595,norm_only,818,1270,1,1,0.5416513085365295
lraa,7595,norm_only,819,12,1,1,0.5
lraa,7595,norm_only,820,2597,1,1,0.5986348390579224
lraa,7595,norm_only,821,454,1,0,0.49609383940696716
lraa,7595,norm_only,822,2086,0,0,0.4824291169643402
lraa,7595,norm_only,823,512,1,1,0.6066150069236755
lraa,7595,norm_only,824,2755,0,0,0.4342213571071625
lraa,7595,norm_only,825,2276,1,1,0.561214804649353
lraa,7595,norm_only,826,1125,1,1,0.5556763410568237
lraa,7595,norm_only,827,351,1,1,0.5170831680297852
lraa,7595,norm_only,828,899,0,1,0.5117166042327881
lraa,7595,norm_only,829,122,1,1,0.5389832258224487
lraa,7595,norm_only,830,1547,1,1,0.5631377100944519
lraa,7595,norm_only,831,148,0,1,0.5146442651748657
lraa,7595,norm_only,832,1096,0,0,0.49560558795928955
lraa,7595,norm_only,833,2815,1,1,0.6033477187156677
lraa,7595,norm_only,834,943,1,1,0.5375269651412964
lraa,7595,norm_only,835,1430,1,1,0.5520567893981934
lraa,7595,norm_only,836,2693,1,1,0.524394690990448
lraa,7595,norm_only,837,2425,1,1,0.5763035416603088
lraa,7595,norm_only,838,906,0,0,0.47706687450408936
lraa,7595,norm_only,839,458,0,0,0.47219666838645935
lraa,7595,norm_only,840,913,0,0,0.4931644797325134
lraa,7595,norm_only,841,2724,1,1,0.5743947625160217
lraa,7595,norm_only,842,689,1,1,0.5370413661003113
lraa,7595,norm_only,843,1366,1,1,0.5660185217857361
lraa,7595,norm_only,844,2644,1,0,0.47317034006118774
lraa,7595,norm_only,845,209,1,1,0.5576044321060181
lraa,7595,norm_only,846,473,1,1,0.5428633093833923
lraa,7595,norm_only,847,770,1,1,0.5648187398910522
lraa,7595,norm_only,848,503,0,0,0.44987595081329346
lraa,7595,norm_only,849,178,0,0,0.4527778923511505
lraa,7595,norm_only,850,114,0,0,0.4975586235523224
lraa,7595,norm_only,851,2602,0,0,0.49609383940696716
lraa,7595,norm_only,852,13,0,0,0.454472154378891
lraa,7595,norm_only,853,224,0,1,0.5063472986221313
lraa,7595,norm_only,854,699,1,1,0.5248817801475525
lraa,7595,norm_only,855,550,1,1,0.5382551550865173
lraa,7595,norm_only,856,1959,0,0,0.4656304717063904
lraa,7595,norm_only,857,2668,1,1,0.5737679600715637
lraa,7595,norm_only,858,2719,0,0,0.4678179919719696
lraa,7595,norm_only,859,2846,1,1,0.5705706477165222
lraa,7595,norm_only,860,1346,0,0,0.45544081926345825
lraa,7595,norm_only,861,854,0,0,0.45132651925086975
lraa,7595,norm_only,862,1887,0,0,0.4605315029621124
lraa,7595,norm_only,863,1410,1,1,0.5715274810791016
lraa,7595,norm_only,864,2884,0,0,0.45713675022125244
lraa,7595,norm_only,865,2435,1,1,0.5384978652000427
lraa,7595,norm_only,866,960,0,0,0.46174484491348267
lraa,7595,norm_only,867,1980,0,1,0.5467381477355957
lraa,7595,norm_only,868,919,1,1,0.5607337951660156
lraa,7595,norm_only,869,743,0,0,0.42847251892089844
lraa,7595,norm_only,870,1504,1,1,0.5554351806640625
lraa,7595,norm_only,871,85,0,0,0.4946291148662567
lraa,7595,norm_only,872,1085,1,1,0.5568816065788269
lraa,7595,norm_only,873,853,0,0,0.4892594516277313
lraa,7595,norm_only,874,964,1,0,0.4941408932209015
lraa,7595,norm_only,875,2197,1,1,0.5566405653953552
lraa,7595,norm_only,876,2345,0,0,0.48291680216789246
lraa,7595,norm_only,877,1363,1,1,0.5087881684303284
lraa,7595,norm_only,878,1599,0,0,0.491211861371994
lraa,7595,norm_only,879,814,0,0,0.47317034006118774
lraa,7595,norm_only,880,1822,1,1,0.5355842709541321
lraa,7595,norm_only,881,740,1,1,0.5214711427688599
lraa,7595,norm_only,882,274,1,1,0.6039902567863464
lraa,7595,norm_only,883,20,0,0,0.47219666838645935
lraa,7595,norm_only,884,819,0,0,0.438785195350647
lraa,7595,norm_only,885,2649,0,0,0.4520520865917206
lraa,7595,norm_only,886,420,1,1,0.5735589861869812
lraa,7595,norm_only,887,337,0,0,0.47073662281036377
lraa,7595,norm_only,888,2578,1,1,0.5058591365814209
lraa,7595,norm_only,889,1664,1,1,0.5664982199668884
lraa,7595,norm_only,890,2323,0,0,0.4843800961971283
lraa,7595,norm_only,891,274,0,1,0.5474640727043152
lraa,7595,norm_only,892,715,1,1,0.5796384215354919
lraa,7595,norm_only,893,1757,1,1,0.564578652381897
lraa,7595,norm_only,894,2580,0,0,0.4462534189224243
lraa,7595,norm_only,895,1473,1,1,0.586226761341095
lraa,7595,norm_only,896,900,0,0,0.4632014334201813
lraa,7595,norm_only,897,1558,0,0,0.45810624957084656
lraa,7595,norm_only,898,2012,1,1,0.5664982199668884
lraa,7595,norm_only,899,2363,0,1,0.501953125
lraa,7595,norm_only,900,2413,1,1,0.5180585384368896
lraa,7595,norm_only,901,2282,1,1,0.5380124449729919
lraa,7595,norm_only,902,741,1,1,0.5888300538063049
lraa,7595,norm_only,903,780,0,0,0.47804147005081177
lraa,7595,norm_only,904,2494,1,1,0.5462540984153748
lraa,7595,norm_only,905,2248,1,1,0.5501240491867065
lraa,7595,norm_only,906,2789,0,0,0.49072372913360596
lraa,7595,norm_only,907,275,0,1,0.5532639026641846
lraa,7595,norm_only,908,1027,1,1,0.5580862164497375
lraa,7595,norm_only,909,1476,1,1,0.6005983948707581
lraa,7595,norm_only,910,1175,0,0,0.43434131145477295
lraa,7595,norm_only,911,1666,1,1,0.5766611695289612
lraa,7595,norm_only,912,2850,0,0,0.4414322078227997
lraa,7595,norm_only,913,1124,0,0,0.46976351737976074
lraa,7595,norm_only,914,2128,1,1,0.6129469871520996
lraa,7595,norm_only,915,511,1,1,0.5029296278953552
lraa,7595,norm_only,916,1886,1,1,0.5979600548744202
lraa,7595,norm_only,917,2878,0,0,0.47122323513031006
lraa,7595,norm_only,918,1233,1,1,0.5680564045906067
lraa,7595,norm_only,919,894,1,1,0.587824821472168
lraa,7595,norm_only,920,1691,0,0,0.44480592012405396
lraa,7595,norm_only,921,737,1,0,0.49218812584877014
lraa,7595,norm_only,922,2375,1,1,0.5616957545280457
lraa,7595,norm_only,923,2436,1,1,0.5399537086486816
lraa,7595,norm_only,924,1799,0,0,0.42727723717689514
lraa,7595,norm_only,925,2740,0,0,0.4656304717063904
lraa,7595,norm_only,926,202,1,1,0.5743947625160217
lraa,7595,norm_only,927,2512,1,1,0.5457699298858643
lraa,7595,norm_only,928,1961,1,1,0.5489152669906616
lraa,7595,norm_only,929,2919,1,1,0.5175709128379822
lraa,7595,norm_only,930,2679,1,1,0.5556763410568237
lraa,7595,norm_only,931,1482,0,0,0.4990234673023224
lraa,7595,norm_only,932,1697,0,0,0.49560558795928955
lraa,7595,norm_only,933,1996,1,1,0.509276270866394
lraa,7595,norm_only,934,2889,1,1,0.5879430770874023
lraa,7595,norm_only,935,2011,1,1,0.5282900333404541
lraa,7595,norm_only,936,1449,0,0,0.47025004029273987
lraa,7595,norm_only,937,405,0,0,0.46004629135131836
lraa,7595,norm_only,938,595,1,1,0.541893720626831
lraa,7595,norm_only,939,982,1,1,0.5616957545280457
lraa,7595,norm_only,940,1051,1,1,0.5448014140129089
lraa,7595,norm_only,941,1637,1,1,0.5058591365814209
lraa,7595,norm_only,942,1780,0,1,0.52220219373703
lraa,7595,norm_only,943,89,0,1,0.5063472986221313
lraa,7595,norm_only,944,756,1,1,0.5107405185699463
lraa,7595,norm_only,945,1138,1,1,0.5097643733024597
lraa,7595,norm_only,946,916,1,1,0.5302364826202393
lraa,7595,norm_only,947,1764,1,0,0.4951173663139343
lraa,7595,norm_only,948,1522,1,1,0.6117299795150757
lraa,7595,norm_only,949,522,1,1,0.5638583302497864
lraa,7595,norm_only,950,2630,1,1,0.5146442651748657
lraa,7595,norm_only,951,2069,1,1,0.5058591365814209
lraa,7595,norm_only,952,2000,0,0,0.4588336646556854
lraa,7595,norm_only,953,789,0,0,0.4455295503139496
lraa,7595,norm_only,954,568,0,0,0.4799911379814148
lraa,7595,norm_only,955,994,0,1,0.5224458575248718
lraa,7595,norm_only,956,1010,1,1,0.5180585384368896
lraa,7595,norm_only,957,2558,1,1,0.5506073832511902
lraa,7595,norm_only,958,2467,1,1,0.5954043865203857
lraa,7595,norm_only,959,2888,1,0,0.4877953827381134
lraa,7595,norm_only,960,128,1,1,0.5326682329177856
lraa,7595,norm_only,961,2741,1,1,0.5423785448074341
lraa,7595,norm_only,962,164,0,0,0.4926762878894806
lraa,7595,norm_only,963,2787,1,1,0.5583269596099854
lraa,7595,norm_only,964,2117,1,1,0.5416513085365295
lraa,7595,norm_only,965,2320,1,1,0.5585678219795227
lraa,7595,norm_only,966,2225,1,1,0.5399537086486816
lraa,7595,norm_only,967,653,1,1,0.531209409236908
lraa,7595,norm_only,968,2478,1,1,0.5816595554351807
lraa,7595,norm_only,969,1058,1,1,0.5204963088035583
lraa,7595,norm_only,970,662,1,1,0.5224458575248718
lraa,7595,norm_only,971,602,1,1,0.596433162689209
lraa,7595,norm_only,972,1857,0,0,0.4383043050765991
lraa,7595,norm_only,973,1002,1,1,0.5486735105514526
lraa,7595,norm_only,974,1514,1,1,0.5404388308525085
lraa,7595,norm_only,975,476,1,1,0.5822535157203674
lraa,7595,norm_only,976,2873,0,0,0.4951173663139343
lraa,7595,norm_only,977,1546,1,1,0.501953125
lraa,7595,norm_only,978,1935,1,1,0.5161076784133911
lraa,7595,norm_only,979,2301,0,0,0.46976351737976074
lraa,7595,norm_only,980,52,0,1,0.5146442651748657
lraa,7595,norm_only,981,59,1,1,0.5705706477165222
lraa,7595,norm_only,982,2244,1,1,0.5792814493179321
lraa,7595,norm_only,983,2196,0,0,0.4848679304122925
lraa,7595,norm_only,984,2471,0,0,0.46490156650543213
lraa,7595,norm_only,985,2752,0,0,0.4873073995113373
lraa,7595,norm_only,986,1195,1,1,0.5761843323707581
lraa,7595,norm_only,987,284,1,1,0.6193130016326904
lraa,7595,norm_only,988,1933,1,1,0.5156199336051941
lraa,7595,norm_only,989,2733,0,0,0.46976351737976074
lraa,7595,norm_only,990,894,1,1,0.5732006430625916
lraa,7595,norm_only,991,1560,1,1,0.5900707244873047
lraa,7595,norm_only,992,2221,0,0,0.43374159932136536
lraa,7595,norm_only,993,660,1,0,0.4975586235523224
lraa,7595,norm_only,994,1466,0,0,0.45181021094322205
lraa,7595,norm_only,995,2822,0,0,0.45060113072395325
lraa,7595,norm_only,996,2569,0,0,0.498046875
lraa,7595,norm_only,997,1276,1,1,0.5491570830345154
lraa,7595,norm_only,998,1638,0,0,0.43650195002555847
lraa,7595,norm_only,999,142,1,1,0.6050992012023926
lraa,7595,norm_only,1000,2385,1,1,0.5146442651748657
lraa,7595,norm_only,1001,1318,0,0,0.4763360321521759
lraa,7595,norm_only,1002,2758,0,0,0.48291680216789246
lraa,7595,norm_only,1003,1094,1,1,0.5455278754234314
lraa,7595,norm_only,1004,1623,1,1,0.511228621006012
lraa,7595,norm_only,1005,706,0,0,0.46198752522468567
lraa,7595,norm_only,1006,1213,1,1,0.5735589861869812
lraa,7595,norm_only,1007,2629,1,1,0.6356748938560486
lraa,7595,norm_only,1008,1401,1,1,0.5650587677955627
lraa,7595,norm_only,1009,1239,1,0,0.48535576462745667
lraa,7595,norm_only,1010,2706,0,1,0.5083000063896179
lraa,7595,norm_only,1011,821,1,1,0.6043989062309265
lraa,7595,norm_only,1012,938,0,0,0.4240989089012146
lraa,7595,norm_only,1013,491,1,0,0.48681947588920593
lraa,7595,norm_only,1014,2886,1,1,0.5126925706863403
lraa,7595,norm_only,1015,2125,1,1,0.5258557796478271
lraa,7595,norm_only,1016,1135,1,1,0.50244140625
lraa,7595,norm_only,1017,1359,0,0,0.4814538359642029
lraa,7595,norm_only,1018,313,1,1,0.5229331254959106
lraa,7595,norm_only,1019,2731,0,0,0.4520520865917206
lraa,7595,norm_only,1020,497,0,0,0.4887714385986328
lraa,7595,norm_only,1021,2212,1,1,0.5431056022644043
lraa,7595,norm_only,1022,804,1,1,0.5457699298858643
lraa,7595,norm_only,1023,1782,1,1,0.524394690990448
lraa,7595,norm_only,1024,2307,0,0,0.43092548847198486
lraa,7595,norm_only,1025,2292,1,1,0.6008911728858948
lraa,7595,norm_only,1026,1816,0,0,0.4598037302494049
lraa,7595,norm_only,1027,1916,0,0,0.4834045171737671
lraa,7595,norm_only,1028,2192,1,1,0.523907482624054
lraa,7595,norm_only,1029,21,0,0,0.4414322078227997
lraa,7595,norm_only,1030,543,1,1,0.50048828125
lraa,7595,norm_only,1031,606,1,1,0.5856344699859619
lraa,7595,norm_only,1032,2851,1,1,0.5643386244773865
lraa,7595,norm_only,1033,2347,1,1,0.5882388353347778
lraa,7595,norm_only,1034,754,1,1,0.509276270866394
lraa,7595,norm_only,1035,286,1,1,0.6038442254066467
lraa,7595,norm_only,1036,962,0,1,0.5585678219795227
lraa,7595,norm_only,1037,290,1,0,0.4680611491203308
lraa,7595,norm_only,1038,990,1,1,0.5694935321807861
lraa,7595,norm_only,1039,771,1,1,0.5131805539131165
lraa,7595,norm_only,1040,166,0,0,0.498046875
lraa,7595,norm_only,1041,1257,0,0,0.46465864777565
lraa,7595,norm_only,1042,1855,0,1,0.5631377100944519
lraa,7595,norm_only,1043,1660,1,1,0.5771378874778748
lraa,7595,norm_only,1044,2568,1,1,0.5078118443489075
lraa,7595,norm_only,1045,1968,1,1,0.5209837555885315
lraa,7595,norm_only,1046,1694,1,0,0.45956116914749146
lraa,7595,norm_only,1047,2472,1,1,0.5921434164047241
lraa,7595,norm_only,1048,490,0,0,0.4561675190925598
lraa,7595,norm_only,1049,1807,0,0,0.47219666838645935
lraa,7595,norm_only,1050,168,1,1,0.5355842709541321
lraa,7595,norm_only,1051,1021,1,1,0.5571225881576538
lraa,7595,norm_only,1052,1321,0,1,0.5360700488090515
lraa,7595,norm_only,1053,1557,0,0,0.4605315029621124
lraa,7595,norm_only,1054,2401,1,1,0.5161076784133911
lraa,7595,norm_only,1055,1758,1,1,0.5547116994857788
lraa,7595,norm_only,1056,1402,1,1,0.5696132779121399
lraa,7595,norm_only,1057,2240,1,1,0.5563995838165283
lraa,7595,norm_only,1058,2511,1,1,0.5535053014755249
lraa,7595,norm_only,1059,1801,1,1,0.5566405653953552
lraa,7595,norm_only,1060,2794,0,0,0.48681947588920593
lraa,7595,norm_only,1061,1856,1,1,0.5292633771896362
lraa,7595,norm_only,1062,745,0,0,0.4790162444114685
lraa,7595,norm_only,1063,877,1,1,0.5656586289405823
lraa,7595,norm_only,1064,2036,1,1,0.5428633093833923
lraa,7595,norm_only,1065,2144,1,1,0.553022563457489
lraa,7595,norm_only,1066,650,1,1,0.6069644689559937
lraa,7595,norm_only,1067,995,0,0,0.45060113072395325
lraa,7595,norm_only,1068,1465,1,1,0.5638583302497864
lraa,7595,norm_only,1069,1100,1,1,0.5681762099266052
lraa,7595,norm_only,1070,528,1,1,0.5821347236633301
lraa,7595,norm_only,1071,144,0,0,0.47268345952033997
lraa,7595,norm_only,1072,428,0,0,0.46198752522468567
lraa,7595,norm_only,1073,2781,1,1,0.5766611695289612
lraa,7595,norm_only,1074,610,1,0,0.47073662281036377
lraa,7595,norm_only,1075,1505,0,1,0.5102524757385254
lraa,7595,norm_only,1076,1792,1,0,0.498046875
lraa,7595,norm_only,1077,572,1,1,0.5214711427688599
lraa,7595,norm_only,1078,1869,0,0,0.46733176708221436
lraa,7595,norm_only,1079,558,1,1,0.5341265201568604
lraa,7595,norm_only,1080,1540,1,1,0.5409238338470459
lraa,7595,norm_only,1081,22,1,1,0.5360700488090515
lraa,7595,norm_only,1082,925,0,0,0.4873073995113373
lraa,7595,norm_only,1083,2534,1,1,0.5697329640388489
lraa,7595,norm_only,1084,86,1,1,0.5952205657958984
lraa,7595,norm_only,1085,2236,1,1,0.5117166042327881
lraa,7595,norm_only,1086,43,1,1,0.511228621006012
lraa,7595,norm_only,1087,2043,0,0,0.4407099783420563
lraa,7595,norm_only,1088,905,1,1,0.5554351806640625
lraa,7595,norm_only,1089,551,0,0,0.4902355968952179
lraa,7595,norm_only,1090,2534,1,1,0.5657786130905151
lraa,7595,norm_only,1091,153,0,0,0.47219666838645935
lraa,7595,norm_only,1092,1962,0,0,0.47609245777130127
lraa,7595,norm_only,1093,951,0,1,0.5297499895095825
lraa,7595,norm_only,1094,1469,1,1,0.5722447633743286
lraa,7595,norm_only,1095,2920,1,1,0.5508489608764648
lraa,7595,norm_only,1096,1770,1,1,0.5792814493179321
lraa,7595,norm_only,1097,2734,1,1,0.5316957235336304
lraa,7595,norm_only,1098,2885,1,1,0.5652987360954285
lraa,7595,norm_only,1099,2799,1,1,0.5302364826202393
lraa,7595,norm_only,1100,2416,0,1,0.5364343523979187
lraa,7595,norm_only,1101,1844,0,0,0.4695202708244324
lraa,7595,norm_only,1102,1931,0,1,0.5161076784133911
lraa,7595,norm_only,1103,862,0,1,0.5063472986221313
lraa,7595,norm_only,1104,1903,0,1,0.501953125
lraa,7595,norm_only,1105,2844,1,1,0.5258557796478271
lraa,7595,norm_only,1106,2525,0,0,0.4568943679332733
lraa,7595,norm_only,1107,2522,1,1,0.547947883605957
lraa,7595,norm_only,1108,2215,1,1,0.5253688097000122
lraa,7595,norm_only,1109,2415,1,1,0.543832540512085
lraa,7595,norm_only,1110,2603,1,1,0.5604932308197021
lraa,7595,norm_only,1111,959,0,1,0.5102524757385254
lraa,7595,norm_only,1112,898,1,1,0.5662583708763123
lraa,7595,norm_only,1113,1608,1,1,0.5809465050697327
lraa,7595,norm_only,1114,677,1,1,0.5302364826202393
lraa,7595,norm_only,1115,229,1,1,0.5705706477165222
lraa,7595,norm_only,1116,2466,1,1,0.5937785506248474
lraa,7595,norm_only,1117,2757,1,1,0.5636181831359863
lraa,7595,norm_only,1118,1074,0,1,0.5836483836174011
lraa,7595,norm_only,1119,2170,1,1,0.5489152669906616
lraa,7595,norm_only,1120,2153,0,0,0.4814538359642029
lraa,7595,norm_only,1121,165,0,1,0.5387405753135681
lraa,7595,norm_only,1122,25,1,1,0.5278033018112183
lraa,7595,norm_only,1123,355,1,1,0.532181978225708
lraa,7595,norm_only,1124,1500,1,1,0.5389832258224487
lraa,7595,norm_only,1125,1091,0,1,0.501953125
lraa,7595,norm_only,1126,1347,0,0,0.4687906503677368
lraa,7595,norm_only,1127,1215,1,1,0.5590493679046631
lraa,7595,norm_only,1128,2833,1,1,0.5669777989387512
lraa,7595,norm_only,1129,90,1,1,0.5963156223297119
lraa,7595,norm_only,1130,1404,1,0,0.47244006395339966
lraa,7595,norm_only,1131,1512,1,1,0.5029296278953552
lraa,7595,norm_only,1132,1600,0,1,0.5652987360954285
lraa,7595,norm_only,1133,1251,1,1,0.5435901880264282
lraa,7595,norm_only,1134,807,0,0,0.4668456017971039
lraa,7595,norm_only,1135,921,1,1,0.5657786130905151
lraa,7595,norm_only,1136,2432,1,1,0.5746335387229919
lraa,7595,norm_only,1137,2177,1,1,0.5998368263244629
lraa,7595,norm_only,1138,2424,1,1,0.6150878667831421
lraa,7595,norm_only,1139,220,1,1,0.5791624188423157
lraa,7595,norm_only,1140,952,1,1,0.5496405959129333
lraa,7595,norm_only,1141,2371,0,0,0.4457707703113556
lraa,7595,norm_only,1142,1474,1,1,0.5350984334945679
lraa,7595,norm_only,1143,126,1,1,0.5595307350158691
lraa,7595,norm_only,1144,1952,1,1,0.6087684631347656
lraa,7595,norm_only,1145,626,1,1,0.5058591365814209
lraa,7595,norm_only,1146,811,0,0,0.45859116315841675
lraa,7595,norm_only,1147,1625,0,0,0.4399879574775696
lraa,7595,norm_only,1148,2713,1,1,0.523907482624054
lraa,7595,norm_only,1149,2097,1,1,0.5151321291923523
lraa,7595,norm_only,1150,2666,0,0,0.46733176708221436
lraa,7595,norm_only,1151,2180,1,1,0.6076632142066956
lraa,7595,norm_only,1152,2892,1,1,0.5448014140129089
lraa,7595,norm_only,1153,2008,0,0,0.48291680216789246
lraa,7595,norm_only,1154,2268,1,1,0.523907482624054
lraa,7595,norm_only,1155,138,1,1,0.5734395384788513
lraa,7595,norm_only,1156,2864,1,1,0.5229331254959106
lraa,7595,norm_only,1157,2610,0,0,0.4656304717063904
lraa,7595,norm_only,1158,1804,1,1,0.5450435876846313
lraa,7595,norm_only,1159,1588,1,1,0.6740504503250122
lraa,7595,norm_only,1160,1095,0,1,0.6165896058082581
lraa,7595,norm_only,1161,2852,1,1,0.5897606611251831
lraa,7595,norm_only,1162,2722,1,1,0.5909562706947327
lraa,7595,norm_only,1163,2746,1,1,0.5316957235336304
lraa,7595,norm_only,1164,1662,1,1,0.5477060079574585
lraa,7595,norm_only,1165,2631,1,1,0.562056303024292
lraa,7595,norm_only,1166,2201,1,1,0.5537466406822205
lraa,7595,norm_only,1167,1103,1,1,0.5571225881576538
lraa,7595,norm_only,1168,1330,1,1,0.5804709792137146
lraa,7595,norm_only,1169,1546,1,1,0.5688949227333069
lraa,7595,norm_only,1170,1324,1,1,0.5684158205986023
lraa,7595,norm_only,1171,980,0,0,0.4719533324241638
lraa,7595,norm_only,1172,1517,0,1,0.5190337300300598
lraa,7595,norm_only,1173,2441,1,1,0.5520567893981934
lraa,7595,norm_only,1174,1814,0,1,0.5029296278953552
lraa,7595,norm_only,1175,418,1,1,0.6001005172729492
lraa,7595,norm_only,1176,2108,1,1,0.5785672068595886
lraa,7595,norm_only,1177,1511,0,1,0.5664982199668884
lraa,7595,norm_only,1178,1742,1,1,0.5355842709541321
lraa,7595,norm_only,1179,1942,1,1,0.5406813025474548
lraa,7595,norm_only,1180,1897,1,0,0.4834045171737671
lraa,7595,norm_only,1181,1858,1,1,0.5520567893981934
lraa,7595,norm_only,1182,958,1,1,0.5097643733024597
lraa,7595,norm_only,1183,1195,1,1,0.5827285051345825
lraa,7595,norm_only,1184,1677,1,1,0.5755879878997803
lraa,7595,norm_only,1185,1442,1,1,0.550365686416626
lraa,7595,norm_only,1186,1056,1,1,0.5727227926254272
lraa,7595,norm_only,1187,438,0,0,0.4838923215866089
lraa,7595,norm_only,1188,911,1,1,0.5219584703445435
lraa,7595,norm_only,1189,382,0,0,0.47122323513031006
lraa,7595,norm_only,1190,537,0,0,0.4902355968952179
lraa,7595,norm_only,1191,2327,1,1,0.5185462236404419
lraa,7595,norm_only,1192,379,1,0,0.4965820908546448
lraa,7595,norm_only,1193,1263,1,1,0.5204963088035583
lraa,7595,norm_only,1194,1163,1,1,0.5576044321060181
lraa,7595,norm_only,1195,823,0,0,0.4462534189224243
lraa,7595,norm_only,1196,1658,1,1,0.5747528076171875
lraa,7595,norm_only,1197,477,1,1,0.565898597240448
lraa,7595,norm_only,1198,2090,1,1,0.5667380690574646
lraa,7595,norm_only,1199,2191,1,1,0.5477060079574585
lraa,7595,norm_only,1200,851,1,1,0.5248817801475525
lraa,7595,norm_only,1201,2077,1,1,0.528533399105072
lraa,7595,norm_only,1202,2051,1,1,0.524394690990448
lraa,7595,norm_only,1203,816,1,1,0.5209837555885315
lraa,7595,norm_only,1204,1643,0,0,0.47317034006118774
lraa,7595,norm_only,1205,2161,0,0,0.4985351264476776
lraa,7595,norm_only,1206,2143,1,1,0.613815426826477
lraa,7595,norm_only,1207,858,0,0,0.4739006757736206
lraa,7595,norm_only,1208,1381,1,1,0.5299932360649109
lraa,7595,norm_only,1209,2334,1,1,0.523907482624054
lraa,7595,norm_only,1210,946,0,0,0.4323030114173889
lraa,7595,norm_only,1211,2689,0,0,0.4946291148662567
lraa,7595,norm_only,1212,920,0,1,0.5048826336860657
lraa,7595,norm_only,1213,2331,1,1,0.5859306454658508
lraa,7595,norm_only,1214,544,1,1,0.5733201503753662
lraa,7595,norm_only,1215,2632,1,1,0.5674572587013245
lraa,7595,norm_only,1216,1776,1,1,0.5122045874595642
lraa,7595,norm_only,1217,2820,1,1,0.5652987360954285
lraa,7595,norm_only,1218,1027,0,0,0.48584359884262085
lraa,7595,norm_only,1219,1972,1,1,0.5746335387229919
lraa,7595,norm_only,1220,1525,0,0,0.47706687450408936
lraa,7595,norm_only,1221,1506,0,0,0.47317034006118774
lraa,7595,norm_only,1222,1863,1,1,0.5774953961372375
lraa,7595,norm_only,1223,2573,1,1,0.5043944120407104
lraa,7595,norm_only,1224,2065,1,1,0.5209837555885315
lraa,7595,norm_only,1225,2110,1,1,0.5219584703445435
lraa,7595,norm_only,1226,301,0,0,0.41997501254081726
lraa,7595,norm_only,1227,130,1,1,0.5801141858100891
lraa,7595,norm_only,1228,2022,0,1,0.5597714185714722
lraa,7595,norm_only,1229,1413,1,1,0.5491570830345154
lraa,7595,norm_only,1230,973,0,0,0.4102245569229126
lraa,7595,norm_only,1231,1484,1,1,0.5287767648696899
lraa,7595,norm_only,1232,23,1,1,0.5326682329177856
lraa,7595,norm_only,1233,1092,0,1,0.5336405038833618
lraa,7595,norm_only,1234,2163,0,0,0.4644157290458679
lraa,7595,norm_only,1235,488,0,0,0.4873073995113373
lraa,7595,norm_only,1236,2058,0,0,0.4765796661376953
lraa,7595,norm_only,1237,2374,0,0,0.44673606753349304
lraa,7595,norm_only,1238,635,1,0,0.4990234673023224
lraa,7595,norm_only,1239,429,0,1,0.5087881684303284
lraa,7595,norm_only,1240,896,0,1,0.511228621006012
lraa,7595,norm_only,1241,2606,0,1,0.5034179091453552
lraa,7595,norm_only,1242,18,1,1,0.5905430912971497
lraa,7595,norm_only,1243,2658,0,0,0.47122323513031006
lraa,7595,norm_only,1244,1926,0,0,0.46830424666404724
lraa,7595,norm_only,1245,739,1,1,0.541893720626831
lraa,7595,norm_only,1246,2447,1,1,0.5273165106773376
lraa,7595,norm_only,1247,140,1,1,0.5372841358184814
lraa,7595,norm_only,1248,2754,0,1,0.5
lraa,7595,norm_only,1249,1057,1,1,0.5834407210350037
lraa,7595,norm_only,1250,2890,1,1,0.532181978225708
lraa,7595,norm_only,1251,2395,1,1,0.5826097726821899
lraa,7595,norm_only,1252,838,1,1,0.5224458575248718
lraa,7595,norm_only,1253,2100,0,0,0.4653874933719635
lraa,7595,norm_only,1254,2619,1,1,0.5691343545913696
lraa,7595,norm_only,1255,2007,1,1,0.5650587677955627
lraa,7595,norm_only,1256,1178,0,0,0.4372227191925049
lraa,7595,norm_only,1257,1003,0,1,0.5048826336860657
lraa,7595,norm_only,1258,1214,1,1,0.5287767648696899
lraa,7595,norm_only,1259,2933,1,1,0.5763035416603088
lraa,7595,norm_only,1260,1137,0,0,0.44167301058769226
lraa,7595,norm_only,1261,2652,1,1,0.583017885684967
lraa,7595,norm_only,1262,1855,1,1,0.5331543684005737
lraa,7595,norm_only,1263,385,1,1,0.5229331254959106
lraa,7595,norm_only,1264,474,0,0,0.47219666838645935
lraa,7595,norm_only,1265,1683,0,0,0.47073662281036377
lraa,7595,norm_only,1266,2107,0,0,0.47755417227745056
lraa,7595,norm_only,1267,2900,1,0,0.4941408932209015
lraa,7595,norm_only,1268,97,0,0,0.4668456017971039
lraa,7595,norm_only,1269,766,0,1,0.5316957235336304
lraa,7595,norm_only,1270,124,0,0,0.4887714385986328
lraa,7595,norm_only,1271,1262,1,1,0.5802331566810608
lraa,7595,norm_only,1272,1993,0,1,0.5078118443489075
lraa,7595,norm_only,1273,2452,1,1,0.5825504064559937
lraa,7595,norm_only,1274,830,0,0,0.4462534189224243
lraa,7595,norm_only,1275,67,0,0,0.45956116914749146
lraa,7595,norm_only,1276,1322,1,1,0.5185462236404419
lraa,7595,norm_only,1277,267,1,1,0.5253688097000122
lraa,7595,norm_only,1278,1613,1,0,0.4824291169643402
lraa,7595,norm_only,1279,2365,1,1,0.5363128781318665
lraa,7595,norm_only,1280,2711,1,1,0.5360700488090515
lraa,7595,norm_only,1281,54,0,0,0.4590761363506317
lraa,7595,norm_only,1282,1047,1,1,0.5117166042327881
lraa,7595,norm_only,1283,1686,1,1,0.5788053274154663
lraa,7595,norm_only,1284,1745,0,0,0.45011764764785767
lraa,7595,norm_only,1285,546,0,0,0.47950369119644165
lraa,7595,norm_only,1286,464,1,1,0.5053709149360657
lraa,7595,norm_only,1287,2906,1,1,0.593741774559021
lraa,7595,norm_only,1288,1129,0,0,0.4355413615703583
lraa,7595,norm_only,1289,396,0,0,0.49072372913360596
lraa,7595,norm_only,1290,2581,1,0,0.4843800961971283
lraa,7595,norm_only,1291,2542,1,1,0.5561585426330566
lraa,7595,norm_only,1292,45,0,1,0.5063472986221313
lraa,7595,norm_only,1293,2141,1,1,0.530722975730896
lraa,7595,norm_only,1294,60,1,1,0.5416513085365295
lraa,7595,norm_only,1295,2183,1,1,0.5965286493301392
lraa,7595,norm_only,1296,1037,0,1,0.5068355202674866
lraa,7595,norm_only,1297,2931,1,1,0.5360700488090515
lraa,7595,norm_only,1298,1752,1,1,0.6027632355690002
lraa,7595,norm_only,1299,1759,1,1,0.5675771236419678
lraa,7595,norm_only,1300,2566,1,1,0.5175709128379822
lraa,7595,norm_only,1301,926,1,1,0.5501240491867065
lraa,7595,norm_only,1302,2753,0,0,0.4736572504043579
lraa,7595,norm_only,1303,260,0,0,0.45713675022125244
lraa,7595,norm_only,1304,1984,1,1,0.5097643733024597
lraa,7595,norm_only,1305,1696,0,1,0.5146442651748657
lraa,7595,norm_only,1306,1220,1,1,0.633637011051178
lraa,7595,norm_only,1307,2930,0,0,0.47414419054985046
lraa,7595,norm_only,1308,1277,1,1,0.5525397062301636
lraa,7595,norm_only,1309,136,1,1,0.5343695282936096
lraa,7595,norm_only,1310,1387,1,0,0.4995117485523224
lraa,7595,norm_only,1311,2875,1,1,0.50146484375
lraa,7595,norm_only,1312,1130,1,1,0.5457699298858643
lraa,7595,norm_only,1313,912,1,1,0.5343695282936096
lraa,7595,norm_only,1314,1919,1,1,0.5735589861869812
lraa,7595,norm_only,1315,822,1,1,0.5868188142776489
lraa,7595,norm_only,1316,350,0,0,0.46635952591896057
lraa,7595,norm_only,1317,2768,1,1,0.5474640727043152
lraa,7595,norm_only,1318,435,0,0,0.4736572504043579
lraa,7595,norm_only,1319,1961,1,1,0.5664982199668884
lraa,7595,norm_only,1320,613,1,1,0.6004226803779602
lraa,7595,norm_only,1321,344,1,1,0.543347954750061
lraa,7595,norm_only,1322,698,1,1,0.6372565627098083
lraa,7595,norm_only,1323,2264,1,1,0.5763035416603088
lraa,7595,norm_only,1324,1365,1,0,0.4902355968952179
lraa,7595,norm_only,1325,1855,0,0,0.4605315029621124
lraa,7595,norm_only,1326,573,0,0,0.4612594544887543
lraa,7595,norm_only,1327,1940,1,0,0.47414419054985046
lraa,7595,norm_only,1328,82,0,0,0.4457707703113556
lraa,7595,norm_only,1329,498,1,1,0.5700920224189758
lraa,7595,norm_only,1330,204,1,1,0.5871148109436035
lraa,7595,norm_only,1331,1261,0,0,0.430865615606308
lraa,7595,norm_only,1332,1325,1,1,0.5751108527183533
lraa,7595,norm_only,1333,1026,0,0,0.4799911379814148
lraa,7595,norm_only,1334,1971,0,0,0.4848679304122925
lraa,7595,norm_only,1335,2113,1,1,0.5292633771896362
lraa,7595,norm_only,1336,191,1,1,0.50146484375
lraa,7595,norm_only,1337,1969,1,1,0.50146484375
lraa,7595,norm_only,1338,2601,1,1,0.5338835716247559
lraa,7595,norm_only,1339,1803,1,1,0.5747528076171875
lraa,7595,norm_only,1340,2534,1,1,0.517327070236206
lraa,7595,norm_only,1341,1241,0,0,0.4244120121002197
lraa,7595,norm_only,1342,1690,1,1,0.5161076784133911
lraa,7595,norm_only,1343,1602,1,1,0.5151321291923523
lraa,7595,norm_only,1344,2350,0,0,0.46635952591896057
lraa,7595,norm_only,1345,1385,0,1,0.5122045874595642
lraa,7595,norm_only,1346,73,1,1,0.5688949227333069
lraa,7595,norm_only,1347,686,1,1,0.5200088620185852
lraa,7595,norm_only,1348,432,1,1,0.5513321757316589
lraa,7595,norm_only,1349,1668,1,1,0.547947883605957
lraa,7595,norm_only,1350,2202,0,0,0.4568943679332733
lraa,7595,norm_only,1351,380,1,1,0.5626571178436279
lraa,7595,norm_only,1352,1527,1,1,0.5290200710296631
lraa,7595,norm_only,1353,2642,0,0,0.4634442627429962
lraa,7595,norm_only,1354,1718,1,0,0.4985351264476776
lraa,7595,norm_only,1355,725,1,1,0.5962568521499634
lraa,7595,norm_only,1356,1309,0,0,0.4632014334201813
lraa,7595,norm_only,1357,354,1,1,0.5949337482452393
lraa,7595,norm_only,1358,1880,0,1,0.5387405753135681
lraa,7595,norm_only,1359,1729,0,1,0.5048826336860657
lraa,7595,norm_only,1360,2454,0,0,0.4970703423023224
lraa,7595,norm_only,1361,2692,1,1,0.532181978225708
lraa,7595,norm_only,1362,218,1,1,0.5764227509498596
lraa,7595,norm_only,1363,2449,0,0,0.4902355968952179
lraa,7595,norm_only,1364,2237,0,0,0.4160846769809723
lraa,7595,norm_only,1365,2031,0,0,0.47950369119644165
lraa,7595,norm_only,1366,1231,0,0,0.448788583278656
lraa,7595,norm_only,1367,1986,1,1,0.571049153804779
lraa,7595,norm_only,1368,2508,0,0,0.45956116914749146
lraa,7595,norm_only,1369,249,1,1,0.5087881684303284
lraa,7595,norm_only,1370,581,0,0,0.4985351264476776
lraa,7595,norm_only,1371,373,1,0,0.47219666838645935
lraa,7595,norm_only,1372,1237,0,0,0.4605315029621124
lraa,7595,norm_only,1373,2092,1,1,0.5350984334945679
lraa,7595,norm_only,1374,571,1,1,0.5802925825119019
lraa,7595,norm_only,1375,1192,1,1,0.5399537086486816
lraa,7595,norm_only,1376,2140,1,1,0.6089429259300232
lraa,7595,norm_only,1377,679,0,1,0.5039061903953552
lraa,7595,norm_only,1378,312,1,1,0.5684158205986023
lraa,7595,norm_only,1379,1205,1,1,0.5195213556289673
lraa,7595,norm_only,1380,2299,1,1,0.5704509615898132
lraa,7595,norm_only,1381,2387,0,1,0.5175709128379822
lraa,7595,norm_only,1382,803,0,0,0.4751182198524475
lraa,7595,norm_only,1383,2548,1,1,0.5039061903953552
lraa,7595,norm_only,1384,1716,0,0,0.47804147005081177
lraa,7595,norm_only,1385,2126,1,1,0.5590493679046631
lraa,7595,norm_only,1386,35,1,1,0.6007740497589111
lraa,7595,norm_only,1387,1086,0,1,0.5525397062301636
lraa,7595,norm_only,1388,510,0,1,0.5353413224220276
lraa,7595,norm_only,1389,347,1,1,0.5518152117729187
lraa,7595,norm_only,1390,2922,0,1,0.50146484375
lraa,7595,norm_only,1391,2182,0,0,0.4765796661376953
lraa,7595,norm_only,1392,643,1,1,0.5862860083580017
lraa,7595,norm_only,1393,1259,0,0,0.4380638897418976
lraa,7595,norm_only,1394,2194,1,1,0.5741560459136963
lraa,7595,norm_only,1395,68,0,0,0.44263648986816406
lraa,7595,norm_only,1396,1104,1,1,0.5297499895095825
lraa,7595,norm_only,1397,549,1,1,0.6044572591781616
lraa,7595,norm_only,1398,2715,1,0,0.4931644797325134
lraa,7595,norm_only,1399,2552,0,0,0.4995117485523224
lraa,7595,norm_only,1400,949,1,1,0.5706902742385864
lraa,7595,norm_only,1401,2135,0,1,0.5053709149360657
lraa,7595,norm_only,1402,459,0,0,0.4824291169643402
lraa,7595,norm_only,1403,441,0,0,0.48291680216789246
lraa,7595,norm_only,1404,1404,1,0,0.4670886695384979
lraa,7595,norm_only,1405,2792,0,0,0.4877953827381134
lraa,7595,norm_only,1406,2639,1,1,0.5794004201889038
lraa,7595,norm_only,1407,1568,1,1,0.5428633093833923
lraa,7595,norm_only,1408,1611,1,1,0.5501240491867065
lraa,7595,norm_only,1409,1589,1,1,0.561214804649353
lraa,7595,norm_only,1410,108,1,1,0.5131805539131165
lraa,7595,norm_only,1411,2274,0,0,0.456409752368927
lraa,7595,norm_only,1412,1903,1,0,0.49609383940696716
lraa,7595,norm_only,1413,1156,1,1,0.5580862164497375
lraa,7595,norm_only,1414,1217,1,1,0.530722975730896
lraa,7595,norm_only,1415,1840,0,0,0.4843800961971283
lraa,7595,norm_only,1416,1520,1,1,0.5794599056243896
lraa,7595,norm_only,1417,360,1,1,0.5766611695289612
lraa,7595,norm_only,1418,2563,1,1,0.601593554019928
lraa,7595,norm_only,1419,1308,1,1,0.5640984773635864
lraa,7595,norm_only,1420,624,1,1,0.5578453540802002
lraa,7595,norm_only,1421,547,0,0,0.4651445150375366
lraa,7595,norm_only,1422,1443,0,1,0.5034179091453552
lraa,7595,norm_only,1423,570,0,0,0.49560558795928955
lraa,7595,norm_only,1424,151,1,1,0.5263427495956421
lraa,7595,norm_only,1425,2665,1,1,0.524394690990448
lraa,7595,norm_only,1426,95,1,1,0.5161076784133911
lraa,7595,norm_only,1427,214,0,0,0.47219666838645935
lraa,7595,norm_only,1428,1727,1,1,0.5083000063896179
lraa,7595,norm_only,1429,712,1,1,0.526829719543457
lraa,7595,norm_only,1430,759,0,0,0.4223259389400482
lraa,7595,norm_only,1431,2360,1,1,0.5043944120407104
lraa,7595,norm_only,1432,532,1,1,0.5477060079574585
lraa,7595,norm_only,1433,1048,1,1,0.5175709128379822
lraa,7595,norm_only,1434,2520,1,0,0.4985351264476776
lraa,7595,norm_only,1435,100,0,0,0.4414322078227997
lraa,7595,norm_only,1436,2186,1,1,0.5609742999076843
lraa,7595,norm_only,1437,2510,1,1,0.5414088368415833
lraa,7595,norm_only,1438,685,0,0,0.4848679304122925
lraa,7595,norm_only,1439,2015,0,1,0.5428633093833923
lraa,7595,norm_only,1440,2164,1,1,0.5640984773635864
lraa,7595,norm_only,1441,665,1,1,0.5549529194831848
lraa,7595,norm_only,1442,433,0,0,0.4158511459827423
lraa,7595,norm_only,1443,1195,1,1,0.5751108527183533
lraa,7595,norm_only,1444,643,1,1,0.5898345112800598
lraa,7595,norm_only,1445,1118,1,1,0.5
lraa,7595,norm_only,1446,1746,0,0,0.4287117123603821
lraa,7595,norm_only,1447,248,1,1,0.5214711427688599
lraa,7595,norm_only,1448,1673,1,1,0.5200088620185852
lraa,7595,norm_only,1449,415,0,0,0.45665207505226135
lraa,7595,norm_only,1450,718,1,1,0.5472221374511719
lraa,7595,norm_only,1451,2419,0,0,0.475605309009552
lraa,7595,norm_only,1452,908,1,1,0.5694935321807861
lraa,7595,norm_only,1453,2475,0,0,0.4469774663448334
lraa,7595,norm_only,1454,421,1,1,0.5146442651748657
lraa,7595,norm_only,1455,2459,0,0,0.4887714385986328
lraa,7595,norm_only,1456,1256,0,0,0.454472154378891
lraa,7595,norm_only,1457,792,0,0,0.45859116315841675
lraa,7595,norm_only,1458,1352,1,1,0.5204963088035583
lraa,7595,norm_only,1459,1166,0,0,0.4887714385986328
lraa,7595,norm_only,1460,1426,0,0,0.46830424666404724
lraa,7595,norm_only,1461,1391,1,1,0.5770783424377441
lraa,7595,norm_only,1462,2656,1,1,0.5556763410568237
lraa,7595,norm_only,1463,1519,0,0,0.4590761363506317
lraa,7595,norm_only,1464,2208,1,1,0.5450435876846313
lraa,7595,norm_only,1465,2703,1,1,0.5382551550865173
lraa,7595,norm_only,1466,192,1,1,0.5316957235336304
lraa,7595,norm_only,1467,216,0,0,0.4790162444114685
lraa,7595,norm_only,1468,1141,1,1,0.5785672068595886
lraa,7595,norm_only,1469,1408,1,1,0.6314806342124939
lraa,7595,norm_only,1470,2434,0,0,0.45495644211769104
lraa,7595,norm_only,1471,1288,0,0,0.46004629135131836
lraa,7595,norm_only,1472,225,1,1,0.5798763036727905
lraa,7595,norm_only,1473,1489,1,1,0.5053709149360657
lraa,7595,norm_only,1474,2206,0,0,0.4975586235523224
lraa,7595,norm_only,1475,257,1,1,0.5547116994857788
lraa,7595,norm_only,1476,1705,1,1,0.5592900514602661
lraa,7595,norm_only,1477,2237,0,0,0.41288521885871887
lraa,7595,norm_only,1478,431,1,1,0.5798763036727905
lraa,7595,norm_only,1479,156,1,1,0.5804709792137146
lraa,7595,norm_only,1480,2575,1,1,0.5965800285339355
lraa,7595,norm_only,1481,676,1,1,0.5117166042327881
lraa,7595,norm_only,1482,1967,0,0,0.4931644797325134
lraa,7595,norm_only,1483,697,1,1,0.5087881684303284
lraa,7595,norm_only,1484,2425,1,1,0.5700920224189758
lraa,7595,norm_only,1485,1311,1,1,0.5302364826202393
lraa,7595,norm_only,1486,1361,1,1,0.5224458575248718
lraa,7595,norm_only,1487,2801,1,0,0.4639299511909485
lraa,7595,norm_only,1488,1204,1,1,0.5141563415527344
lraa,7595,norm_only,1489,2072,0,0,0.45810624957084656
lraa,7595,norm_only,1490,321,0,1,0.50244140625
lraa,7595,norm_only,1491,1250,0,1,0.5287767648696899
lraa,7595,norm_only,1492,1435,1,1,0.5874402523040771
lraa,7595,norm_only,1493,2740,1,0,0.45859116315841675
lraa,7595,norm_only,1494,2538,0,0,0.4420342743396759
lraa,7595,norm_only,1495,1194,1,1,0.5273165106773376
lraa,7595,norm_only,1496,2816,1,1,0.6071974039077759
lraa,7595,norm_only,1497,180,1,1,0.5302364826202393
lraa,7595,norm_only,1498,2901,1,1,0.5491570830345154
lraa,7595,norm_only,1499,658,1,0,0.40845373272895813
lraa,7595,norm_only,1500,929,1,1,0.5234203934669495
lraa,7595,norm_only,1501,2354,1,1,0.5652987360954285
lraa,7595,norm_only,1502,1756,0,0,0.46295860409736633
lraa,7595,norm_only,1503,2791,0,0,0.4522939622402191
lraa,7595,norm_only,1504,1597,1,1,0.530722975730896
lraa,7595,norm_only,1505,1763,1,1,0.5326682329177856
lraa,7595,norm_only,1506,945,0,0,0.4873073995113373
lraa,7595,norm_only,1507,813,0,1,0.5654187798500061
lraa,7595,norm_only,1508,638,0,0,0.4530198872089386
lraa,7595,norm_only,1509,281,1,1,0.5462540984153748
lraa,7595,norm_only,1510,1591,1,1,0.5141563415527344
lraa,7595,norm_only,1511,964,1,1,0.5539879202842712
lraa,7595,norm_only,1512,2388,1,1,0.5801141858100891
lraa,7595,norm_only,1513,2595,1,0,0.4990234673023224
lraa,7595,norm_only,1514,1920,0,1,0.524394690990448
lraa,7595,norm_only,1515,339,1,1,0.5755879878997803
lraa,7595,norm_only,1516,2696,1,1,0.5537466406822205
lraa,7595,norm_only,1517,2577,0,1,0.5204963088035583
lraa,7595,norm_only,1518,1029,0,0,0.41786524653434753
lraa,7595,norm_only,1519,2037,1,1,0.5491570830345154
lraa,7595,norm_only,1520,1017,0,1,0.5161076784133911
lraa,7595,norm_only,1521,2718,1,1,0.5737978219985962
lraa,7595,norm_only,1522,1153,0,0,0.4834045171737671
lraa,7595,norm_only,1523,2230,0,0,0.46150216460227966
lraa,7595,norm_only,1524,688,1,1,0.5122045874595642
lraa,7595,norm_only,1525,886,1,1,0.5350984334945679
lraa,7595,norm_only,1526,1744,1,1,0.526829719543457
lraa,7595,norm_only,1527,1369,1,1,0.507323682308197
lraa,7595,norm_only,1528,1614,1,1,0.5942275524139404
lraa,7595,norm_only,1529,2187,1,1,0.5823723077774048
lraa,7595,norm_only,1530,58,0,0,0.40863072872161865
lraa,7595,norm_only,1531,308,1,1,0.5185462236404419
lraa,7595,norm_only,1532,1748,0,0,0.49560558795928955
lraa,7595,norm_only,1533,2763,0,1,0.5409238338470459
lraa,7595,norm_only,1534,2431,0,0,0.47706687450408936
lraa,7595,norm_only,1535,2571,1,1,0.5890664458274841
lraa,7595,norm_only,1536,720,1,0,0.498046875
lraa,7595,norm_only,1537,1343,0,0,0.46830424666404724
lraa,7595,norm_only,1538,1195,1,1,0.5745141506195068
lraa,7595,norm_only,1539,2604,1,1,0.6085359454154968
lraa,7595,norm_only,1540,1556,1,1,0.509276270866394
lraa,7595,norm_only,1541,408,1,1,0.50244140625
lraa,7595,norm_only,1542,274,1,1,0.5766015648841858
lraa,7595,norm_only,1543,1395,0,0,0.47804147005081177
lraa,7595,norm_only,1544,146,1,1,0.5404388308525085
lraa,7595,norm_only,1545,333,1,1,0.5389832258224487
lraa,7595,norm_only,1546,657,0,0,0.47804147005081177
lraa,7595,norm_only,1547,989,1,1,0.5791624188423157
lraa,7595,norm_only,1548,2662,1,1,0.5573635101318359
lraa,7595,norm_only,1549,702,0,0,0.4790162444114685
lraa,7595,norm_only,1550,1015,0,0,0.47852882742881775
lraa,7595,norm_only,1551,422,1,1,0.5063472986221313
lraa,7595,norm_only,1552,928,1,1,0.5258557796478271
lraa,7595,norm_only,1553,2289,0,0,0.4687906503677368
lraa,7595,norm_only,1554,2179,1,1,0.5457699298858643
lraa,7595,norm_only,1555,1838,1,1,0.5532639026641846
lraa,7595,norm_only,1556,957,0,0,0.47609245777130127
lraa,7595,norm_only,1557,2808,0,0,0.4765796661376953
lraa,7595,norm_only,1558,0,0,1,0.5302364826202393
lraa,7595,norm_only,1559,1815,1,1,0.5686553716659546
lraa,7595,norm_only,1560,258,1,1,0.5297499895095825
lraa,7595,norm_only,1561,2300,1,0,0.48535576462745667
lraa,7595,norm_only,1562,181,0,0,0.4995117485523224
lraa,7595,norm_only,1563,2111,1,1,0.6077795624732971
lraa,7595,norm_only,1564,1847,1,1,0.5501240491867065
lraa,7595,norm_only,1565,1468,1,1,0.5810430645942688
lraa,7595,norm_only,1566,2686,0,0,0.45132651925086975
lraa,7595,norm_only,1567,1730,1,1,0.50146484375
lraa,7595,norm_only,1568,2502,1,1,0.5464961528778076
lraa,7595,norm_only,1569,2516,1,1,0.5355842709541321
lraa,7595,norm_only,1570,92,0,0,0.4877953827381134
lraa,7595,norm_only,1571,2265,0,0,0.4746311902999878
lraa,7595,norm_only,1572,1190,0,0,0.4941408932209015
lraa,7595,norm_only,1573,1077,1,1,0.5803520083427429
lraa,7595,norm_only,1574,1956,0,1,0.5219584703445435
lraa,7595,norm_only,1575,1034,1,1,0.543347954750061
lraa,7595,norm_only,1576,934,0,1,0.501953125
lraa,7595,norm_only,1577,93,1,1,0.5544704794883728
lraa,7595,norm_only,1578,1886,1,1,0.532181978225708
lraa,7595,norm_only,1579,1682,0,0,0.48535576462745667
lraa,7595,norm_only,1580,2843,1,1,0.583618700504303
lraa,7595,norm_only,1581,520,1,1,0.5532639026641846
lraa,7595,norm_only,1582,2074,1,1,0.5278033018112183
lraa,7595,norm_only,1583,2497,0,0,0.41917237639427185
lraa,7595,norm_only,1584,2905,1,1,0.5522982478141785
lraa,7595,norm_only,1585,983,1,1,0.5648187398910522
lraa,7595,norm_only,1586,1961,1,1,0.5535053014755249
lraa,7595,norm_only,1587,1090,0,0,0.4838923215866089
lraa,7595,norm_only,1588,2811,0,0,0.4739006757736206
lraa,7595,norm_only,1589,2055,1,1,0.5200088620185852
lraa,7595,norm_only,1590,669,1,1,0.5278033018112183
lraa,7595,norm_only,1591,2062,1,1,0.5650587677955627
lraa,7595,norm_only,1592,107,0,1,0.5297499895095825
lraa,7595,norm_only,1593,2146,1,1,0.5063472986221313
lraa,7595,norm_only,1594,2795,0,0,0.48194143176078796
lraa,7595,norm_only,1595,221,1,1,0.6112659573554993
lraa,7595,norm_only,1596,1082,1,1,0.5297499895095825
lraa,7595,norm_only,1597,2306,0,0,0.498046875
lraa,7595,norm_only,1598,2391,0,1,0.5117166042327881
lraa,7595,norm_only,1599,2083,1,1,0.5510905385017395
lraa,7595,norm_only,1600,1302,1,1,0.5894801020622253
lraa,7595,norm_only,1601,2897,1,1,0.5462540984153748
lraa,7595,norm_only,1602,2547,0,1,0.5600120425224304
lraa,7595,norm_only,1603,1772,0,0,0.475605309009552
lraa,7595,norm_only,1604,2333,0,0,0.4946291148662567
lraa,7595,norm_only,1605,2648,1,1,0.5510905385017395
lraa,7595,norm_only,1606,1524,1,1,0.6114400029182434
lraa,7595,norm_only,1607,879,1,1,0.5672175884246826
lraa,7595,norm_only,1608,2629,1,0,0.46733176708221436
lraa,7595,norm_only,1609,2861,0,1,0.5053709149360657
lraa,7595,norm_only,1610,1274,1,1,0.6245225667953491
lraa,7595,norm_only,1611,2064,1,1,0.5631377100944519
lraa,7595,norm_only,1612,847,0,0,0.47755417227745056
lraa,7595,norm_only,1613,1278,0,0,0.41169100999832153
lraa,7595,norm_only,1614,2228,1,1,0.5580862164497375
lraa,7595,norm_only,1615,2854,0,0,0.4804786741733551
lraa,7595,norm_only,1616,2242,1,1,0.5624168515205383
lraa,7595,norm_only,1617,1809,0,0,0.4204452633857727
lraa,7595,norm_only,1618,2705,0,0,0.4848679304122925
lraa,7595,norm_only,1619,177,1,1,0.5527811646461487
lraa,7595,norm_only,1620,2917,0,0,0.4941408932209015
lraa,7595,norm_only,1621,1141,1,1,0.5855382084846497
lraa,7595,norm_only,1622,882,1,1,0.5672175884246826
lraa,7595,norm_only,1623,316,1,1,0.5810653567314148
lraa,7595,norm_only,1624,393,1,1,0.5688949227333069
lraa,7595,norm_only,1625,1850,1,1,0.5058591365814209
lraa,7595,norm_only,1626,2923,0,0,0.4975586235523224
lraa,7595,norm_only,1627,416,1,1,0.5367985367774963
lraa,7595,norm_only,1628,1440,1,1,0.5535053014755249
lraa,7595,norm_only,1629,2651,1,0,0.47122323513031006
lraa,7595,norm_only,1630,1218,1,1,0.5624168515205383
lraa,7595,norm_only,1631,410,1,1,0.5464961528778076
lraa,7595,norm_only,1632,2925,1,1,0.5039061903953552
lraa,7595,norm_only,1633,1242,1,1,0.5588085651397705
lraa,7595,norm_only,1634,1035,1,1,0.5909857749938965
lraa,7595,norm_only,1635,2659,1,1,0.5930790901184082
lraa,7595,norm_only,1636,72,1,1,0.6006569266319275
lraa,7595,norm_only,1637,2338,1,1,0.5556763410568237
lraa,7595,norm_only,1638,2359,0,0,0.46295860409736633
lraa,7595,norm_only,1639,1906,0,0,0.4464946985244751
lraa,7595,norm_only,1640,663,1,1,0.5758265852928162
lraa,7595,norm_only,1641,846,1,1,0.5585678219795227
lraa,7595,norm_only,1642,1537,0,1,0.5034179091453552
lraa,7595,norm_only,1643,2890,1,1,0.5626571178436279
lraa,7595,norm_only,1644,1064,0,0,0.45592525601387024
lraa,7595,norm_only,1645,39,1,1,0.5666181445121765
lraa,7595,norm_only,1646,397,1,1,0.530722975730896
lraa,7595,norm_only,1647,833,1,1,0.5967049598693848
lraa,7595,norm_only,1648,2747,0,0,0.48584359884262085
lraa,7595,norm_only,1649,1071,1,1,0.5338835716247559
lraa,7595,norm_only,1650,1781,0,0,0.47317034006118774
lraa,7595,norm_only,1651,485,1,1,0.5462540984153748
lraa,7595,norm_only,1652,1445,0,0,0.47073662281036377
lraa,7595,norm_only,1653,11,0,0,0.43542131781578064
lraa,7595,norm_only,1654,2935,0,0,0.4970703423023224
lraa,7595,norm_only,1655,445,1,1,0.5547116994857788
lraa,7595,norm_only,1656,2624,0,0,0.48291680216789246
lraa,7595,norm_only,1657,2399,1,1,0.5690146684646606
lraa,7595,norm_only,1658,2466,1,1,0.5229331254959106
lraa,7595,norm_only,1659,1155,0,0,0.414247065782547
lraa,7595,norm_only,1660,500,1,1,0.5316957235336304
lraa,7595,norm_only,1661,1521,1,0,0.4995117485523224
lraa,7595,norm_only,1662,903,1,1,0.550365686416626
lraa,7595,norm_only,1663,722,1,1,0.555917501449585
lraa,7595,norm_only,1664,296,1,1,0.5881648659706116
lraa,7595,norm_only,1665,1817,1,1,0.5932263731956482
lraa,7595,norm_only,1666,99,0,1,0.50244140625
lraa,7595,norm_only,1667,1888,1,1,0.5688949227333069
lraa,7595,norm_only,1668,2862,0,0,0.46635952591896057
lraa,7595,norm_only,1669,302,0,0,0.47852882742881775
lraa,7595,norm_only,1670,1110,1,1,0.5087881684303284
lraa,7595,norm_only,1671,2521,1,1,0.5968077182769775
lraa,7595,norm_only,1672,531,1,1,0.5885344743728638
lraa,7595,norm_only,1673,2697,0,0,0.4834045171737671
lraa,7595,norm_only,1674,790,0,0,0.45544081926345825
lraa,7595,norm_only,1675,1518,0,0,0.46830424666404724
lraa,7595,norm_only,1676,1036,1,1,0.5544704794883728
lraa,7595,norm_only,1677,2903,1,1,0.5946100950241089
lraa,7595,norm_only,1678,690,1,1,0.5338835716247559
lraa,7595,norm_only,1679,812,0,0,0.46295860409736633
lraa,7595,norm_only,1680,2101,1,1,0.5856640934944153
lraa,7595,norm_only,1681,1382,1,1,0.5156199336051941
lraa,7595,norm_only,1682,791,1,1,0.5508489608764648
lraa,7595,norm_only,1683,2278,0,0,0.4380638897418976
lraa,7595,norm_only,1684,2704,0,1,0.532181978225708
lraa,7595,norm_only,1685,2328,0,0,0.498779296875
lraa,7595,norm_only,1686,2094,0,0,0.46830424666404724
lraa,7595,norm_only,1687,2729,1,1,0.5409238338470459
lraa,7595,norm_only,1688,876,1,1,0.5314525961875916
lraa,7595,norm_only,1689,2677,1,1,0.5248817801475525
lraa,7595,norm_only,1690,790,0,0,0.45519861578941345
lraa,7595,norm_only,1691,424,0,0,0.49609383940696716
lraa,7595,norm_only,1692,317,1,1,0.509276270866394
lraa,7595,norm_only,1693,2229,1,1,0.5423785448074341
lraa,7595,norm_only,1694,2855,1,1,0.5855752229690552
lraa,7595,norm_only,1695,1372,1,1,0.5942569375038147
lraa,7595,norm_only,1696,1924,1,1,0.5720056891441345
lraa,7595,norm_only,1697,2358,0,1,0.5029296278953552
lraa,7595,norm_only,1698,1337,0,0,0.4468567669391632
lraa,7595,norm_only,1699,344,1,1,0.554229199886322
lraa,7595,norm_only,1700,2173,1,1,0.5229331254959106
lraa,7595,norm_only,1701,1108,0,0,0.4882833957672119
lraa,7595,norm_only,1702,1063,1,1,0.5698526501655579
lraa,7595,norm_only,1703,2695,1,0,0.4717099368572235
lraa,7595,norm_only,1704,61,1,1,0.524151086807251
lraa,7595,norm_only,1705,2004,1,1,0.5029296278953552
lraa,7595,norm_only,1706,2528,1,0,0.4990234673023224
lraa,7595,norm_only,1707,2832,0,0,0.4530198872089386
lraa,7595,norm_only,1708,1315,0,0,0.4965820908546448
lraa,7595,norm_only,1709,1254,1,1,0.5292633771896362
lraa,7595,norm_only,1710,1570,0,1,0.5604932308197021
lraa,7595,norm_only,1711,578,0,0,0.4882833957672119
lraa,7595,norm_only,1712,2063,0,1,0.5039061903953552
lraa,7595,norm_only,1713,16,1,1,0.530722975730896
lraa,7595,norm_only,1714,2246,0,0,0.4951173663139343
lraa,7595,norm_only,1715,2823,0,0,0.4751182198524475
lraa,7595,norm_only,1716,456,1,1,0.5875585675239563
lraa,7595,norm_only,1717,1122,0,0,0.4568943679332733
lraa,7595,norm_only,1718,831,0,0,0.45713675022125244
lraa,7595,norm_only,1719,2156,1,1,0.5522982478141785
lraa,7595,norm_only,1720,1702,1,1,0.6247515082359314
lraa,7595,norm_only,1721,314,1,1,0.526829719543457
lraa,7595,norm_only,1722,195,0,0,0.46198752522468567
lraa,7595,norm_only,1723,1936,1,1,0.5862860083580017
lraa,7595,norm_only,1724,870,1,1,0.5624168515205383
lraa,7595,norm_only,1725,2343,0,1,0.5406813025474548
lraa,7595,norm_only,1726,272,1,1,0.5234203934669495
lraa,7595,norm_only,1727,2251,1,1,0.5151321291923523
lraa,7595,norm_only,1728,2021,1,1,0.5200088620185852
lraa,7595,norm_only,1729,1491,1,1,0.5941097736358643
lraa,7595,norm_only,1730,283,1,1,0.5165954232215881
lraa,7595,norm_only,1731,2916,1,1,0.5253688097000122
lraa,7595,norm_only,1732,1152,1,0,0.4975586235523224
lraa,7595,norm_only,1733,1797,1,1,0.5568816065788269
lraa,7595,norm_only,1734,2496,1,1,0.547947883605957
lraa,7595,norm_only,1735,1200,0,0,0.4985351264476776
lraa,7595,norm_only,1736,1157,1,1,0.5190337300300598
lraa,7595,norm_only,1737,1561,1,1,0.5423785448074341
lraa,7595,norm_only,1738,513,0,0,0.4824291169643402
lraa,7595,norm_only,1739,6,1,1,0.5428633093833923
lraa,7595,norm_only,1740,2119,1,1,0.5751108527183533
lraa,7595,norm_only,1741,2627,1,1,0.5443170070648193
lraa,7595,norm_only,1742,1615,0,0,0.47950369119644165
lraa,7595,norm_only,1743,1127,1,1,0.5929465293884277
lraa,7595,norm_only,1744,2612,0,1,0.5009765625
lraa,7595,norm_only,1745,848,0,0,0.489747554063797
lraa,7595,norm_only,1746,2654,1,1,0.501953125
lraa,7595,norm_only,1747,2683,0,0,0.469277024269104
lraa,7595,norm_only,1748,430,1,1,0.5253688097000122
lraa,7595,norm_only,1749,592,0,0,0.4380638897418976
lraa,7595,norm_only,1750,1083,0,0,0.4641728699207306
lraa,7595,norm_only,1751,2682,1,1,0.5224458575248718
lraa,7595,norm_only,1752,139,0,0,0.45568299293518066
lraa,7595,norm_only,1753,2560,1,1,0.5818971395492554
lraa,7595,norm_only,1754,1581,1,1,0.5435901880264282
lraa,7595,norm_only,1755,884,1,1,0.5828472375869751
lraa,7595,norm_only,1756,1109,1,1,0.5126925706863403
lraa,7595,norm_only,1757,2599,1,1,0.5251253247261047
lraa,7595,norm_only,1758,649,1,1,0.5491570830345154
lraa,7595,norm_only,1759,1355,1,1,0.5467381477355957
lraa,7595,norm_only,1760,1371,1,1,0.5151321291923523
lraa,7595,norm_only,1761,2188,1,1,0.5810653567314148
lraa,7595,norm_only,1762,390,1,0,0.491211861371994
lraa,7595,norm_only,1763,1590,1,1,0.5988255143165588
lraa,7595,norm_only,1764,1173,1,0,0.491211861371994
lraa,7595,norm_only,1765,517,1,1,0.5660185217857361
lraa,7595,norm_only,1766,1646,1,1,0.6022370457649231
lraa,7595,norm_only,1767,2664,0,0,0.47317034006118774
lraa,7595,norm_only,1768,1703,1,1,0.530722975730896
lraa,7595,norm_only,1769,2655,1,1,0.5443170070648193
lraa,7595,norm_only,1770,261,1,1,0.5253688097000122
lraa,7595,norm_only,1771,907,1,1,0.5835000276565552
lraa,7595,norm_only,1772,1101,1,1,0.532181978225708
lraa,7595,norm_only,1773,298,1,1,0.5341265201568604
lraa,7595,norm_only,1774,2854,0,0,0.4834045171737671
lraa,7595,norm_only,1775,2319,0,0,0.4245312809944153
lraa,7595,norm_only,1776,2787,1,1,0.5662583708763123
lraa,7595,norm_only,1777,2019,0,0,0.45592525601387024
lraa,7595,norm_only,1778,2623,0,0,0.4171527922153473
lraa,7595,norm_only,1779,2551,1,1,0.530722975730896
lraa,7595,norm_only,1780,1414,1,1,0.5692541003227234
lraa,7595,norm_only,1781,320,0,1,0.5029296278953552
lraa,7595,norm_only,1782,824,1,1,0.5406813025474548
lraa,7595,norm_only,1783,2825,0,0,0.46733176708221436
lraa,7595,norm_only,1784,2223,1,1,0.5579657554626465
lraa,7595,norm_only,1785,841,1,1,0.5889482498168945
lraa,7595,norm_only,1786,1567,1,1,0.635448694229126
lraa,7595,norm_only,1787,265,1,1,0.5009765625
lraa,7595,norm_only,1788,548,0,1,0.5256123542785645
lraa,7595,norm_only,1789,684,0,0,0.43914595246315
lraa,7595,norm_only,1790,1992,0,0,0.46295860409736633
lraa,7595,norm_only,1791,735,1,1,0.5864044427871704
lraa,7595,norm_only,1792,2118,1,1,0.5401962995529175
lraa,7595,norm_only,1793,872,1,1,0.6244080662727356
lraa,7595,norm_only,1794,689,1,1,0.5460120439529419
lraa,7595,norm_only,1795,1827,0,0,0.47025004029273987
lraa,7595,norm_only,1796,189,0,1,0.5895982384681702
lraa,7595,norm_only,1797,2837,1,1,0.547947883605957
lraa,7595,norm_only,1798,402,1,1,0.550365686416626
lraa,7595,norm_only,1799,2138,1,1,0.5107405185699463
lraa,7595,norm_only,1800,326,1,1,0.5829659700393677
lraa,7595,norm_only,1801,2200,1,1,0.545285701751709
lraa,7595,norm_only,1802,1800,1,1,0.6157812476158142
lraa,7595,norm_only,1803,318,1,1,0.5297499895095825
lraa,7595,norm_only,1804,1950,0,0,0.4680611491203308
lraa,7595,norm_only,1805,1975,0,0,0.46587347984313965
lraa,7595,norm_only,1806,65,0,0,0.4624730348587036
lraa,7595,norm_only,1807,2524,1,1,0.5435901880264282
lraa,7595,norm_only,1808,1162,1,1,0.5783290863037109
lraa,7595,norm_only,1809,94,0,0,0.43290233612060547
lraa,7595,norm_only,1810,567,1,1,0.5891846418380737
lraa,7595,norm_only,1811,2907,1,1,0.5827878713607788
lraa,7595,norm_only,1812,1838,1,1,0.6002762317657471
lraa,7595,norm_only,1813,2398,0,0,0.45519861578941345
lraa,7595,norm_only,1814,1542,1,1,0.5726032853126526
lraa,7595,norm_only,1815,1883,0,0,0.4520520865917206
lraa,7595,norm_only,1816,2014,1,1,0.5711687207221985
lraa,7595,norm_only,1817,2011,1,1,0.606381893157959
lraa,7595,norm_only,1818,1353,0,0,0.4877953827381134
lraa,7595,norm_only,1819,640,1,1,0.5399537086486816
lraa,7595,norm_only,1820,1495,1,1,0.5151321291923523
lraa,7595,norm_only,1821,1418,1,0,0.4824291169643402
lraa,7595,norm_only,1822,2675,1,1,0.50146484375
lraa,7595,norm_only,1823,1868,1,0,0.48535576462745667
lraa,7595,norm_only,1824,481,0,0,0.4902355968952179
lraa,7595,norm_only,1825,394,1,1,0.5522982478141785
lraa,7595,norm_only,1826,2771,0,0,0.4926762878894806
lraa,7595,norm_only,1827,842,0,1,0.5680564045906067
lraa,7595,norm_only,1828,489,1,1,0.5423785448074341
lraa,7595,norm_only,1829,1999,1,1,0.5287767648696899
lraa,7595,norm_only,1830,1245,1,1,0.5875290632247925
lraa,7595,norm_only,1831,187,0,0,0.43494123220443726
lraa,7595,norm_only,1832,1126,1,1,0.5464961528778076
lraa,7595,norm_only,1833,1416,1,1,0.5034179091453552
lraa,7595,norm_only,1834,2203,1,1,0.5577248334884644
lraa,7595,norm_only,1835,2207,1,1,0.555194079875946
lraa,7595,norm_only,1836,1939,0,0,0.4975586235523224
lraa,7595,norm_only,1837,1852,1,1,0.5316957235336304
lraa,7595,norm_only,1838,1020,1,1,0.509276270866394
lraa,7595,norm_only,1839,2543,0,0,0.47852882742881775
lraa,7595,norm_only,1840,398,1,1,0.5672175884246826
lraa,7595,norm_only,1841,213,0,0,0.4887714385986328
lraa,7595,norm_only,1842,2213,1,0,0.43854475021362305
lraa,7595,norm_only,1843,777,1,1,0.5326682329177856
lraa,7595,norm_only,1844,2691,1,1,0.5491570830345154
lraa,7595,norm_only,1845,2804,1,1,0.5607337951660156
lraa,7595,norm_only,1846,1663,0,0,0.47804147005081177
lraa,7595,norm_only,1847,1300,1,1,0.5382551550865173
lraa,7595,norm_only,1848,268,1,1,0.5674572587013245
lraa,7595,norm_only,1849,1292,0,0,0.4452883005142212
lraa,7595,norm_only,1850,961,0,1,0.5923423767089844
lraa,7595,norm_only,1851,2663,1,1,0.5087881684303284
lraa,7595,norm_only,1852,681,1,1,0.5618159174919128
lraa,7595,norm_only,1853,242,0,0,0.47731053829193115
lraa,7595,norm_only,1854,2476,0,1,0.5107405185699463
lraa,7595,norm_only,1855,1915,1,1,0.509276270866394
lraa,7595,norm_only,1856,630,0,0,0.48291680216789246
lraa,7595,norm_only,1857,2899,1,1,0.5760650634765625
lraa,7595,norm_only,1858,1290,0,0,0.45956116914749146
lraa,7595,norm_only,1859,2608,0,0,0.4765796661376953
lraa,7595,norm_only,1860,2805,1,1,0.5508489608764648
lraa,7595,norm_only,1861,270,0,0,0.4751182198524475
lraa,7595,norm_only,1862,2634,0,1,0.50048828125
lraa,7595,norm_only,1863,2827,1,0,0.4493926465511322
lraa,7595,norm_only,1864,674,1,1,0.564578652381897
lraa,7595,norm_only,1865,1884,1,1,0.570331335067749
lraa,7595,norm_only,1866,1380,0,0,0.4627158045768738
lraa,7595,norm_only,1867,1498,1,1,0.5604932308197021
lraa,7595,norm_only,1868,2889,1,1,0.5815407633781433
lraa,7595,norm_only,1869,1291,1,1,0.5409238338470459
lraa,7595,norm_only,1870,2515,0,0,0.4799911379814148
lraa,7595,norm_only,1871,828,1,0,0.49560558795928955
lraa,7595,norm_only,1872,1210,1,0,0.46587347984313965
lraa,7595,norm_only,1873,15,1,1,0.50146484375
lraa,7595,norm_only,1874,2222,1,1,0.5404388308525085
lraa,7595,norm_only,1875,2154,0,0,0.48681947588920593
lraa,7595,norm_only,1876,2773,0,0,0.4975586235523224
lraa,7595,norm_only,1877,576,1,1,0.5460120439529419
lraa,7595,norm_only,1878,228,1,1,0.5263427495956421
lraa,7595,norm_only,1879,2894,1,1,0.5510905385017395
lraa,7595,norm_only,1880,1486,1,1,0.553022563457489
lraa,7595,norm_only,1881,878,0,0,0.44673606753349304
lraa,7595,norm_only,1882,1574,0,0,0.4892594516277313
lraa,7595,norm_only,1883,964,0,0,0.46733176708221436
lraa,7595,norm_only,1884,1006,1,1,0.5669777989387512
lraa,7595,norm_only,1885,2826,1,1,0.5273165106773376
lraa,7595,norm_only,1886,1890,0,0,0.45495644211769104
lraa,7595,norm_only,1887,2687,1,1,0.583025336265564
lraa,7595,norm_only,1888,608,1,1,0.5
lraa,7595,norm_only,1889,1246,1,1,0.5568816065788269
lraa,7595,norm_only,1890,779,1,1,0.5674572587013245
lraa,7595,norm_only,1891,1912,0,0,0.4639299511909485
lraa,7595,norm_only,1892,449,1,1,0.5234203934669495
lraa,7595,norm_only,1893,1431,0,1,0.5009765625
lraa,7595,norm_only,1894,395,1,0,0.4877953827381134
lraa,7595,norm_only,1895,1149,0,0,0.4717099368572235
lraa,7595,norm_only,1896,346,1,1,0.5078118443489075
lraa,7595,norm_only,1897,893,1,1,0.5496405959129333
lraa,7595,norm_only,1898,1630,1,1,0.5724837779998779
lraa,7595,norm_only,1899,749,0,1,0.5053709149360657
lraa,7595,norm_only,1900,1338,0,0,0.48584359884262085
lraa,7595,norm_only,1901,1945,1,1,0.5200088620185852
lraa,7595,norm_only,1902,1209,0,0,0.46077412366867065
lraa,7595,norm_only,1903,2830,1,1,0.5489152669906616
lraa,7595,norm_only,1904,2740,0,0,0.4568943679332733
lraa,7595,norm_only,1905,303,0,0,0.456409752368927
lraa,7595,norm_only,1906,289,1,1,0.526829719543457
lraa,7595,norm_only,1907,1111,0,0,0.4751182198524475
lraa,7595,norm_only,1908,738,1,1,0.5595307350158691
lraa,7595,norm_only,1909,1415,1,1,0.5624168515205383
lraa,7595,norm_only,1910,2519,0,0,0.4838923215866089
lraa,7595,norm_only,1911,2709,0,0,0.46198752522468567
lraa,7595,norm_only,1912,734,1,1,0.5498823523521423
lraa,7595,norm_only,1913,2744,1,1,0.543347954750061
lraa,7595,norm_only,1914,2422,0,0,0.4877953827381134
lraa,7595,norm_only,1915,2817,1,1,0.5472221374511719
lraa,7595,norm_only,1916,159,0,0,0.4790162444114685
lraa,7595,norm_only,1917,286,1,1,0.50146484375
lraa,7595,norm_only,1918,2205,1,1,0.5752301216125488
lraa,7595,norm_only,1919,1530,1,1,0.5209837555885315
lraa,7595,norm_only,1920,98,1,1,0.5571225881576538
lraa,7595,norm_only,1921,964,1,1,0.5341265201568604
lraa,7595,norm_only,1922,361,1,1,0.532181978225708
lraa,7595,norm_only,1923,1579,1,0,0.4863315522670746
lraa,7595,norm_only,1924,2484,0,1,0.5009765625
lraa,7595,norm_only,1925,342,0,0,0.498046875
lraa,7595,norm_only,1926,2761,1,1,0.5891846418380737
lraa,7595,norm_only,1927,357,1,1,0.5571225881576538
lraa,7595,norm_only,1928,2005,1,1,0.5760054588317871
lraa,7595,norm_only,1929,1406,1,1,0.5404388308525085
lraa,7595,norm_only,1930,2710,1,1,0.5426208972930908
lraa,7595,norm_only,1931,1143,0,0,0.4602889120578766
lraa,7595,norm_only,1932,691,0,0,0.4373428225517273
lraa,7595,norm_only,1933,240,1,1,0.5638583302497864
lraa,7595,norm_only,1934,254,1,1,0.5760650634765625
lraa,7595,norm_only,1935,1169,1,1,0.6271523237228394
lraa,7595,norm_only,1936,1997,1,1,0.5253688097000122
lraa,7595,norm_only,1937,395,0,0,0.4902355968952179
lraa,7595,norm_only,1938,2929,0,0,0.47950369119644165
lraa,7595,norm_only,1939,1577,0,0,0.45423004031181335
lraa,7595,norm_only,1940,2732,0,0,0.4508429169654846
lraa,7595,norm_only,1941,87,1,1,0.5122045874595642
lraa,7595,norm_only,1942,2279,0,0,0.4809662103652954
lraa,7595,norm_only,1943,1470,1,1,0.5195213556289673
lraa,7595,norm_only,1944,21,0,0,0.438785195350647
lraa,7595,norm_only,1945,1998,0,0,0.46101680397987366
lraa,7595,norm_only,1946,1224,0,0,0.4970703423023224
lraa,7595,norm_only,1947,2678,1,1,0.5229331254959106
lraa,7595,norm_only,1948,2318,0,1,0.50146484375
lraa,7595,norm_only,1949,672,0,1,0.5660185217857361
lraa,7595,norm_only,1950,1893,0,0,0.4520520865917206
lraa,7595,norm_only,1951,787,1,0,0.49560558795928955
lraa,7595,norm_only,1952,1710,1,1,0.56193608045578
lraa,7595,norm_only,1953,1229,0,0,0.4824291169643402
lraa,7595,norm_only,1954,2524,1,1,0.5764227509498596
lraa,7595,norm_only,1955,278,0,0,0.4751182198524475
lraa,7595,norm_only,1956,673,0,0,0.4421547055244446
lraa,7595,norm_only,1957,2122,0,0,0.4926762878894806
lraa,7595,norm_only,1958,1368,1,1,0.5348554849624634
lraa,7595,norm_only,1959,2070,0,0,0.4985351264476776
lraa,7595,norm_only,1960,1243,1,1,0.5489152669906616
lraa,7595,norm_only,1961,2056,0,0,0.45956116914749146
lraa,7595,norm_only,1962,717,1,1,0.5009765625
lraa,7595,norm_only,1963,1538,1,1,0.5204963088035583
lraa,7595,norm_only,1964,2044,1,1,0.5806493163108826
lraa,7595,norm_only,1965,1632,0,1,0.5336405038833618
lraa,7595,norm_only,1966,1080,1,1,0.5117166042327881
lraa,7595,norm_only,1967,2155,1,1,0.5
lraa,7595,norm_only,1968,1004,0,1,0.58486407995224
lraa,7595,norm_only,1969,2351,1,1,0.5765419602394104
lraa,7595,norm_only,1970,714,0,0,0.4433594048023224
lraa,7595,norm_only,1971,400,0,0,0.498046875
lraa,7595,norm_only,1972,1260,1,1,0.5868299603462219
lraa,7595,norm_only,1973,2458,0,0,0.47219666838645935
lraa,7595,norm_only,1974,1960,1,1,0.555917501449585
lraa,7595,norm_only,1975,1140,1,1,0.5314525961875916
lraa,7595,norm_only,1976,1056,0,0,0.4407099783420563
lraa,7595,norm_only,1977,2423,1,1,0.5185462236404419
lraa,7595,norm_only,1978,1120,1,1,0.5428633093833923
lraa,7595,norm_only,1979,188,1,1,0.5219584703445435
lraa,7595,norm_only,1980,1388,0,0,0.4605315029621124
lraa,7595,norm_only,1981,1164,0,0,0.47317034006118774
lraa,7595,norm_only,1982,806,1,1,0.5784481763839722
lraa,7595,norm_only,1983,2190,1,1,0.5648187398910522
lraa,7595,norm_only,1984,2074,1,0,0.49365267157554626
lraa,7595,norm_only,1985,487,0,0,0.45544081926345825
lraa,7595,norm_only,1986,199,0,0,0.4951173663139343
lraa,7595,norm_only,1987,2234,1,1,0.531209409236908
lraa,7595,norm_only,1988,1093,1,1,0.5029296278953552
lraa,7595,norm_only,1989,2324,1,1,0.5527811646461487
lraa,7595,norm_only,1990,1175,0,0,0.47950369119644165
lraa,7595,norm_only,1991,659,1,1,0.6026463508605957
lraa,7595,norm_only,1992,1948,0,0,0.454714298248291
lraa,7595,norm_only,1993,2209,1,1,0.5852789282798767
lraa,7595,norm_only,1994,1605,1,1,0.5455278754234314
lraa,7595,norm_only,1995,2749,0,0,0.46830424666404724
lraa,7595,norm_only,1996,1493,1,1,0.5443170070648193
lraa,7595,norm_only,1997,1165,0,0,0.4627158045768738
lraa,7595,norm_only,1998,1622,1,1,0.5365557670593262
lraa,7595,norm_only,1999,2028,0,0,0.4985351264476776
lraa,7595,norm_only,2000,62,0,0,0.4704933166503906
lraa,7595,norm_only,2001,871,1,1,0.511228621006012
lraa,7595,norm_only,2002,632,1,1,0.5457699298858643
lraa,7595,norm_only,2003,372,1,1,0.6101050972938538
lraa,7595,norm_only,2004,2308,0,0,0.4838923215866089
lraa,7595,norm_only,2005,1791,1,1,0.5522982478141785
lraa,7595,norm_only,2006,599,1,1,0.563978374004364
lraa,7595,norm_only,2007,2815,1,1,0.5759457945823669
lraa,7595,norm_only,2008,2701,0,0,0.4656304717063904
lraa,7595,norm_only,2009,238,1,1,0.5282900333404541
lraa,7595,norm_only,2010,1008,0,0,0.48584359884262085
lraa,7595,norm_only,2011,2151,1,1,0.5404388308525085
lraa,7595,norm_only,2012,894,1,1,0.5895982384681702
lraa,7595,norm_only,2013,1535,1,1,0.5209837555885315
lraa,7595,norm_only,2014,2305,1,1,0.5287767648696899
lraa,7595,norm_only,2015,1848,0,1,0.5278033018112183
lraa,7595,norm_only,2016,963,1,1,0.5556763410568237
lraa,7595,norm_only,2017,2772,1,1,0.5679365992546082
lraa,7595,norm_only,2018,1275,1,1,0.5224458575248718
lraa,7595,norm_only,2019,190,1,1,0.5676969289779663
lraa,7595,norm_only,2020,1961,1,1,0.5696132779121399
lraa,7595,norm_only,2021,719,0,0,0.4809662103652954
lraa,7595,norm_only,2022,1895,0,0,0.44673606753349304
lraa,7595,norm_only,2023,2491,0,0,0.4941408932209015
lraa,7595,norm_only,2024,1334,0,0,0.48535576462745667
lraa,7595,norm_only,2025,1011,1,1,0.5771378874778748
lraa,7595,norm_only,2026,2743,0,0,0.4419138431549072
lraa,7595,norm_only,2027,205,1,1,0.6270381808280945
lraa,7595,norm_only,2028,1891,1,1,0.5628975033760071
lraa,7595,norm_only,2029,2272,1,1,0.5170831680297852
lraa,7595,norm_only,2030,255,1,1,0.5029296278953552
lraa,7595,norm_only,2031,1830,1,1,0.550365686416626
lraa,7595,norm_only,2032,120,0,0,0.42715775966644287
lraa,7595,norm_only,2033,2312,1,1,0.6522414088249207
lraa,7595,norm_only,2034,1634,1,1,0.553022563457489
lraa,7595,norm_only,2035,590,1,1,0.6448963284492493
lraa,7595,norm_only,2036,2786,1,1,0.561214804649353
lraa,7595,norm_only,2037,2116,1,1,0.5426208972930908
lraa,7595,norm_only,2038,1481,1,0,0.4678179919719696
lraa,7595,norm_only,2039,1119,1,1,0.6070809364318848
lraa,7595,norm_only,2040,671,1,1,0.6104534864425659
lraa,7595,norm_only,2041,2749,0,0,0.4590761363506317
lraa,7595,norm_only,2042,1864,1,1,0.5
lraa,7595,norm_only,2043,600,0,0,0.43206340074539185
lraa,7595,norm_only,2044,169,1,1,0.5663783550262451
lraa,7595,norm_only,2045,1115,0,0,0.4380638897418976
lraa,7595,norm_only,2046,2737,1,1,0.5527811646461487
lraa,7595,norm_only,2047,2813,1,1,0.5151321291923523
lraa,7595,norm_only,2048,601,1,1,0.5655386447906494
lraa,7595,norm_only,2049,104,1,1,0.5273165106773376
lraa,7595,norm_only,2050,2887,0,0,0.4790162444114685
lraa,7595,norm_only,2051,1606,1,1,0.5248817801475525
lraa,7595,norm_only,2052,645,0,1,0.5200088620185852
lraa,7595,norm_only,2053,117,1,1,0.56193608045578
lraa,7595,norm_only,2054,1171,1,1,0.5372841358184814
lraa,7595,norm_only,2055,1529,1,1,0.5532639026641846
lraa,7595,norm_only,2056,927,0,0,0.454714298248291
lraa,7595,norm_only,2057,471,1,1,0.5895686745643616
lraa,7595,norm_only,2058,1248,1,1,0.5034179091453552
lraa,7595,norm_only,2059,680,0,0,0.45060113072395325
lraa,7595,norm_only,2060,1196,0,0,0.4951173663139343
lraa,7595,norm_only,2061,1751,0,0,0.4873073995113373
lraa,7595,norm_only,2062,2727,1,1,0.5462540984153748
lraa,7595,norm_only,2063,2362,0,0,0.49560558795928955
lraa,7595,norm_only,2064,1591,1,1,0.5170831680297852
lraa,7595,norm_only,2065,2002,1,1,0.5423785448074341
lraa,7595,norm_only,2066,531,1,1,0.5788053274154663
lraa,7595,norm_only,2067,167,1,1,0.5737978219985962
lraa,7595,norm_only,2068,1719,1,1,0.50146484375
lraa,7595,norm_only,2069,2814,0,0,0.46733176708221436
lraa,7595,norm_only,2070,53,1,1,0.6078959703445435
lraa,7595,norm_only,2071,2283,0,0,0.4431183934211731
lraa,7595,norm_only,2072,2474,0,0,0.41584742069244385
lraa,7595,norm_only,2073,2490,0,1,0.5058591365814209
lraa,7595,norm_only,2074,2302,1,1,0.5146442651748657
lraa,7595,norm_only,2075,478,0,0,0.46174484491348267
lraa,7595,norm_only,2076,2402,1,0,0.49365267157554626
lraa,7595,norm_only,2077,1447,0,1,0.543347954750061
lraa,7595,norm_only,2078,2412,1,1,0.5445592403411865
lraa,7595,norm_only,2079,1786,1,0,0.47609245777130127
lraa,7595,norm_only,2080,2463,1,1,0.5
lraa,7595,norm_only,2081,41,1,1,0.6101630926132202
lraa,7595,norm_only,2082,2669,1,1,0.5214711427688599
lraa,7595,norm_only,2083,2046,0,1,0.5053709149360657
lraa,7595,norm_only,2084,832,1,1,0.5799357891082764
lraa,7595,norm_only,2085,607,0,0,0.4126059412956238
lraa,7595,norm_only,2086,2295,0,0,0.43614163994789124
lraa,7595,norm_only,2087,88,0,0,0.47219666838645935
lraa,7595,norm_only,2088,2517,0,0,0.47950369119644165
lraa,7595,norm_only,2089,2509,1,1,0.5600120425224304
lraa,7595,norm_only,2090,1306,0,1,0.5029296278953552
lraa,7595,norm_only,2091,2075,1,1,0.5561585426330566
lraa,7595,norm_only,2092,967,1,1,0.5141563415527344
lraa,7595,norm_only,2093,2363,0,1,0.56193608045578
lraa,7595,norm_only,2094,152,1,1,0.5578453540802002
lraa,7595,norm_only,2095,10,0,0,0.44866782426834106
lraa,7595,norm_only,2096,1619,1,1,0.523907482624054
lraa,7595,norm_only,2097,1541,1,1,0.5445592403411865
lraa,7595,norm_only,2098,1749,1,1,0.5823723077774048
lraa,7595,norm_only,2099,2797,1,1,0.5341265201568604
lraa,7595,norm_only,2100,2841,1,1,0.5951102375984192
lraa,7595,norm_only,2101,1562,1,1,0.5999539494514465
lraa,7595,norm_only,2102,829,0,0,0.4916999638080597
lraa,7595,norm_only,2103,1734,0,1,0.5263427495956421
lraa,7595,norm_only,2104,1725,1,1,0.501953125
lraa,7595,norm_only,2105,1961,1,1,0.5151321291923523
lraa,7595,norm_only,2106,2469,1,1,0.543832540512085
lraa,7595,norm_only,2107,2468,0,0,0.4433594048023224
lraa,7595,norm_only,2108,875,0,0,0.4668456017971039
lraa,7595,norm_only,2109,1910,1,1,0.564578652381897
lraa,7595,norm_only,2110,730,1,1,0.6033477187156677
lraa,7595,norm_only,2111,231,1,1,0.5263427495956421
lraa,7595,norm_only,2112,1808,0,0,0.4975586235523224
lraa,7595,norm_only,2113,849,1,1,0.610859751701355
lraa,7595,norm_only,2114,1793,0,0,0.456409752368927
lraa,7595,norm_only,2115,2165,0,0,0.491211861371994
lraa,7595,norm_only,2116,2657,1,1,0.524394690990448
lraa,7595,norm_only,2117,1271,1,1,0.50244140625
lraa,7595,norm_only,2118,276,1,1,0.5856937170028687
lraa,7595,norm_only,2119,2881,0,1,0.5029296278953552
lraa,7595,norm_only,2120,1142,0,0,0.4474602937698364
lraa,7595,norm_only,2121,2303,1,1,0.5770187377929688
lraa,7595,norm_only,2122,2452,1,1,0.5592900514602661
lraa,7595,norm_only,2123,782,0,1,0.5146442651748657
lraa,7595,norm_only,2124,574,1,1,0.5156199336051941
lraa,7595,norm_only,2125,546,1,1,0.541893720626831
lraa,7595,norm_only,2126,970,1,0,0.4995117485523224
lraa,7595,norm_only,2127,2650,0,0,0.4445647895336151
lraa,7595,norm_only,2128,74,1,1,0.6131207346916199
lraa,7595,norm_only,2129,103,1,1,0.5219584703445435
lraa,7595,norm_only,2130,2728,0,0,0.47609245777130127
lraa,7595,norm_only,2131,1911,0,0,0.48584359884262085
lraa,7595,norm_only,2132,2293,1,1,0.5464961528778076
lraa,7595,norm_only,2133,2559,1,1,0.5384978652000427
lraa,7595,norm_only,2134,234,1,1,0.555194079875946
lraa,7595,norm_only,2135,2572,1,1,0.6019884347915649
lraa,7595,norm_only,2136,83,0,0,0.4873073995113373
lraa,7595,norm_only,2137,861,1,1,0.561214804649353
lraa,7595,norm_only,2138,333,0,0,0.45568299293518066
lraa,7595,norm_only,2139,1444,1,1,0.5607337951660156
lraa,7595,norm_only,2140,2032,1,1,0.5669777989387512
lraa,7595,norm_only,2141,1992,0,0,0.4809662103652954
lraa,7595,norm_only,2142,2455,1,1,0.553022563457489
lraa,7595,norm_only,2143,627,0,0,0.4576214551925659
lraa,7595,norm_only,2144,2824,0,0,0.4843800961971283
lraa,7595,norm_only,2145,2452,1,1,0.5839745998382568
lraa,7595,norm_only,2146,930,0,0,0.4873073995113373
lraa,7595,norm_only,2147,1335,0,0,0.45834869146347046
lraa,7595,norm_only,2148,1595,1,1,0.5684158205986023
lraa,7595,norm_only,2149,2158,0,1,0.53946852684021
lraa,7595,norm_only,2150,1117,0,0,0.4863315522670746
lraa,7595,norm_only,2151,748,1,0,0.47438767552375793
lraa,7595,norm_only,2152,17,1,1,0.5638583302497864
lraa,7595,norm_only,2153,29,1,1,0.524394690990448
lraa,7595,norm_only,2154,1202,1,1,0.5278033018112183
lraa,7595,norm_only,2155,1823,0,0,0.46004629135131836
lraa,7595,norm_only,2156,733,1,1,0.5224458575248718
lraa,7595,norm_only,2157,553,0,0,0.43860483169555664
lraa,7595,norm_only,2158,726,1,0,0.4799911379814148
lraa,7595,norm_only,2159,2435,1,1,0.5282900333404541
lraa,7595,norm_only,2160,2488,0,0,0.4902355968952179
lraa,7595,norm_only,2161,2549,0,0,0.44709816575050354
lraa,7595,norm_only,2162,318,1,1,0.5691343545913696
lraa,7595,norm_only,2163,515,1,1,0.541893720626831
lraa,7595,norm_only,2164,2176,0,0,0.4539879560470581
lraa,7595,norm_only,2165,2681,1,1,0.5058591365814209
lraa,7595,norm_only,2166,1583,1,1,0.6036836504936218
lraa,7595,norm_only,2167,389,0,0,0.4843800961971283
lraa,7595,norm_only,2168,446,0,0,0.4814538359642029
lraa,7595,norm_only,2169,1908,0,0,0.45544081926345825
lraa,7595,norm_only,2170,1195,0,0,0.47414419054985046
lraa,7595,norm_only,2171,2107,0,1,0.5195213556289673
lraa,7595,norm_only,2172,1700,1,1,0.5681762099266052
lraa,7595,norm_only,2173,286,0,0,0.46635952591896057
lraa,7595,norm_only,2174,1148,0,0,0.4946291148662567
lraa,7595,norm_only,2175,1153,0,0,0.4651445150375366
lraa,7595,norm_only,2176,2375,0,0,0.44770175218582153
lraa,7595,norm_only,2177,590,1,1,0.6437773108482361
lraa,7595,norm_only,2178,1225,0,0,0.4809662103652954
lraa,7595,norm_only,2179,2725,0,0,0.47268345952033997
lraa,7595,norm_only,2180,440,1,1,0.5947185754776001
lraa,7595,norm_only,2181,1188,1,1,0.5734395384788513
lraa,7595,norm_only,2182,392,1,1,0.5737978219985962
lraa,7595,norm_only,2183,479,0,0,0.44794324040412903
lraa,7595,norm_only,2184,1907,0,0,0.49365267157554626
lraa,7595,norm_only,2185,1197,1,1,0.50244140625
lraa,7595,norm_only,2186,1157,1,1,0.5316957235336304
lraa,7595,norm_only,2187,1592,1,1,0.570331335067749
lraa,7595,norm_only,2188,1014,1,1,0.5767803192138672
lraa,7595,norm_only,2189,885,1,1,0.5341265201568604
lraa,7595,norm_only,2190,936,1,1,0.5865228176116943
lraa,7595,norm_only,2191,1323,0,0,0.47536176443099976
lraa,7595,norm_only,2192,1450,1,1,0.5649387240409851
lraa,7595,norm_only,2193,1618,1,1,0.53946852684021
lraa,7595,norm_only,2194,2394,1,1,0.5944335460662842
lraa,7595,norm_only,2195,2636,0,0,0.49609383940696716
lraa,7595,norm_only,2196,2105,1,1,0.6162432432174683
lraa,7595,norm_only,2197,1810,0,0,0.4736572504043579
lraa,7595,norm_only,2198,1434,1,1,0.5554351806640625
lraa,7595,norm_only,2199,774,0,0,0.43890541791915894
lraa,7595,norm_only,2200,909,1,1,0.5573635101318359
lraa,7595,norm_only,2201,977,1,1,0.6049825549125671
lraa,7595,norm_only,2202,1386,0,0,0.471466600894928
lraa,7595,norm_only,2203,2567,1,1,0.5068355202674866
lraa,7595,norm_only,2204,365,0,0,0.46368709206581116
lraa,7595,norm_only,2205,1332,0,0,0.4926762878894806
lraa,7595,norm_only,2206,2220,1,1,0.5669777989387512
lraa,7595,norm_only,2207,1189,1,1,0.5353413224220276
lraa,7595,norm_only,2208,329,0,1,0.50146484375
lraa,7595,norm_only,2209,1828,1,1,0.5190337300300598
lraa,7595,norm_only,2210,1995,0,1,0.5043944120407104
lraa,7595,norm_only,2211,427,1,1,0.587765634059906
lraa,7595,norm_only,2212,606,1,1,0.5625370144844055
lraa,7595,norm_only,2213,965,1,1,0.5219584703445435
lraa,7595,norm_only,2214,2596,0,0,0.4717099368572235
lraa,7595,norm_only,2215,976,1,1,0.5224458575248718
lraa,7595,norm_only,2216,2778,0,0,0.4887714385986328
lraa,7595,norm_only,2217,323,0,0,0.4926762878894806
lraa,7595,norm_only,2218,106,1,1,0.5602526664733887
lraa,7595,norm_only,2219,2605,0,0,0.4661164879798889
lraa,7595,norm_only,2220,169,1,1,0.5894210338592529
lraa,7595,norm_only,2221,1452,0,0,0.4838923215866089
lraa,7595,norm_only,2222,1232,1,1,0.5948454737663269
lraa,7595,norm_only,2223,2780,0,0,0.4946291148662567
lraa,7595,norm_only,2224,64,1,1,0.5636181831359863
lraa,7595,norm_only,2225,2546,1,1,0.5727227926254272
lraa,7595,norm_only,2226,2332,1,1,0.5780909061431885
lraa,7595,norm_only,2227,566,0,0,0.4882833957672119
lraa,7595,norm_only,2228,2594,1,1,0.5190337300300598
lraa,7595,norm_only,2229,527,1,1,0.5389832258224487
lraa,7595,norm_only,2230,589,1,1,0.5880318284034729
lraa,7595,norm_only,2231,2670,0,0,0.45519861578941345
lraa,7595,norm_only,2232,1294,0,1,0.5670827031135559
lraa,7595,norm_only,2233,1996,0,0,0.4746311902999878
lraa,7595,norm_only,2234,765,1,1,0.5583269596099854
lraa,7595,norm_only,2235,212,0,1,0.5571225881576538
lraa,7595,norm_only,2236,2617,0,0,0.4931644797325134
lraa,7595,norm_only,2237,1158,1,1,0.5399537086486816
lraa,7595,norm_only,2238,1586,1,1,0.5039061903953552
lraa,7595,norm_only,2239,1765,1,1,0.543832540512085
lraa,7595,norm_only,2240,2150,0,0,0.456409752368927
lraa,7595,norm_only,2241,453,1,1,0.6025586128234863
lraa,7595,norm_only,2242,2249,0,0,0.47073662281036377
lraa,7595,norm_only,2243,2769,1,1,0.5871591567993164
lraa,7595,norm_only,2244,709,1,1,0.5698526501655579
lraa,7595,norm_only,2245,2554,0,0,0.4423955976963043
lraa,7595,norm_only,2246,17,1,1,0.5428633093833923
lraa,7595,norm_only,2247,2238,1,1,0.524394690990448
lraa,7595,norm_only,2248,397,1,1,0.5346124768257141
lraa,7595,norm_only,2249,2865,1,1,0.5999833345413208
lraa,7595,norm_only,2250,1954,1,1,0.5698526501655579
lraa,7595,norm_only,2251,1610,0,0,0.47025004029273987
lraa,7595,norm_only,2252,56,1,1,0.5911628007888794
lraa,7595,norm_only,2253,585,1,1,0.511228621006012
lraa,7595,norm_only,2254,1982,1,1,0.5544704794883728
lraa,7595,norm_only,2255,1099,1,1,0.5657786130905151
lraa,7595,norm_only,2256,1071,1,1,0.5165954232215881
lraa,7595,norm_only,2257,1989,1,1,0.5416513085365295
lraa,7595,norm_only,2258,1773,0,0,0.4653874933719635
lraa,7595,norm_only,2259,773,1,1,0.5350984334945679
lraa,7595,norm_only,2260,996,1,1,0.5790508389472961
lraa,7595,norm_only,2261,1818,0,0,0.4433594048023224
lraa,7595,norm_only,2262,752,0,0,0.4746311902999878
lraa,7595,norm_only,2263,2258,1,1,0.5170831680297852
lraa,7595,norm_only,2264,367,0,0,0.4188492000102997
lraa,7595,norm_only,2265,826,0,0,0.4532618820667267
lraa,7595,norm_only,2266,580,1,1,0.5462540984153748
lraa,7595,norm_only,2267,1741,0,0,0.4508429169654846
lraa,7595,norm_only,2268,2353,1,1,0.5535053014755249
lraa,7595,norm_only,2269,2123,1,1,0.5331543684005737
lraa,7595,norm_only,2270,1788,1,1,0.5346124768257141
lraa,7595,norm_only,2271,2539,1,1,0.5190337300300598
lraa,7595,norm_only,2272,604,0,0,0.46635952591896057
lraa,7595,norm_only,2273,1028,0,0,0.4814538359642029
lraa,7595,norm_only,2274,2853,1,1,0.5204963088035583
lraa,7595,norm_only,2275,1073,0,0,0.4873073995113373
lraa,7595,norm_only,2276,2550,0,0,0.4409506916999817
lraa,7595,norm_only,2277,173,0,0,0.47706687450408936
lraa,7595,norm_only,2278,2591,1,1,0.5336405038833618
lraa,7595,norm_only,2279,1554,1,0,0.46077412366867065
lraa,7595,norm_only,2280,40,0,0,0.4824291169643402
lraa,7595,norm_only,2281,1715,0,0,0.48584359884262085
lraa,7595,norm_only,2282,1438,0,0,0.4520520865917206
lraa,7595,norm_only,2283,2373,0,0,0.45713675022125244
lraa,7595,norm_only,2284,424,1,1,0.5029296278953552
lraa,7595,norm_only,2285,2138,1,1,0.5370413661003113
lraa,7595,norm_only,2286,1820,1,1,0.5561585426330566
lraa,7595,norm_only,2287,2483,1,1,0.5117166042327881
lraa,7595,norm_only,2288,1477,0,0,0.4834045171737671
lraa,7595,norm_only,2289,631,0,0,0.49072372913360596
lraa,7595,norm_only,2290,298,1,1,0.5389832258224487
lraa,7595,norm_only,2291,2369,0,0,0.49609383940696716
lraa,7595,norm_only,2292,14,1,1,0.6069207787513733
lraa,7595,norm_only,2293,1621,1,1,0.5539879202842712
lraa,7595,norm_only,2294,1040,1,0,0.46150216460227966
lraa,7595,norm_only,2295,1478,1,1,0.5336405038833618
lraa,7595,norm_only,2296,1241,0,0,0.4462534189224243
lraa,7595,norm_only,2297,561,1,1,0.5810653567314148
lraa,7595,norm_only,2298,1653,1,1,0.5544704794883728
lraa,7595,norm_only,2299,2066,0,0,0.46635952591896057
lraa,7595,norm_only,2300,49,0,0,0.4838923215866089
lraa,7595,norm_only,2301,345,1,1,0.501953125
lraa,7595,norm_only,2302,888,1,1,0.5556763410568237
lraa,7595,norm_only,2303,390,1,0,0.49072372913360596
lraa,7595,norm_only,2304,1302,1,1,0.5224458575248718
lraa,7595,norm_only,2305,1305,1,1,0.5481898188591003
lraa,7595,norm_only,2306,2765,1,1,0.5847432017326355
lraa,7595,norm_only,2307,197,0,0,0.47268345952033997
lraa,7595,norm_only,2308,670,0,0,0.48535576462745667
lraa,7595,norm_only,2309,629,0,0,0.48291680216789246
lraa,7595,norm_only,2310,782,0,1,0.5053709149360657
lraa,7595,norm_only,2311,2356,0,0,0.4873073995113373
lraa,7595,norm_only,2312,2609,1,1,0.5767803192138672
lraa,7595,norm_only,2313,2142,1,1,0.5363128781318665
lraa,7595,norm_only,2314,1636,1,1,0.5825058817863464
lraa,7595,norm_only,2315,1390,1,1,0.532181978225708
lraa,7595,norm_only,2316,2755,0,0,0.4323030114173889
lraa,7595,norm_only,2317,637,0,0,0.4951173663139343
lraa,7595,norm_only,2318,1928,1,1,0.5195213556289673
lraa,7595,norm_only,2319,1219,0,0,0.4605315029621124
lraa,7595,norm_only,2320,196,0,0,0.43782350420951843
lraa,7595,norm_only,2321,183,0,0,0.47950369119644165
lraa,7595,norm_only,2322,540,0,0,0.4799911379814148
lraa,7595,norm_only,2323,1698,1,0,0.4965820908546448
lraa,7595,norm_only,2324,2856,1,1,0.530722975730896
lraa,7595,norm_only,2325,2638,1,1,0.5175709128379822
lraa,7595,norm_only,2326,44,1,1,0.5506073832511902
lraa,7595,norm_only,2327,575,0,0,0.4814538359642029
lraa,7595,norm_only,2328,1316,0,0,0.4590761363506317
lraa,7595,norm_only,2329,692,1,1,0.5131805539131165
lraa,7595,norm_only,2330,781,1,1,0.5508489608764648
lraa,7595,norm_only,2331,2661,0,0,0.40098387002944946
lraa,7595,norm_only,2332,2611,1,1,0.5944924354553223
lraa,7595,norm_only,2333,2505,0,1,0.590011715888977
lraa,7595,norm_only,2334,415,0,0,0.45810624957084656
lraa,7595,norm_only,2335,2858,1,1,0.5965800285339355
lraa,7595,norm_only,2336,1259,0,0,0.4464946985244751
lraa,7595,norm_only,2337,2464,1,1,0.50048828125
lraa,7595,norm_only,2338,1287,0,0,0.4746311902999878
lraa,7595,norm_only,2339,2733,0,0,0.4678179919719696
lraa,7595,norm_only,2340,2874,1,1,0.5539879202842712
lraa,7595,norm_only,2341,2782,0,0,0.4310452342033386
lraa,7595,norm_only,2342,1000,0,0,0.4916999638080597
lraa,7595,norm_only,2343,2137,1,1,0.555194079875946
lraa,7595,norm_only,2344,710,1,1,0.586108386516571
lraa,7595,norm_only,2345,1958,0,1,0.5326682329177856
lraa,7595,norm_only,2346,2762,1,1,0.5346124768257141
lraa,7595,norm_only,2347,47,1,1,0.5304797887802124
lraa,7595,norm_only,2348,315,1,1,0.583025336265564
lraa,7595,norm_only,2349,902,0,1,0.5068355202674866
lraa,7595,norm_only,2350,2807,1,1,0.5681762099266052
lraa,7595,norm_only,2351,2267,1,1,0.5662583708763123
lraa,7595,norm_only,2352,1089,0,0,0.475605309009552
lraa,7595,norm_only,2353,1049,0,1,0.5122045874595642
lraa,7595,norm_only,2354,1943,0,0,0.4941408932209015
lraa,7595,norm_only,2355,330,1,1,0.5346124768257141
lraa,7595,norm_only,2356,2721,1,1,0.5350984334945679
lraa,7595,norm_only,2357,1987,1,1,0.5365557670593262
lraa,7595,norm_only,2358,1388,1,1,0.5146442651748657
lraa,7595,norm_only,2359,1930,0,0,0.4515683650970459
lraa,7595,norm_only,2360,182,1,1,0.530722975730896
lraa,7595,norm_only,2361,2927,0,0,0.4661164879798889
lraa,7595,norm_only,2362,2112,0,0,0.47950369119644165
lraa,7595,norm_only,2363,2653,0,0,0.47852882742881775
lraa,7595,norm_only,2364,1433,1,1,0.5788053274154663
lraa,7595,norm_only,2365,76,1,1,0.547947883605957
lraa,7595,norm_only,2366,239,1,1,0.541893720626831
lraa,7595,norm_only,2367,400,0,0,0.4941408932209015
lraa,7595,norm_only,2368,2852,1,1,0.5924602746963501
lraa,7595,norm_only,2369,2800,1,1,0.5248817801475525
lraa,7595,norm_only,2370,2452,1,1,0.5822535157203674
lraa,7595,norm_only,2371,993,1,1,0.5664982199668884
lraa,7595,norm_only,2372,19,1,1,0.5585678219795227
lraa,7595,norm_only,2373,1712,1,0,0.46198752522468567
lraa,7595,norm_only,2374,1471,1,1,0.5842711925506592
lraa,7595,norm_only,2375,2386,1,1,0.5209837555885315
lraa,7595,norm_only,2376,2160,1,1,0.5170831680297852
lraa,7595,norm_only,2377,1199,1,1,0.5643386244773865
lraa,7595,norm_only,2378,291,1,1,0.561214804649353
lraa,7595,norm_only,2379,1912,0,0,0.4687906503677368
lraa,7595,norm_only,2380,501,1,1,0.5739172101020813
lraa,7595,norm_only,2381,256,1,0,0.4951173663139343
lraa,7595,norm_only,2382,1855,1,0,0.4887714385986328
lraa,7595,norm_only,2383,755,0,0,0.4941408932209015
lraa,7595,norm_only,2384,1439,1,1,0.5190337300300598
lraa,7595,norm_only,2385,2099,0,0,0.46830424666404724
lraa,7595,norm_only,2386,1851,1,1,0.6392857432365417
lraa,7595,norm_only,2387,2329,0,0,0.4751182198524475
lraa,7595,norm_only,2388,1896,1,1,0.523907482624054
lraa,7595,norm_only,2389,1266,0,1,0.5126925706863403
lraa,7595,norm_only,2390,2102,0,0,0.47950369119644165
lraa,7595,norm_only,2391,134,1,1,0.5848047733306885
lraa,7595,norm_only,2392,2812,1,1,0.6186652183532715
lraa,7595,norm_only,2393,2293,1,1,0.5431056022644043
lraa,7595,norm_only,2394,1760,1,1,0.5556763410568237
lraa,7595,norm_only,2395,525,1,1,0.5185462236404419
lraa,7595,norm_only,2396,1223,1,1,0.523907482624054
lraa,7595,norm_only,2397,2570,1,1,0.541893720626831
lraa,7595,norm_only,2398,2803,1,1,0.5686553716659546
lraa,7595,norm_only,2399,2411,1,1,0.543832540512085
lraa,7595,norm_only,2400,910,0,1,0.5399537086486816
lraa,7595,norm_only,2401,155,1,1,0.5384978652000427
lraa,7595,norm_only,2402,703,0,0,0.49609383940696716
lraa,7595,norm_only,2403,274,1,1,0.5786862969398499
lraa,7595,norm_only,2404,413,1,0,0.49609383940696716
lraa,7595,norm_only,2405,280,1,1,0.5009765625
lraa,7595,norm_only,2406,300,1,1,0.5126925706863403
lraa,7595,norm_only,2407,206,1,1,0.5063472986221313
lraa,7595,norm_only,2408,534,1,1,0.5462540984153748
lraa,7595,norm_only,2409,269,1,1,0.507323682308197
lraa,7595,norm_only,2410,808,1,1,0.5588085651397705
lraa,7595,norm_only,2411,1319,0,0,0.4916999638080597
lraa,7595,norm_only,2412,1247,0,1,0.5464961528778076
lraa,7595,norm_only,2413,1593,1,1,0.5273165106773376
lraa,7595,norm_only,2414,747,0,0,0.4739006757736206
lraa,7595,norm_only,2415,2821,1,0,0.4975586235523224
lraa,7595,norm_only,2416,2195,1,1,0.555917501449585
lraa,7595,norm_only,2417,2936,0,0,0.49218812584877014
lraa,7595,norm_only,2418,852,1,1,0.5911185145378113
lraa,7595,norm_only,2419,2038,1,1,0.5248817801475525
lraa,7595,norm_only,2420,612,0,0,0.47755417227745056
lraa,7595,norm_only,2421,1794,1,1,0.5681762099266052
lraa,7595,norm_only,2422,1531,1,1,0.5063472986221313
lraa,7595,norm_only,2423,2501,1,1,0.6249804496765137
lraa,7595,norm_only,2424,2059,1,1,0.5219584703445435
lraa,7595,norm_only,2425,116,0,0,0.49218812584877014
lraa,7595,norm_only,2426,1376,1,1,0.5571225881576538
lraa,7595,norm_only,2427,145,1,1,0.5506073832511902
lraa,7595,norm_only,2428,1833,1,1,0.5309661626815796
lraa,7595,norm_only,2429,679,1,1,0.53946852684021
lraa,7595,norm_only,2430,162,0,0,0.469033807516098
lraa,7595,norm_only,2431,172,1,1,0.5350984334945679
lraa,7595,norm_only,2432,1584,0,0,0.41786524653434753
lraa,7595,norm_only,2433,975,0,0,0.4323030114173889
lraa,7595,norm_only,2434,874,1,1,0.5597714185714722
lraa,7595,norm_only,2435,434,0,0,0.4946291148662567
lraa,7595,norm_only,2436,63,1,1,0.5631377100944519
lraa,7595,norm_only,2437,1227,1,1,0.5899525880813599
lraa,7595,norm_only,2438,984,0,0,0.4990234673023224
lraa,7595,norm_only,2439,794,0,0,0.47268345952033997
lraa,7595,norm_only,2440,1043,0,1,0.511228621006012
lraa,7595,norm_only,2441,1097,0,0,0.4366220533847809
lraa,7595,norm_only,2442,753,1,1,0.5292633771896362
lraa,7595,norm_only,2443,105,0,0,0.4814538359642029
lraa,7595,norm_only,2444,655,0,0,0.4746311902999878
lraa,7595,norm_only,2445,338,1,1,0.5634980797767639
lraa,7595,norm_only,2446,119,0,0,0.4804786741733551
lraa,7595,norm_only,2447,593,0,0,0.42369645833969116
lraa,7595,norm_only,2448,937,1,1,0.599118709564209
lraa,7595,norm_only,2449,2770,0,0,0.4678179919719696
lraa,7595,norm_only,2450,805,1,1,0.5087881684303284
lraa,7595,norm_only,2451,1253,1,1,0.5375269651412964
lraa,7595,norm_only,2452,2298,0,0,0.49218812584877014
lraa,7595,norm_only,2453,933,1,1,0.5777336359024048
lraa,7595,norm_only,2454,1655,0,1,0.5068355202674866
lraa,7595,norm_only,2455,2638,1,1,0.5156199336051941
lraa,7595,norm_only,2456,658,0,0,0.406744122505188
lraa,7595,norm_only,2457,542,1,1,0.5078118443489075
lraa,7595,norm_only,2458,219,1,1,0.5827878713607788
lraa,7595,norm_only,2459,2349,1,0,0.49560558795928955
lraa,7595,norm_only,2460,1533,0,0,0.47219666838645935
lraa,7595,norm_only,2461,2842,1,1,0.5664982199668884
lraa,7595,norm_only,2462,2050,0,0,0.4804786741733551
lraa,7595,norm_only,2463,1492,1,1,0.605682373046875
lraa,7595,norm_only,2464,2555,1,0,0.4877953827381134
lraa,7595,norm_only,2465,194,1,1,0.5141563415527344
lraa,7595,norm_only,2466,1783,1,1,0.547947883605957
lraa,7595,norm_only,2467,110,1,1,0.586759626865387
lraa,7595,norm_only,2468,1340,1,0,0.4799911379814148
lraa,7595,norm_only,2469,2297,0,1,0.6208515167236328
lraa,7595,norm_only,2470,33,0,1,0.511228621006012
lraa,7595,norm_only,2471,307,1,1,0.50048828125
lraa,7595,norm_only,2472,1964,1,0,0.498046875
lraa,7595,norm_only,2473,2667,0,1,0.5063472986221313
lraa,7595,norm_only,2474,2714,0,0,0.4951173663139343
lraa,7595,norm_only,2475,1624,1,1,0.5855752229690552
lraa,7595,norm_only,2476,1067,1,1,0.5803520083427429
lraa,7595,norm_only,2477,2364,0,0,0.4995117485523224
lraa,7595,norm_only,2478,1627,0,0,0.44179341197013855
lraa,7595,norm_only,2479,1795,1,1,0.5331543684005737
lraa,7595,norm_only,2480,1966,1,1,0.5777336359024048
lraa,7595,norm_only,2481,2928,1,1,0.5740366578102112
lraa,7595,norm_only,2482,2819,1,1,0.5863452553749084
lraa,7595,norm_only,2483,38,0,0,0.4605315029621124
lraa,7595,norm_only,2484,340,1,1,0.545285701751709
lraa,7595,norm_only,2485,1339,1,1,0.5360700488090515
lraa,7595,norm_only,2486,2049,1,1,0.5566405653953552
lraa,7595,norm_only,2487,46,1,1,0.5761843323707581
lraa,7595,norm_only,2488,2723,1,1,0.570331335067749
lraa,7595,norm_only,2489,1241,1,1,0.5926076769828796
lraa,7595,norm_only,2490,716,1,0,0.4965820908546448
lraa,7595,norm_only,2491,2533,0,1,0.5815407633781433
lraa,7595,norm_only,2492,881,1,1,0.5578453540802002
lraa,7595,norm_only,2493,230,1,1,0.5195213556289673
lraa,7595,norm_only,2494,1539,1,1,0.5643386244773865
lraa,7595,norm_only,2495,2375,0,0,0.4474602937698364
lraa,7595,norm_only,2496,1544,1,1,0.5510905385017395
lraa,7595,norm_only,2497,1865,1,1,0.5484316945075989
lraa,7595,norm_only,2498,2017,0,0,0.46635952591896057
lraa,7595,norm_only,2499,2091,0,0,0.4527778923511505
lraa,7595,norm_only,2500,2404,1,1,0.5660185217857361
lraa,7595,norm_only,2501,834,1,1,0.5723642706871033
lraa,7595,norm_only,2502,492,0,0,0.46830424666404724
lraa,7595,norm_only,2503,2613,0,0,0.4457707703113556
lraa,7595,norm_only,2504,2541,0,0,0.47219666838645935
lraa,7595,norm_only,2505,166,0,1,0.501953125
lraa,7595,norm_only,2506,2593,0,0,0.4612594544887543
lraa,7595,norm_only,2507,2280,0,0,0.45132651925086975
lraa,7595,norm_only,2508,287,1,1,0.5737903714179993
lraa,7595,norm_only,2509,318,1,1,0.5578453540802002
lraa,7595,norm_only,2510,1784,1,1,0.5428633093833923
lraa,7595,norm_only,2511,77,0,0,0.47073662281036377
lraa,7595,norm_only,2512,251,1,1,0.5667380690574646
lraa,7595,norm_only,2513,1283,1,1,0.5865820646286011
lraa,7595,norm_only,2514,2485,1,1,0.5660185217857361
lraa,7595,norm_only,2515,687,0,0,0.4931644797325134
lraa,7595,norm_only,2516,1098,0,0,0.430865615606308
lraa,7595,norm_only,2517,2589,1,1,0.5464961528778076
lraa,7595,norm_only,2518,371,0,0,0.43914595246315
lraa,7595,norm_only,2519,1394,1,1,0.5712883472442627
lraa,7595,norm_only,2520,247,0,0,0.4873073995113373
lraa,7595,norm_only,2521,762,0,0,0.4593186378479004
lraa,7595,norm_only,2522,1785,1,1,0.5536259412765503
lraa,7595,norm_only,2523,2537,0,0,0.4515683650970459
lraa,7595,norm_only,2524,922,1,1,0.5754687786102295
lraa,7595,norm_only,2525,1181,1,1,0.545285701751709
lraa,7595,norm_only,2526,237,0,1,0.5102524757385254
lraa,7595,norm_only,2527,2549,0,0,0.4484263062477112
lraa,7595,norm_only,2528,374,0,0,0.4863315522670746
lraa,7595,norm_only,2529,564,1,1,0.5214711427688599
lraa,7595,norm_only,2530,621,0,1,0.5375269651412964
lraa,7595,norm_only,2531,1107,1,0,0.4965820908546448
lraa,7595,norm_only,2532,2628,1,1,0.523907482624054
lraa,7595,norm_only,2533,1272,0,0,0.4990234673023224
lraa,7595,norm_only,2534,2377,1,1,0.5
lraa,7595,norm_only,2535,1467,0,0,0.4644157290458679
lraa,7595,norm_only,2536,551,0,0,0.4946291148662567
lraa,7595,norm_only,2537,2068,0,0,0.4515683650970459
lraa,7595,norm_only,2538,664,0,0,0.4634442627429962
lraa,7595,norm_only,2539,2453,0,0,0.4717099368572235
lraa,7595,norm_only,2540,1753,0,0,0.4902355968952179
lraa,7595,norm_only,2541,1772,0,0,0.4532618820667267
lraa,7595,norm_only,2542,507,1,1,0.5440747737884521
lraa,7595,norm_only,2543,335,1,1,0.5600120425224304
lraa,7595,norm_only,2544,149,1,1,0.5972738862037659
lraa,7595,norm_only,2545,1709,1,1,0.5636181831359863
lraa,7595,norm_only,2546,1708,1,1,0.5083000063896179
lraa,7595,norm_only,2547,1206,0,0,0.43650195002555847
lraa,7595,norm_only,2548,1454,0,0,0.46587347984313965
lraa,7595,norm_only,2549,2840,1,1,0.5146442651748657
lraa,7595,norm_only,2550,334,1,1,0.6116139888763428
lraa,7595,norm_only,2551,1313,1,1,0.541893720626831
lraa,7595,norm_only,2552,2075,1,1,0.5190337300300598
lraa,7595,norm_only,2553,2241,0,0,0.4687906503677368
lraa,7595,norm_only,2554,810,0,0,0.49609383940696716
lraa,7595,norm_only,2555,2217,1,1,0.5229331254959106
lraa,7595,norm_only,2556,1286,1,1,0.5063472986221313
lraa,7595,norm_only,2557,1469,1,1,0.5643386244773865
lraa,7595,norm_only,2558,2275,1,1,0.6359010338783264
lraa,7595,norm_only,2559,1069,1,0,0.47852882742881775
lraa,7595,norm_only,2560,1421,0,1,0.5180585384368896
lraa,7595,norm_only,2561,2053,0,0,0.4985351264476776
lraa,7595,norm_only,2562,2052,1,1,0.5578453540802002
lraa,7595,norm_only,2563,391,1,1,0.5679365992546082
lraa,7595,norm_only,2564,1885,1,1,0.5200088620185852
lraa,7595,norm_only,2565,1555,0,0,0.47755417227745056
lraa,7595,norm_only,2566,1825,1,1,0.571647047996521
lraa,7595,norm_only,2567,1902,1,1,0.5248817801475525
lraa,7595,norm_only,2568,1528,1,1,0.5404388308525085
lraa,7595,norm_only,2569,924,1,1,0.5068355202674866
lraa,7595,norm_only,2570,1041,0,0,0.4985351264476776
lraa,7595,norm_only,2571,2598,0,0,0.454714298248291
lraa,7595,norm_only,2572,2633,0,0,0.4873073995113373
lraa,7595,norm_only,2573,1761,1,1,0.5292633771896362
lraa,7595,norm_only,2574,1240,1,1,0.5950881838798523
lraa,7595,norm_only,2575,2139,0,0,0.4824291169643402
lraa,7595,norm_only,2576,2034,0,0,0.4576214551925659
lraa,7595,norm_only,2577,2545,0,1,0.5034179091453552
lraa,7595,norm_only,2578,2693,1,1,0.5367985367774963
lraa,7595,norm_only,2579,1755,0,0,0.48535576462745667
lraa,7595,norm_only,2580,2361,0,0,0.48291680216789246
lraa,7595,norm_only,2581,1109,1,1,0.5346124768257141
lraa,7595,norm_only,2582,539,1,1,0.5336405038833618
lraa,7595,norm_only,2583,1631,0,1,0.5117166042327881
lraa,7595,norm_only,2584,2866,0,1,0.5083000063896179
lraa,7595,norm_only,2585,1429,0,0,0.46976351737976074
lraa,7595,norm_only,2586,2042,0,0,0.4414322078227997
lraa,7595,norm_only,2587,2876,1,1,0.5336405038833618
lraa,7595,norm_only,2588,939,1,1,0.5039061903953552
lraa,7595,norm_only,2589,2218,1,0,0.4887714385986328
lraa,7595,norm_only,2590,1768,1,1,0.5588085651397705
lraa,7595,norm_only,2591,1513,0,0,0.4239945709705353
lraa,7595,norm_only,2592,2700,0,0,0.47950369119644165
lraa,7595,norm_only,2593,1226,0,1,0.5638583302497864
lraa,7595,norm_only,2594,1273,0,0,0.45859116315841675
lraa,7595,norm_only,2595,1900,0,0,0.4834045171737671
lraa,7595,norm_only,2596,311,1,1,0.5909562706947327
lraa,7595,norm_only,2597,2426,1,1,0.5712883472442627
lraa,7595,norm_only,2598,179,1,1,0.5600120425224304
lraa,7595,norm_only,2599,2133,0,0,0.4790162444114685
lraa,7595,norm_only,2600,837,0,0,0.4462534189224243
lraa,7595,norm_only,2601,1534,0,0,0.4995117485523224
lraa,7595,norm_only,2602,2027,1,1,0.5282900333404541
lraa,7595,norm_only,2603,614,1,1,0.5382551550865173
lraa,7595,norm_only,2604,2883,1,1,0.5224458575248718
lraa,7595,norm_only,2605,1420,1,1,0.509276270866394
lraa,7595,norm_only,2606,524,1,1,0.5273165106773376
lraa,7595,norm_only,2607,170,0,0,0.4525359272956848
lraa,7595,norm_only,2608,1612,1,1,0.6035813689231873
lraa,7595,norm_only,2609,1357,1,1,0.5151321291923523
lraa,7595,norm_only,2610,2698,1,1,0.5699723362922668
lraa,7595,norm_only,2611,2767,1,1,0.5341265201568604
lraa,7595,norm_only,2612,776,1,1,0.5614553093910217
lraa,7595,norm_only,2613,1464,1,1,0.5326682329177856
lraa,7595,norm_only,2614,55,1,1,0.5219584703445435
lraa,7595,norm_only,2615,1428,1,1,0.5535053014755249
lraa,7595,norm_only,2616,1738,1,1,0.5501240491867065
lraa,7595,norm_only,2617,2584,1,1,0.5571225881576538
lraa,7595,norm_only,2618,1235,0,0,0.475605309009552
lraa,7595,norm_only,2619,252,1,1,0.5893323421478271
lraa,7595,norm_only,2620,609,0,0,0.4790162444114685
lraa,7595,norm_only,2621,36,0,0,0.46830424666404724
lraa,7595,norm_only,2622,2287,1,1,0.5053709149360657
lraa,7595,norm_only,2623,2540,0,0,0.48681947588920593
lraa,7595,norm_only,2624,2880,0,1,0.50244140625
lraa,7595,norm_only,2625,1746,0,0,0.4946291148662567
lraa,7595,norm_only,2626,1303,1,1,0.5263427495956421
lraa,7595,norm_only,2627,1088,0,0,0.4593186378479004
lraa,7595,norm_only,2628,50,1,1,0.5009765625
lraa,7595,norm_only,2629,1022,1,1,0.5800547003746033
lraa,7595,norm_only,2630,388,1,1,0.5656586289405823
lraa,7595,norm_only,2631,1633,1,1,0.571647047996521
lraa,7595,norm_only,2632,2446,1,1,0.5722447633743286
lraa,7595,norm_only,2633,651,1,1,0.5043944120407104
lraa,7595,norm_only,2634,757,0,0,0.49560558795928955
lraa,7595,norm_only,2635,2702,1,0,0.4843800961971283
lraa,7595,norm_only,2636,1644,1,1,0.5263427495956421
lraa,7595,norm_only,2637,1259,0,0,0.4452883005142212
lraa,7595,norm_only,2638,2486,1,0,0.49560558795928955
lraa,7595,norm_only,2639,1362,1,0,0.498046875
lraa,7595,norm_only,2640,70,0,0,0.45786383748054504
lraa,7595,norm_only,2641,111,0,0,0.48535576462745667
lraa,7595,norm_only,2642,1684,0,0,0.4790162444114685
lraa,7595,norm_only,2643,901,0,1,0.5180585384368896
lraa,7595,norm_only,2644,1754,1,1,0.5974904298782349
lraa,7595,norm_only,2645,999,1,1,0.5664982199668884
lraa,7595,norm_only,2646,2429,1,1,0.5501240491867065
lraa,7595,norm_only,2647,2355,1,1,0.5554351806640625
lraa,7595,norm_only,2648,1912,0,0,0.45810624957084656
lraa,7595,norm_only,2649,615,0,0,0.4539879560470581
lraa,7595,norm_only,2650,2347,0,0,0.4717099368572235
lraa,7595,norm_only,2651,2688,0,0,0.44987595081329346
lraa,7595,norm_only,2652,1929,1,1,0.6260098814964294
lraa,7595,norm_only,2653,594,1,1,0.5765419602394104
lraa,7595,norm_only,2654,1112,1,1,0.5727227926254272
lraa,7595,norm_only,2655,559,1,0,0.4965820908546448
lraa,7595,norm_only,2656,2204,1,1,0.5597714185714722
lraa,7595,norm_only,2657,518,0,0,0.44770175218582153
lraa,7595,norm_only,2658,2682,1,1,0.5170831680297852
lraa,7595,norm_only,2659,1654,1,1,0.5423785448074341
lraa,7595,norm_only,2660,387,0,0,0.47268345952033997
lraa,7595,norm_only,2661,2405,0,0,0.4746311902999878
lraa,7595,norm_only,2662,1212,1,1,0.5126925706863403
lraa,7595,norm_only,2663,713,0,1,0.507323682308197
lraa,7595,norm_only,2664,2372,1,1,0.5594103932380676
lraa,7595,norm_only,2665,1559,0,0,0.4848679304122925
lraa,7595,norm_only,2666,1170,1,1,0.5980187654495239
lraa,7595,norm_only,2667,1654,1,1,0.5561585426330566
lraa,7595,norm_only,2668,2104,1,1,0.5365557670593262
lraa,7595,norm_only,2669,998,1,1,0.5165954232215881
lraa,7595,norm_only,2670,1977,1,1,0.5151321291923523
lraa,7595,norm_only,2671,293,0,0,0.47317034006118774
lraa,7595,norm_only,2672,565,1,1,0.511228621006012
lraa,7595,norm_only,2673,1901,1,1,0.5122045874595642
lraa,7595,norm_only,2674,1968,1,1,0.5556763410568237
lraa,7595,norm_only,2675,856,1,1,0.5416513085365295
lraa,7595,norm_only,2676,1951,0,0,0.4717099368572235
lraa,7595,norm_only,2677,426,0,0,0.4474602937698364
lraa,7595,norm_only,2678,1001,1,1,0.530722975730896
lraa,7595,norm_only,2679,591,1,1,0.5299932360649109
lraa,7595,norm_only,2680,648,0,0,0.4916999638080597
lraa,7595,norm_only,2681,2189,0,0,0.4399879574775696
lraa,7595,norm_only,2682,2911,1,1,0.5936976075172424
lraa,7595,norm_only,2683,1585,1,1,0.5583269596099854
lraa,7595,norm_only,2684,1338,0,0,0.48584359884262085
lraa,7595,norm_only,2685,844,1,1,0.5829659700393677
lraa,7595,norm_only,2686,1285,0,0,0.47317034006118774
lraa,7595,norm_only,2687,865,1,1,0.5200088620185852
lraa,7595,norm_only,2688,2460,0,0,0.4799911379814148
lraa,7595,norm_only,2689,1834,1,0,0.4892594516277313
lraa,7595,norm_only,2690,1566,0,0,0.4598037302494049
lraa,7595,norm_only,2691,42,0,0,0.475605309009552
lraa,7595,norm_only,2692,1569,1,1,0.5195213556289673
lraa,7595,norm_only,2693,2702,1,1,0.5326682329177856
lraa,7595,norm_only,2694,2132,0,0,0.48681947588920593
lraa,7595,norm_only,2695,1736,1,1,0.5525397062301636
lraa,7595,norm_only,2696,1360,1,1,0.5801141858100891
lraa,7595,norm_only,2697,554,1,1,0.507323682308197
lraa,7595,norm_only,2698,2253,0,0,0.48584359884262085
lraa,7595,norm_only,2699,2199,0,0,0.46660253405570984
lraa,7595,norm_only,2700,2321,0,0,0.48194143176078796
lraa,7595,norm_only,2701,1829,1,1,0.5657786130905151
lraa,7595,norm_only,2702,1031,0,0,0.4273967146873474
lraa,7595,norm_only,2703,2796,0,0,0.48681947588920593
lraa,7595,norm_only,2704,1222,1,1,0.5816595554351807
lraa,7595,norm_only,2705,786,1,1,0.5392258763313293
lraa,7595,norm_only,2706,469,1,1,0.543832540512085
lraa,7595,norm_only,2707,2276,1,1,0.5273165106773376
lraa,7595,norm_only,2708,2130,1,1,0.5387405753135681
lraa,7595,norm_only,2709,2370,1,1,0.5039061903953552
lraa,7595,norm_only,2710,1079,0,0,0.491211861371994
lraa,7595,norm_only,2711,2437,0,0,0.4739006757736206
lraa,7595,norm_only,2712,2426,1,1,0.5934619903564453
lraa,7595,norm_only,2713,1552,1,1,0.5527811646461487
lraa,7595,norm_only,2714,508,1,1,0.5910152792930603
lraa,7595,norm_only,2715,1679,1,1,0.5920181274414062
lraa,7595,norm_only,2716,799,0,0,0.48681947588920593
lraa,7595,norm_only,2717,516,1,1,0.5273165106773376
lraa,7595,norm_only,2718,186,0,0,0.45132651925086975
lraa,7595,norm_only,2719,1739,1,1,0.5287767648696899
lraa,7595,norm_only,2720,2838,1,1,0.5696132779121399
lraa,7595,norm_only,2721,2835,1,1,0.5627773404121399
lraa,7595,norm_only,2722,1105,1,1,0.5979894399642944
lraa,7595,norm_only,2723,1990,1,1,0.5039061903953552
lraa,7595,norm_only,2724,1420,0,0,0.4882833957672119
lraa,7595,norm_only,2725,1721,1,1,0.5859306454658508
lraa,7595,norm_only,2726,2149,0,0,0.4985351264476776
lraa,7595,norm_only,2727,26,0,0,0.4275161921977997
lraa,7595,norm_only,2728,2806,1,0,0.4838923215866089
lraa,7595,norm_only,2729,1259,0,0,0.47219666838645935
lraa,7595,norm_only,2730,1932,1,1,0.532181978225708
lraa,7595,norm_only,2731,1688,1,1,0.5686553716659546
lraa,7595,norm_only,2732,1728,0,1,0.5165954232215881
lraa,7595,norm_only,2733,2079,0,0,0.47073662281036377
lraa,7595,norm_only,2734,1458,1,1,0.5278033018112183
lraa,7595,norm_only,2735,2175,0,0,0.4799911379814148
lraa,7595,norm_only,2736,809,1,1,0.5292633771896362
lraa,7595,norm_only,2737,1639,0,0,0.4736572504043579
lraa,7595,norm_only,2738,2138,0,0,0.47706687450408936
lraa,7595,norm_only,2739,2336,0,0,0.4491509795188904
lraa,7595,norm_only,2740,2742,1,1,0.524394690990448
lraa,7595,norm_only,2741,57,1,0,0.4995117485523224
lraa,7595,norm_only,2742,1012,0,0,0.46150216460227966
lraa,7595,norm_only,2743,1389,1,1,0.584745466709137
lraa,7595,norm_only,2744,2262,0,0,0.4882833957672119
lraa,7595,norm_only,2745,2367,1,1,0.5423785448074341
lraa,7595,norm_only,2746,48,1,1,0.5571225881576538
lraa,7595,norm_only,2747,2934,1,1,0.5360700488090515
lraa,7595,norm_only,2748,1849,1,1,0.5643386244773865
lraa,7595,norm_only,2749,1822,1,1,0.5302364826202393
lraa,7595,norm_only,2750,2748,1,1,0.5423785448074341
lraa,7595,norm_only,2751,981,0,0,0.47219666838645935
lraa,7595,norm_only,2752,1769,0,0,0.4892594516277313
lraa,7595,norm_only,2753,1341,1,1,0.5341265201568604
lraa,7595,norm_only,2754,2027,0,0,0.49365267157554626
lraa,7595,norm_only,2755,1095,0,1,0.5633779764175415
lraa,7595,norm_only,2756,1282,1,1,0.5401962995529175
lraa,7595,norm_only,2757,24,0,0,0.46295860409736633
lraa,7595,norm_only,2758,1203,1,1,0.6041653752326965
lraa,7595,norm_only,2759,1167,1,1,0.5431056022644043
lraa,7595,norm_only,2760,69,1,1,0.5956689715385437
lraa,7595,norm_only,2761,2439,1,1,0.6008325815200806
lraa,7595,norm_only,2762,1182,1,1,0.5642185211181641
lraa,7595,norm_only,2763,375,1,1,0.5588085651397705
lraa,7595,norm_only,2764,2450,1,1,0.6388352513313293
lraa,7595,norm_only,2765,696,1,1,0.5214711427688599
lraa,7595,norm_only,2766,1775,1,1,0.5029296278953552
lraa,7595,norm_only,2767,1121,1,1,0.5980334281921387
lraa,7595,norm_only,2768,2618,1,1,0.5508489608764648
lraa,7595,norm_only,2769,465,1,0,0.4990234673023224
lraa,7595,norm_only,2770,864,1,1,0.5702117085456848
lraa,7595,norm_only,2771,744,0,0,0.47122323513031006
lraa,7595,norm_only,2772,1059,1,1,0.555194079875946
lraa,7595,norm_only,2773,1487,0,0,0.46976351737976074
lraa,7595,norm_only,2774,1687,0,0,0.49365267157554626
lraa,7595,norm_only,2775,2382,1,1,0.5772570967674255
lraa,7595,norm_only,2776,1991,0,0,0.4561675190925598
lraa,7595,norm_only,2777,1652,1,1,0.5746335387229919
lraa,7595,norm_only,2778,2702,1,0,0.4838923215866089
lraa,7595,norm_only,2779,1378,0,0,0.49560558795928955
lraa,7595,norm_only,2780,157,0,0,0.498046875
lraa,7595,norm_only,2781,1889,0,0,0.4814538359642029
lraa,7595,norm_only,2782,2409,0,0,0.44167301058769226
lraa,7595,norm_only,2783,707,0,0,0.4668456017971039
lraa,7595,norm_only,2784,2645,1,1,0.5477060079574585
lraa,7595,norm_only,2785,2847,1,1,0.562176525592804
lraa,7595,norm_only,2786,126,1,1,0.6029678583145142
lraa,7595,norm_only,2787,2932,1,1,0.6184347867965698
lraa,7595,norm_only,2788,1900,1,1,0.5331543684005737
lraa,7595,norm_only,2789,1548,1,1,0.5874698758125305
lraa,7595,norm_only,2790,895,1,0,0.4838923215866089
lraa,7595,norm_only,2791,30,0,0,0.4814538359642029
lraa,7595,norm_only,2792,1641,1,1,0.5841525197029114
lraa,7595,norm_only,2793,1053,1,1,0.5508489608764648
lraa,7595,norm_only,2794,246,1,1,0.576899528503418
lraa,7595,norm_only,2795,2790,0,0,0.4680611491203308
lraa,7595,norm_only,2796,941,1,1,0.6290912628173828
lraa,7595,norm_only,2797,1451,0,0,0.46635952591896057
lraa,7595,norm_only,2798,305,1,1,0.5532639026641846
lraa,7595,norm_only,2799,2621,0,0,0.41077473759651184
lraa,7595,norm_only,2800,1979,1,1,0.5726032853126526
lraa,7595,norm_only,2801,2084,1,1,0.581303060054779
lraa,7595,norm_only,2802,2635,1,1,0.5887118577957153
lraa,7595,norm_only,2803,859,0,0,0.47268345952033997
lraa,7595,norm_only,2804,2565,1,1,0.5583269596099854
lraa,7595,norm_only,2805,1348,1,1,0.5416513085365295
lraa,7595,norm_only,2806,701,1,1,0.5195213556289673
lraa,7595,norm_only,2807,973,0,0,0.3952508866786957
lraa,7595,norm_only,2808,2883,1,1,0.5097643733024597
lraa,7595,norm_only,2809,2029,1,1,0.5640984773635864
lraa,7595,norm_only,2810,915,1,1,0.5423785448074341
lraa,7595,norm_only,2811,131,0,0,0.491211861371994
lraa,7595,norm_only,2812,738,1,1,0.5692541003227234
lraa,7595,norm_only,2813,113,0,0,0.43362167477607727
lraa,7595,norm_only,2814,2873,0,0,0.4931644797325134
lraa,7595,norm_only,2815,603,0,1,0.5039061903953552
lraa,7595,norm_only,2816,207,1,1,0.5460120439529419
lraa,7595,norm_only,2817,2514,1,1,0.5380124449729919
lraa,7595,norm_only,2818,2250,1,1,0.5346124768257141
lraa,7595,norm_only,2819,2518,1,1,0.5273165106773376
lraa,7595,norm_only,2820,2576,1,0,0.4887714385986328
lraa,7595,norm_only,2821,734,1,1,0.5287767648696899
lraa,7595,norm_only,2822,1837,0,0,0.47706687450408936
lraa,7595,norm_only,2823,2440,0,0,0.45859116315841675
lraa,7595,norm_only,2824,2909,1,1,0.5481898188591003
lraa,7595,norm_only,2825,434,1,1,0.5748721957206726
lraa,7595,norm_only,2826,1259,0,0,0.4474602937698364
lraa,7595,norm_only,2827,2921,0,0,0.47706687450408936
lraa,7595,norm_only,2828,2640,0,0,0.39828941226005554
lraa,7595,norm_only,2829,1681,1,1,0.5722447633743286
lraa,7595,norm_only,2830,2912,1,1,0.5696132779121399
lraa,7595,norm_only,2831,1400,1,1,0.5638583302497864
lraa,7595,norm_only,2832,545,0,1,0.5401962995529175
lraa,7595,norm_only,2833,1180,1,1,0.5568816065788269
lraa,7595,norm_only,2834,1076,0,0,0.47414419054985046
lraa,7595,norm_only,2835,1485,1,1,0.5857714414596558
lraa,7595,norm_only,2836,297,0,0,0.4736572504043579
lraa,7595,norm_only,2837,2127,0,0,0.4941408932209015
lraa,7595,norm_only,2838,226,0,0,0.47317034006118774
lraa,7595,norm_only,2839,553,1,1,0.5521775484085083
lraa,7595,norm_only,2840,400,1,1,0.5336405038833618
lraa,7595,norm_only,2841,1925,1,1,0.5556763410568237
lraa,7595,norm_only,2842,598,0,0,0.4573790729045868
lraa,7595,norm_only,2843,2600,0,0,0.45665207505226135
lraa,7595,norm_only,2844,417,1,1,0.5795193910598755
lraa,7595,norm_only,2845,731,1,1,0.5840932130813599
lraa,7595,norm_only,2846,932,1,1,0.5229331254959106
lraa,7595,norm_only,2847,2157,1,1,0.5346124768257141
lraa,7595,norm_only,2848,2503,1,1,0.6422081589698792
lraa,7595,norm_only,2849,890,0,1,0.50146484375
lraa,7595,norm_only,2850,1509,1,1,0.543347954750061
lraa,7595,norm_only,2851,2224,0,0,0.4824291169643402
lraa,7595,norm_only,2852,161,0,0,0.4212541878223419
lraa,7595,norm_only,2853,1409,0,0,0.47852882742881775
lraa,7595,norm_only,2854,101,1,1,0.5126925706863403
lraa,7595,norm_only,2855,2891,0,0,0.46976351737976074
lraa,7595,norm_only,2856,332,0,0,0.4627158045768738
lraa,7595,norm_only,2857,2587,0,0,0.47317034006118774
lraa,7595,norm_only,2858,894,0,1,0.5590493679046631
lraa,7595,norm_only,2859,1974,1,1,0.5691343545913696
lraa,7595,norm_only,2860,2109,1,1,0.5263427495956421
lraa,7595,norm_only,2861,2473,0,0,0.4634442627429962
lraa,7595,norm_only,2862,1988,1,1,0.5156199336051941
lraa,7595,norm_only,2863,241,0,0,0.4573790729045868
lraa,7595,norm_only,2864,1412,1,1,0.5297499895095825
lraa,7595,norm_only,2865,606,1,1,0.5742753744125366
lraa,7595,norm_only,2866,880,1,1,0.5209837555885315
lraa,7595,norm_only,2867,972,0,0,0.4427569508552551
lraa,7595,norm_only,2868,586,0,0,0.48535576462745667
lraa,7595,norm_only,2869,988,0,1,0.524394690990448
lraa,7595,norm_only,2870,502,0,1,0.5048826336860657
lraa,7595,norm_only,2871,1211,0,0,0.4457707703113556
lraa,7595,norm_only,2872,1913,1,1,0.5302364826202393
lraa,7595,norm_only,2873,1088,1,1,0.5214711427688599
lraa,7595,norm_only,2874,1720,1,0,0.4863315522670746
lraa,7595,norm_only,2875,1921,0,0,0.47950369119644165
lraa,7595,norm_only,2876,2397,1,1,0.5588085651397705
lraa,7595,norm_only,2877,2263,1,1,0.5855752229690552
lraa,7595,norm_only,2878,29,1,1,0.5214711427688599
lraa,7595,norm_only,2879,1507,0,0,0.45374593138694763
lraa,7595,norm_only,2880,2684,1,1,0.5278033018112183
lraa,7595,norm_only,2881,294,1,1,0.5566405653953552
lraa,7595,norm_only,2882,127,1,1,0.5807087421417236
lraa,7595,norm_only,2883,443,0,0,0.47268345952033997
lraa,7595,norm_only,2884,2471,0,0,0.45786383748054504
lraa,7595,norm_only,2885,425,1,1,0.5219584703445435
lraa,7595,norm_only,2886,2521,1,0,0.4717099368572235
lraa,7595,norm_only,2887,2326,1,1,0.5712883472442627
lraa,7595,norm_only,2888,2389,1,1,0.5406813025474548
lraa,7595,norm_only,2889,536,0,0,0.47122323513031006
lraa,7595,norm_only,2890,704,1,1,0.6194712519645691
lraa,7595,norm_only,2891,947,0,0,0.42715775966644287
lraa,7595,norm_only,2892,2117,1,1,0.543347954750061
lraa,7595,norm_only,2893,245,1,0,0.4902355968952179
lraa,7595,norm_only,2894,2526,1,1,0.5399537086486816
lraa,7595,norm_only,2895,588,1,1,0.5734395384788513
lraa,7595,norm_only,2896,2152,0,0,0.4970703423023224
lraa,7595,norm_only,2897,583,1,1,0.5457699298858643
lraa,7595,norm_only,2898,2881,1,1,0.5126925706863403
lraa,7595,norm_only,2899,496,1,1,0.571049153804779
lraa,7595,norm_only,2900,1406,1,1,0.5097643733024597
lraa,7595,norm_only,2901,1289,1,1,0.5457699298858643
lraa,7595,norm_only,2902,2256,1,1,0.6130049228668213
lraa,7595,norm_only,2903,1802,0,0,0.4119386076927185
lraa,7595,norm_only,2904,1065,0,1,0.5068355202674866
lraa,7595,norm_only,2905,1174,1,1,0.5058591365814209
lraa,7595,norm_only,2906,2590,1,1,0.5706304907798767
lraa,7595,norm_only,2907,1839,0,1,0.5058591365814209
lraa,7595,norm_only,2908,2166,0,0,0.45035937428474426
lraa,7595,norm_only,2909,1081,1,1,0.5282900333404541
lraa,7595,norm_only,2910,866,0,0,0.4445647895336151
lraa,7595,norm_only,2911,1953,1,1,0.554229199886322
lraa,7595,norm_only,2912,617,1,1,0.5855752229690552
lraa,7595,norm_only,2913,1900,1,1,0.5219584703445435
lraa,7595,norm_only,2914,911,1,1,0.543347954750061
lraa,7595,norm_only,2915,2051,1,1,0.5258557796478271
lraa,7595,norm_only,2916,1154,1,1,0.6170512437820435
lraa,7595,norm_only,2917,501,1,1,0.5711687207221985
lraa,7595,norm_only,2918,2561,0,0,0.4990234673023224
lraa,7595,norm_only,2919,348,1,1,0.5416513085365295
lraa,7595,norm_only,2920,1221,0,0,0.4457707703113556
lraa,7595,norm_only,2921,306,1,1,0.5921949744224548
lraa,7595,norm_only,2922,2536,1,1,0.5782099962234497
lraa,7595,norm_only,2923,2168,1,1,0.5464961528778076
lraa,7595,norm_only,2924,1398,1,1,0.6027340888977051
lraa,7595,norm_only,2925,2366,0,1,0.555917501449585
lraa,7595,norm_only,2926,336,1,1,0.5865228176116943
lraa,7595,norm_only,2927,1973,1,1,0.621540904045105
lraa,7595,norm_only,2928,1874,1,0,0.49365267157554626
lraa,7595,norm_only,2929,3,1,1,0.5758265852928162
lraa,7595,norm_only,2930,616,1,1,0.5195213556289673
lraa,7595,norm_only,2931,1843,1,1,0.5360700488090515
lraa,7595,norm_only,2932,1102,0,1,0.5039061903953552
lraa,7595,norm_only,2933,1019,1,1,0.6062071323394775
lraa,7595,norm_only,2934,2277,0,0,0.46198752522468567
lraa,7595,norm_only,2935,163,0,0,0.43374159932136536
lraa,7595,norm_only,2936,1678,1,1,0.5214711427688599
lraa,7595,norm_only,2937,1672,1,0,0.4970703423023224
lraa,7595,norm_only,2938,1,1,1,0.5693738460540771
lraa,7595,norm_only,2939,1007,1,1,0.5404388308525085
lraa,7595,norm_only,2940,300,1,0,0.4814538359642029
lraa,7595,norm_only,2941,2271,1,1,0.5561585426330566
lraa,7595,norm_only,2942,1670,0,0,0.4593186378479004
lraa,7595,norm_only,2943,2085,1,1,0.5722447633743286
lraa,7595,norm_only,2944,2496,1,1,0.5856937170028687
lraa,7595,norm_only,2945,324,0,0,0.4653874933719635
lraa,7595,norm_only,2946,693,0,0,0.47804147005081177
lraa,7595,norm_only,2947,1351,1,1,0.5365557670593262
lraa,7595,norm_only,2948,1367,1,1,0.5161076784133911
lraa,7595,norm_only,2949,2378,1,1,0.5667380690574646
lraa,7595,norm_only,2950,1380,0,0,0.45786383748054504
lraa,7595,norm_only,2951,623,1,1,0.5161076784133911
lraa,7595,norm_only,2952,1508,1,1,0.5597714185714722
lraa,7595,norm_only,2953,1304,0,0,0.47804147005081177
lraa,7595,norm_only,2954,1790,1,1,0.524394690990448
lraa,7595,norm_only,2955,1384,1,0,0.4892594516277313
lraa,7595,norm_only,2956,2481,0,0,0.4445647895336151
lraa,7595,norm_only,2957,2281,1,1,0.5273165106773376
lraa,7595,norm_only,2958,2879,0,0,0.4313446283340454
lraa,7595,norm_only,2959,1551,1,1,0.5428633093833923
lraa,7595,norm_only,2960,1046,1,1,0.50146484375
lraa,7595,norm_only,2961,1983,0,1,0.5
lraa,7595,norm_only,2962,1187,0,0,0.46976351737976074
lraa,7595,norm_only,2963,1461,1,1,0.5156199336051941
lraa,7595,norm_only,2964,1938,1,1,0.5414088368415833
lraa,7595,norm_only,2965,1279,1,0,0.4931644797325134
lraa,7595,norm_only,2966,648,1,1,0.5219584703445435
lraa,7595,norm_only,2967,2217,1,1,0.5209837555885315
lraa,7595,norm_only,2968,2254,0,0,0.4484263062477112
lraa,7595,norm_only,2969,7,1,1,0.5603729486465454
lraa,7595,norm_only,2970,1657,1,1,0.5616957545280457
lraa,7595,norm_only,2971,940,0,0,0.4990234673023224
lraa,7595,norm_only,2972,2307,0,0,0.4401082694530487
lraa,7595,norm_only,2973,2914,1,1,0.5360700488090515
lraa,7595,norm_only,2974,2523,1,1,0.5063472986221313
lraa,7595,norm_only,2975,582,1,1,0.5190337300300598
lraa,7595,norm_only,2976,1074,1,1,0.5705108046531677
lraa,7595,norm_only,2977,519,1,1,0.5273165106773376
lraa,7595,norm_only,2978,656,1,1,0.5864636301994324
lraa,7595,norm_only,2979,1564,1,1,0.5832033753395081
lraa,7595,norm_only,2980,868,1,1,0.5644586086273193
lraa,7595,norm_only,2981,971,1,0,0.4843800961971283
lraa,7595,norm_only,2982,778,1,1,0.5702117085456848
lraa,7595,norm_only,2983,2593,0,0,0.4848679304122925
lraa,7595,norm_only,2984,66,1,1,0.5165954232215881
lraa,7595,norm_only,2985,2115,0,0,0.47025004029273987
lraa,7595,norm_only,2986,1329,0,0,0.4530198872089386
lraa,7595,norm_only,2987,210,0,0,0.4653874933719635
lraa,7595,norm_only,2988,2496,1,1,0.6109178066253662
lraa,7595,norm_only,2989,253,1,1,0.5624168515205383
lraa,7595,norm_only,2990,359,1,1,0.543832540512085
lraa,7595,norm_only,2991,1667,1,1,0.5175709128379822
lraa,7595,norm_only,2992,1177,1,0,0.4877953827381134
lraa,7595,norm_only,2993,2620,0,0,0.4624730348587036
lraa,7595,norm_only,2994,2259,0,0,0.46077412366867065
lraa,7595,norm_only,2995,2492,1,1,0.5131805539131165
lraa,7595,norm_only,2996,2307,0,0,0.43386152386665344
lraa,7595,norm_only,2997,384,1,1,0.5278033018112183
lraa,7595,norm_only,2998,584,0,0,0.46295860409736633
lraa,7595,norm_only,2999,958,1,1,0.511228621006012
lraa,7595,norm_only,3000,1042,0,0,0.4612594544887543
lraa,7595,norm_only,3001,1432,1,0,0.4965820908546448
lraa,7595,norm_only,3002,1354,1,1,0.5278033018112183
lraa,7595,norm_only,3003,1228,0,0,0.4687906503677368
lraa,7595,norm_only,3004,647,0,1,0.5144003033638
lraa,7595,norm_only,3005,381,1,1,0.5852789282798767
lraa,7595,norm_only,3006,979,1,1,0.5068355202674866
lraa,7595,norm_only,3007,1656,0,0,0.49560558795928955
lraa,7595,norm_only,3008,2087,1,1,0.5726518034934998
lraa,7595,norm_only,3009,815,1,1,0.585397481918335
lraa,7595,norm_only,3010,1661,1,1,0.589716374874115
lraa,7595,norm_only,3011,1707,1,0,0.4926762878894806
lraa,7595,norm_only,3012,507,1,1,0.5278033018112183
lraa,7595,norm_only,3013,2493,0,0,0.4632014334201813
lraa,7595,norm_only,3014,1722,1,0,0.48584359884262085
lraa,7595,norm_only,3015,836,0,0,0.4814538359642029
lraa,7595,norm_only,3016,1695,1,1,0.5053709149360657
lraa,7595,norm_only,3017,2592,0,0,0.475605309009552
lraa,7595,norm_only,3018,2159,1,1,0.588297963142395
lraa,7595,norm_only,3019,678,0,1,0.5829066038131714
lraa,7595,norm_only,3020,2553,1,1,0.5893619060516357
lraa,7595,norm_only,3021,2465,0,0,0.47852882742881775
lraa,7595,norm_only,3022,1637,1,1,0.5053709149360657
lraa,7595,norm_only,3023,775,1,0,0.4751182198524475
lraa,7595,norm_only,3024,622,1,1,0.5151321291923523
lraa,7595,norm_only,3025,620,0,0,0.44589143991470337
lraa,7595,norm_only,3026,1383,0,0,0.47609245777130127
lraa,7595,norm_only,3027,2456,1,1,0.5919591188430786
lraa,7595,norm_only,3028,1985,0,0,0.4717099368572235
lraa,7595,norm_only,3029,1459,1,1,0.5440747737884521
lraa,7595,norm_only,3030,533,1,1,0.5414088368415833
lraa,7595,norm_only,3031,2379,1,1,0.5567610859870911
lraa,7595,norm_only,3032,1860,0,0,0.48584359884262085
lraa,7595,norm_only,3033,1045,0,0,0.41935813426971436
lraa,7595,norm_only,3034,160,0,1,0.509276270866394
lraa,7595,norm_only,3035,2060,0,0,0.46830424666404724
lraa,7595,norm_only,3036,2019,0,0,0.45810624957084656
lraa,7595,norm_only,3037,2317,1,1,0.5691343545913696
lraa,7595,norm_only,3038,723,0,0,0.48535576462745667
lraa,7595,norm_only,3039,1131,0,1,0.5875881910324097
lraa,7595,norm_only,3040,2448,0,0,0.47950369119644165
lraa,7595,norm_only,3041,2169,0,0,0.44866782426834106
lraa,7595,norm_only,3042,850,1,1,0.5578453540802002
lraa,7595,norm_only,3043,1724,1,1,0.5226894617080688
lraa,7595,norm_only,3044,2231,1,1,0.5136684775352478
lraa,7595,norm_only,3045,997,1,0,0.4539879560470581
lraa,7595,norm_only,3046,1726,1,1,0.5510905385017395
lraa,7595,norm_only,3047,1344,0,0,0.456409752368927
lraa,7595,norm_only,3048,1805,1,0,0.4765796661376953
lraa,7595,norm_only,3049,2408,0,1,0.5801438689231873
lraa,7595,norm_only,3050,605,1,1,0.5633779764175415
lraa,7595,norm_only,3051,1421,0,1,0.5336405038833618
lraa,7595,norm_only,3052,2582,1,1,0.591000497341156
lraa,7595,norm_only,3053,1961,1,1,0.5602526664733887
lraa,7595,norm_only,3054,1714,1,1,0.5535053014755249
lraa,7595,norm_only,3055,102,1,1,0.5126925706863403
lraa,7595,norm_only,3056,1373,0,0,0.47804147005081177
lraa,7595,norm_only,3057,1875,1,0,0.4799911379814148
lraa,7595,norm_only,3058,2647,1,1,0.5935503840446472
lraa,7595,norm_only,3059,2640,1,1,0.5316957235336304
lraa,7595,norm_only,3060,200,1,1,0.5600120425224304
lraa,7595,norm_only,3061,2314,0,0,0.4717099368572235
lraa,7595,norm_only,3062,1510,0,0,0.4452883005142212
lraa,7595,norm_only,3063,1336,1,1,0.5940214991569519
lraa,7595,norm_only,3064,1472,1,1,0.5743947625160217
lraa,7595,norm_only,3065,1483,1,1,0.5484316945075989
lraa,7595,norm_only,3066,1013,1,1,0.5532639026641846
lraa,7595,norm_only,3067,1912,0,0,0.46223029494285583
lraa,7595,norm_only,3068,945,0,0,0.4863315522670746
lraa,7595,norm_only,3069,2257,1,1,0.5904250144958496
lraa,7595,norm_only,3070,1767,1,1,0.5273165106773376
lraa,7595,norm_only,3071,914,1,1,0.5527811646461487
lraa,7595,norm_only,3072,327,0,1,0.50048828125
lraa,7595,norm_only,3073,2344,1,1,0.553022563457489
lraa,7595,norm_only,3074,2802,0,0,0.47025004029273987
lraa,7595,norm_only,3075,2568,1,1,0.5893028378486633
lraa,7595,norm_only,3076,2738,1,1,0.5580862164497375
lraa,7595,norm_only,3077,2026,1,1,0.5580862164497375
lraa,7595,norm_only,3078,579,1,1,0.5117166042327881
lraa,7595,norm_only,3079,1529,1,1,0.5571225881576538
lraa,7595,norm_only,3080,2169,0,0,0.4561675190925598
lraa,7595,norm_only,3081,1136,0,0,0.47950369119644165
lraa,7595,norm_only,3082,1023,1,1,0.5131805539131165
lraa,7595,norm_only,3083,1938,1,1,0.5877360701560974
lraa,7595,norm_only,3084,987,0,1,0.5141563415527344
lraa,7595,norm_only,3085,2535,0,0,0.4515683650970459
lraa,7595,norm_only,3086,2368,0,0,0.47219666838645935
lraa,7595,norm_only,3087,654,0,0,0.4493926465511322
lraa,7595,norm_only,3088,2859,1,1,0.5380124449729919
lraa,7595,norm_only,3089,475,0,0,0.44673606753349304
lraa,7595,norm_only,3090,2226,0,0,0.47755417227745056
lraa,7595,norm_only,3091,505,0,0,0.4321832060813904
lraa,7595,norm_only,3092,2342,1,1,0.5958454012870789
lraa,7595,norm_only,3093,243,0,0,0.4838923215866089
lraa,7595,norm_only,3094,466,1,1,0.550365686416626
lraa,7595,norm_only,3095,509,0,0,0.4653874933719635
lraa,7595,norm_only,3096,530,1,1,0.5414088368415833
lraa,7595,norm_only,3097,2874,1,1,0.5467381477355957
lraa,7595,norm_only,3098,1970,1,1,0.5326682329177856
lraa,7595,norm_only,3099,236,0,0,0.46490156650543213
lraa,7595,norm_only,3100,2073,1,1,0.541166365146637
lraa,7595,norm_only,3101,411,1,1,0.5180585384368896
lraa,7595,norm_only,3102,2694,1,1,0.5175709128379822
lraa,7595,norm_only,3103,1258,0,0,0.491211861371994
lraa,7595,norm_only,3104,569,1,1,0.5973583459854126
lraa,7595,norm_only,3105,2896,1,1,0.5324251055717468
lraa,7595,norm_only,3106,2039,1,1,0.5273165106773376
lraa,7595,norm_only,3107,2764,0,0,0.4751182198524475
lraa,7595,norm_only,3108,1423,1,1,0.5372841358184814
lraa,7595,norm_only,3109,2779,1,1,0.5117166042327881
lraa,7595,norm_only,3110,1571,1,1,0.5165954232215881
lraa,7595,norm_only,3111,2708,0,0,0.4990234673023224
lraa,7595,norm_only,3112,1944,0,0,0.45035937428474426
lraa,7595,norm_only,3113,62,0,0,0.4634442627429962
lraa,7595,norm_only,3114,708,1,1,0.5185462236404419
lraa,7595,norm_only,3115,208,1,1,0.5556763410568237
lraa,7595,norm_only,3116,1813,1,1,0.5525397062301636
lraa,7595,norm_only,3117,2908,1,1,0.572125256061554
lraa,7595,norm_only,3118,1607,1,1,0.5273165106773376
lraa,7595,norm_only,3119,2171,1,1,0.5626571178436279
lraa,7595,norm_only,3120,123,0,0,0.47268345952033997
lraa,7595,norm_only,3121,2457,0,0,0.46830424666404724
lraa,7595,norm_only,3122,299,0,0,0.4765796661376953
lraa,7595,norm_only,3123,73,1,1,0.5676969289779663
lraa,7595,norm_only,3124,2346,1,1,0.50048828125
lraa,7595,norm_only,3125,1731,1,1,0.5161076784133911
lraa,7595,norm_only,3126,2270,0,0,0.46635952591896057
lraa,7595,norm_only,3127,1396,1,1,0.5415300726890564
lraa,7595,norm_only,3128,1870,1,1,0.5324251055717468
lraa,7595,norm_only,3129,1132,0,1,0.50146484375
lraa,7595,norm_only,3130,1241,0,0,0.4433594048023224
lraa,7595,norm_only,3131,358,1,1,0.6098727583885193
lraa,7595,norm_only,3132,1563,1,1,0.555917501449585
lraa,7595,norm_only,3133,2403,0,0,0.4902355968952179
lraa,7595,norm_only,3134,1587,1,1,0.5278033018112183
lraa,7595,norm_only,3135,2690,1,1,0.5287767648696899
lraa,7595,norm_only,3136,1651,1,1,0.6192409992218018
lraa,7595,norm_only,3137,661,0,1,0.5324251055717468
lraa,7595,norm_only,3138,2080,0,0,0.45665207505226135
lraa,7595,norm_only,3139,2039,1,1,0.5706902742385864
lraa,7595,norm_only,3140,2750,1,1,0.6008911728858948
lraa,7595,norm_only,3141,1293,1,1,0.524394690990448
lraa,7595,norm_only,3142,1383,0,0,0.4450471103191376
lraa,7595,norm_only,3143,1424,1,1,0.5854566693305969
lraa,7595,norm_only,3144,1295,0,0,0.45810624957084656
lraa,7595,norm_only,3145,800,1,1,0.526829719543457
lraa,7595,norm_only,3146,282,1,1,0.5375269651412964
lraa,7595,norm_only,3147,2735,1,1,0.5580862164497375
lraa,7595,norm_only,3148,2534,1,1,0.5668579339981079
lraa,7595,norm_only,3149,1066,1,1,0.5914872884750366
lraa,7595,norm_only,3150,1822,1,1,0.5331543684005737
lraa,7595,norm_only,3151,2890,1,1,0.5571225881576538
lraa,7595,norm_only,3152,2598,0,0,0.4887714385986328
lraa,7595,norm_only,3153,1039,1,1,0.5774953961372375
lraa,7595,norm_only,3154,2030,1,1,0.5365557670593262
lraa,7595,norm_only,3155,2586,0,0,0.48681947588920593
lraa,7595,norm_only,3156,758,0,0,0.4651445150375366
lraa,7595,norm_only,3157,129,1,1,0.5365557670593262
lraa,7595,norm_only,3158,560,0,1,0.5034179091453552
lraa,7595,norm_only,3159,2788,1,1,0.511228621006012
lraa,7595,norm_only,3160,1503,0,0,0.4639299511909485
lraa,7595,norm_only,3161,2057,1,1,0.5681762099266052
lraa,7595,norm_only,3162,406,1,1,0.5170831680297852
lraa,7595,norm_only,3163,1841,1,1,0.5333974361419678
lraa,7595,norm_only,3164,2103,1,0,0.4926762878894806
lraa,7595,norm_only,3165,2114,1,1,0.5809465050697327
lraa,7595,norm_only,3166,2867,0,0,0.46635952591896057
lraa,7595,norm_only,3167,370,1,0,0.48584359884262085
lraa,7595,norm_only,3168,642,1,1,0.6231475472450256
lraa,7595,norm_only,3169,1628,0,0,0.46635952591896057
lraa,7595,norm_only,3170,1796,0,0,0.48194143176078796
lraa,7595,norm_only,3171,1198,1,1,0.5491570830345154
lraa,7595,norm_only,3172,956,0,1,0.507323682308197
lraa,7595,norm_only,3173,2383,1,1,0.5282900333404541
lraa,7595,norm_only,3174,761,1,1,0.5889482498168945
lraa,7595,norm_only,3175,1172,1,1,0.5302364826202393
lraa,7595,norm_only,3176,1604,1,1,0.5365557670593262
lraa,7595,norm_only,3177,219,1,1,0.5568816065788269
lraa,7595,norm_only,3178,2392,1,1,0.5190337300300598
lraa,7595,norm_only,3179,1331,1,1,0.5602526664733887
lraa,7595,norm_only,3180,1441,0,0,0.47073662281036377
lraa,7595,norm_only,3181,2172,1,1,0.5185462236404419
lraa,7595,norm_only,3182,1244,0,0,0.46174484491348267
lraa,7595,norm_only,3183,2381,1,1,0.5578453540802002
lraa,7595,norm_only,3184,2239,1,1,0.5771974325180054
lraa,7595,norm_only,3185,923,0,0,0.47219666838645935
lraa,7595,norm_only,3186,2232,1,0,0.4926762878894806
lraa,7595,norm_only,3187,2010,1,1,0.53946852684021
lraa,7595,norm_only,3188,991,0,0,0.49218812584877014
lraa,7595,norm_only,3189,2810,0,0,0.46174484491348267
lraa,7595,norm_only,3190,2530,0,0,0.49365267157554626
lraa,7595,norm_only,3191,1523,0,0,0.4670886695384979
lraa,7595,norm_only,3192,954,1,1,0.5956689715385437
lraa,7595,norm_only,3193,1872,0,0,0.44601204991340637
lraa,7595,norm_only,3194,1455,0,0,0.4685474634170532
lraa,7595,norm_only,3195,1437,0,0,0.4675748944282532
lraa,7595,norm_only,3196,2352,0,0,0.4951173663139343
lraa,7595,norm_only,3197,137,1,1,0.5501240491867065
lraa,7595,norm_only,3198,2745,1,1,0.598986804485321
lraa,7595,norm_only,3199,839,1,1,0.5789243578910828
lraa,7595,norm_only,3200,1193,1,1,0.5131805539131165
lraa,7595,norm_only,3201,2006,1,1,0.562176525592804
lraa,7595,norm_only,3202,1771,0,0,0.4873073995113373
lraa,7595,norm_only,3203,1436,0,1,0.5141563415527344
lraa,7595,norm_only,3204,2504,0,1,0.50048828125
lraa,7595,norm_only,3205,133,1,1,0.6286354064941406
lraa,7595,norm_only,3206,2320,1,1,0.570331335067749
lraa,7595,norm_only,3207,2871,0,0,0.46635952591896057
lraa,7595,norm_only,3208,2214,1,1,0.5535053014755249
lraa,7595,norm_only,3209,2564,1,1,0.5822535157203674
lraa,7595,norm_only,3210,322,1,1,0.5068355202674866
lraa,7595,norm_only,3211,401,1,1,0.5720056891441345
lraa,7595,norm_only,3212,1078,0,0,0.47755417227745056
lraa,7595,norm_only,3213,157,0,0,0.4995117485523224
lraa,7595,norm_only,3214,2529,1,1,0.5877360701560974
lraa,7595,norm_only,3215,889,1,1,0.5822535157203674
lraa,7595,norm_only,3216,1871,0,0,0.49609383940696716
lraa,7595,norm_only,3217,2340,1,1,0.5204963088035583
lraa,7595,norm_only,3218,5,1,1,0.5628975033760071
lraa,7595,norm_only,3219,121,1,1,0.5029296278953552
lraa,7595,norm_only,3220,1479,0,0,0.4687906503677368
lraa,7595,norm_only,3221,1526,0,0,0.4926762878894806
lraa,7595,norm_only,3222,2438,1,1,0.5195213556289673
lraa,7595,norm_only,3223,2751,0,0,0.4941408932209015
lraa,7595,norm_only,3224,1113,0,0,0.43122485280036926
lraa,7595,norm_only,3225,360,1,1,0.5278033018112183
lraa,7595,norm_only,3226,2848,0,0,0.4561675190925598
lraa,7595,norm_only,3227,767,1,0,0.4765796661376953
lraa,7595,norm_only,3228,2682,1,1,0.5214711427688599
lraa,7595,norm_only,3229,1819,1,1,0.5791624188423157
lraa,7595,norm_only,3230,399,1,1,0.5053709149360657
lraa,7595,norm_only,3231,115,1,1,0.5209837555885315
lraa,7595,norm_only,3232,328,1,1,0.5297499895095825
lraa,7595,norm_only,3233,2895,1,1,0.5460120439529419
lraa,7595,norm_only,3234,897,0,0,0.4530198872089386
lraa,7595,norm_only,3235,1846,0,0,0.44167301058769226
lraa,7595,norm_only,3236,2739,1,1,0.5730811953544617
lraa,7595,norm_only,3237,1417,1,1,0.5165954232215881
lraa,7595,norm_only,3238,1532,1,1,0.5151321291923523
lraa,7595,norm_only,3239,1185,1,1,0.5607337951660156
lraa,7595,norm_only,3240,352,1,1,0.5083000063896179
lraa,7595,norm_only,3241,817,1,1,0.5380124449729919
lraa,7595,norm_only,3242,2898,1,1,0.6066150069236755
lraa,7595,norm_only,3243,857,1,1,0.56193608045578
lraa,7595,norm_only,3244,495,0,0,0.4736572504043579
lraa,7595,norm_only,3245,1255,1,1,0.5729617476463318
lraa,7595,norm_only,3246,1490,1,1,0.5102524757385254
lraa,7595,norm_only,3247,1035,1,1,0.5869964361190796
lraa,7595,norm_only,3248,1732,0,0,0.45035937428474426
lraa,7595,norm_only,3249,455,1,1,0.5547116994857788
lraa,7595,norm_only,3250,2622,1,1,0.5377697348594666
lraa,7595,norm_only,3251,472,1,1,0.5859898924827576
lraa,7595,norm_only,3252,1711,1,1,0.5640984773635864
lraa,7595,norm_only,3253,1365,1,0,0.4873073995113373
lraa,7595,norm_only,3254,2557,1,1,0.553022563457489
lraa,7595,norm_only,3255,2887,0,0,0.4824291169643402
lraa,7595,norm_only,3256,1422,0,0,0.4687906503677368
lraa,7595,norm_only,3257,1133,1,1,0.6217706203460693
lraa,7595,norm_only,3258,1216,0,0,0.451084703207016
lraa,7595,norm_only,3259,1603,0,0,0.47414419054985046
lraa,7595,norm_only,3260,437,0,0,0.4926762878894806
lraa,7595,norm_only,3261,1106,1,1,0.5353413224220276
lraa,7595,norm_only,3262,2134,0,0,0.49072372913360596
lraa,7595,norm_only,3263,141,1,1,0.530722975730896
lraa,7595,norm_only,3264,2048,1,0,0.4882833957672119
lraa,7595,norm_only,3265,1650,1,1,0.5190337300300598
lraa,7595,norm_only,3266,1923,1,1,0.5770187377929688
lraa,7595,norm_only,3267,1689,1,1,0.5807087421417236
lraa,7595,norm_only,3268,37,1,1,0.5535053014755249
lraa,7595,norm_only,3269,555,0,0,0.46733176708221436
lraa,7595,off,0,2461,0,1,0.5039061903953552
lraa,7595,off,1,652,1,1,0.5126925706863403
lraa,7595,off,2,694,1,1,0.5367985367774963
lraa,7595,off,3,1750,1,1,0.5146442651748657
lraa,7595,off,4,1356,1,1,0.5039061903953552
lraa,7595,off,5,1061,0,0,0.491211861371994
lraa,7595,off,6,1159,1,1,0.5455278754234314
lraa,7595,off,7,2712,1,1,0.5435901880264282
lraa,7595,off,8,741,1,1,0.5170831680297852
lraa,7595,off,9,2320,1,1,0.5712285041809082
lraa,7595,off,10,2845,1,1,0.5229331254959106
lraa,7595,off,11,2427,0,0,0.47341373562812805
lraa,7595,off,12,1377,1,0,0.47804147005081177
lraa,7595,off,13,2556,1,1,0.5009765625
lraa,7595,off,14,250,1,1,0.5397111177444458
lraa,7595,off,15,366,1,1,0.5485525727272034
lraa,7595,off,16,552,1,1,0.5314525961875916
lraa,7595,off,17,1806,1,1,0.5796458125114441
lraa,7595,off,18,2637,1,1,0.50244140625
lraa,7595,off,19,1116,1,1,0.5596510767936707
lraa,7595,off,20,1854,0,0,0.4931644797325134
lraa,7595,off,21,580,1,1,0.507323682308197
lraa,7595,off,22,460,1,1,0.5124486088752747
lraa,7595,off,23,1326,1,1,0.5656586289405823
lraa,7595,off,24,514,1,0,0.48291680216789246
lraa,7595,off,25,2687,1,1,0.5724837779998779
lraa,7595,off,26,760,1,1,0.5122045874595642
lraa,7595,off,27,2644,0,0,0.47950369119644165
lraa,7595,off,28,2211,1,1,0.5804077982902527
lraa,7595,off,29,319,1,1,0.6134681701660156
lraa,7595,off,30,1904,1,1,0.5687751173973083
lraa,7595,off,31,2776,1,1,0.6026463508605957
lraa,7595,off,32,79,0,0,0.4492717683315277
lraa,7595,off,33,2863,1,1,0.5043944120407104
lraa,7595,off,34,2290,1,1,0.5561585426330566
lraa,7595,off,35,466,1,1,0.5331543684005737
lraa,7595,off,36,1201,0,0,0.4530198872089386
lraa,7595,off,37,577,1,1,0.5131805539131165
lraa,7595,off,38,2136,0,0,0.4838923215866089
lraa,7595,off,39,2307,0,0,0.4455295503139496
lraa,7595,off,40,2777,1,1,0.5126925706863403
lraa,7595,off,41,2198,0,0,0.46635952591896057
lraa,7595,off,42,2915,1,1,0.5190337300300598
lraa,7595,off,43,2480,0,0,0.45592525601387024
lraa,7595,off,44,51,1,1,0.5736784338951111
lraa,7595,off,45,2020,1,1,0.5404388308525085
lraa,7595,off,46,2010,1,1,0.5170831680297852
lraa,7595,off,47,193,1,1,0.5909562706947327
lraa,7595,off,48,2614,1,1,0.554229199886322
lraa,7595,off,49,2184,1,0,0.4639299511909485
lraa,7595,off,50,109,1,1,0.5450435876846313
lraa,7595,off,51,2054,1,1,0.5481898188591003
lraa,7595,off,52,2380,0,0,0.4700067639350891
lraa,7595,off,53,1701,1,1,0.5156199336051941
lraa,7595,off,54,904,0,0,0.4572579264640808
lraa,7595,off,55,1675,0,0,0.4985351264476776
lraa,7595,off,56,2023,1,1,0.5464961528778076
lraa,7595,off,57,2337,1,1,0.5439535975456238
lraa,7595,off,58,1693,0,0,0.4538669288158417
lraa,7595,off,59,1596,1,1,0.5895982384681702
lraa,7595,off,60,1648,0,0,0.4804786741733551
lraa,7595,off,61,32,0,0,0.4439619779586792
lraa,7595,off,62,274,0,1,0.50244140625
lraa,7595,off,63,2462,1,1,0.5236639380455017
lraa,7595,off,64,772,1,1,0.5869372487068176
lraa,7595,off,65,747,1,1,0.501953125
lraa,7595,off,66,1981,1,0,0.498046875
lraa,7595,off,67,556,0,0,0.4491509795188904
lraa,7595,off,68,135,0,0,0.4902355968952179
lraa,7595,off,69,869,1,1,0.5068355202674866
lraa,7595,off,70,523,1,1,0.5522982478141785
lraa,7595,off,71,112,1,1,0.5399537086486816
lraa,7595,off,72,2393,0,1,0.5253688097000122
lraa,7595,off,73,442,1,1,0.5901297926902771
lraa,7595,off,74,986,1,1,0.5248817801475525
lraa,7595,off,75,2269,1,1,0.5043944120407104
lraa,7595,off,76,1195,0,0,0.47755417227745056
lraa,7595,off,77,1647,0,0,0.4315691888332367
lraa,7595,off,78,2589,1,1,0.5401962995529175
lraa,7595,off,79,2775,0,0,0.4816976487636566
lraa,7595,off,80,1337,0,0,0.44764137268066406
lraa,7595,off,81,2507,1,1,0.5714676380157471
lraa,7595,off,82,1553,0,0,0.4946291148662567
lraa,7595,off,83,2406,1,1,0.5372841358184814
lraa,7595,off,84,1087,0,1,0.555194079875946
lraa,7595,off,85,2355,1,1,0.5421361327171326
lraa,7595,off,86,1965,1,1,0.5414088368415833
lraa,7595,off,87,201,1,1,0.5231767296791077
lraa,7595,off,88,750,1,1,0.5929023027420044
lraa,7595,off,89,304,1,1,0.550003170967102
lraa,7595,off,90,1123,1,1,0.5048826336860657
lraa,7595,off,91,1899,1,1,0.5273165106773376
lraa,7595,off,92,91,1,1,0.5649387240409851
lraa,7595,off,93,1659,1,1,0.5733854174613953
lraa,7595,off,94,2311,1,1,0.5504865646362305
lraa,7595,off,95,1298,0,1,0.5041502714157104
lraa,7595,off,96,2443,1,1,0.5202525854110718
lraa,7595,off,97,2913,1,1,0.543832540512085
lraa,7595,off,98,636,0,0,0.4916999638080597
lraa,7595,off,99,863,0,0,0.4824291169643402
lraa,7595,off,100,1427,1,1,0.5460120439529419
lraa,7595,off,101,81,0,1,0.5666256546974182
lraa,7595,off,102,835,1,1,0.5253688097000122
lraa,7595,off,103,353,0,0,0.47073662281036377
lraa,7595,off,104,517,1,1,0.5457699298858643
lraa,7595,off,105,1134,1,1,0.5290200710296631
lraa,7595,off,106,634,0,0,0.438664972782135
lraa,7595,off,107,1207,0,0,0.4892594516277313
lraa,7595,off,108,499,0,1,0.5165954232215881
lraa,7595,off,109,953,0,0,0.47414419054985046
lraa,7595,off,110,2089,1,1,0.5416513085365295
lraa,7595,off,111,1488,1,1,0.5353413224220276
lraa,7595,off,112,2330,0,0,0.48121002316474915
lraa,7595,off,113,2174,1,1,0.5185462236404419
lraa,7595,off,114,235,1,1,0.5532639026641846
lraa,7595,off,115,2477,1,1,0.5253688097000122
lraa,7595,off,116,1545,1,1,0.5577248334884644
lraa,7595,off,117,185,1,1,0.5435901880264282
lraa,7595,off,118,1380,0,0,0.4661164879798889
lraa,7595,off,119,891,1,0,0.47341373562812805
lraa,7595,off,120,1536,1,1,0.5185462236404419
lraa,7595,off,121,2532,1,1,0.5699723362922668
lraa,7595,off,122,2528,0,0,0.48584359884262085
lraa,7595,off,123,968,0,0,0.4892594516277313
lraa,7595,off,124,376,1,1,0.5151321291923523
lraa,7595,off,125,2475,0,0,0.4821853041648865
lraa,7595,off,126,2307,0,0,0.4394466280937195
lraa,7595,off,127,658,0,0,0.4232792556285858
lraa,7595,off,128,2671,1,1,0.5270731449127197
lraa,7595,off,129,1252,0,0,0.4926762878894806
lraa,7595,off,130,1301,1,1,0.532181978225708
lraa,7595,off,131,2562,1,1,0.5053709149360657
lraa,7595,off,132,1947,0,0,0.4687906503677368
lraa,7595,off,133,2296,0,0,0.49560558795928955
lraa,7595,off,134,1176,0,0,0.471466600894928
lraa,7595,off,135,1922,1,1,0.587824821472168
lraa,7595,off,136,1860,1,1,0.5136684775352478
lraa,7595,off,137,124,0,0,0.49218812584877014
lraa,7595,off,138,493,1,1,0.5148881673812866
lraa,7595,off,139,2527,0,0,0.47755417227745056
lraa,7595,off,140,2309,0,1,0.5048826336860657
lraa,7595,off,141,1463,0,0,0.47268345952033997
lraa,7595,off,142,2579,1,1,0.515863835811615
lraa,7595,off,143,1640,1,1,0.5443170070648193
lraa,7595,off,144,1762,0,0,0.4401082694530487
lraa,7595,off,145,1425,1,1,0.5260992646217346
lraa,7595,off,146,1516,1,1,0.5700920224189758
lraa,7595,off,147,2081,1,1,0.511228621006012
lraa,7595,off,148,695,0,0,0.4455295503139496
lraa,7595,off,149,646,1,1,0.5083000063896179
lraa,7595,off,150,1876,0,0,0.4573790729045868
lraa,7595,off,151,2793,1,1,0.5663783550262451
lraa,7595,off,152,34,1,1,0.5656586289405823
lraa,7595,off,153,244,0,0,0.47268345952033997
lraa,7595,off,154,2145,0,0,0.47536176443099976
lraa,7595,off,155,1016,1,0,0.49218812584877014
lraa,7595,off,156,2260,0,0,0.4846239984035492
lraa,7595,off,157,2167,1,1,0.5484316945075989
lraa,7595,off,158,341,1,1,0.5435901880264282
lraa,7595,off,159,1025,1,1,0.5078118443489075
lraa,7595,off,160,2588,1,1,0.5251253247261047
lraa,7595,off,161,1580,1,1,0.5602526664733887
lraa,7595,off,162,444,1,1,0.511228621006012
lraa,7595,off,163,756,1,1,0.507323682308197
lraa,7595,off,164,78,0,1,0.5117166042327881
lraa,7595,off,165,2095,0,1,0.5248817801475525
lraa,7595,off,166,2266,1,1,0.5299932360649109
lraa,7595,off,167,2291,0,0,0.4965820908546448
lraa,7595,off,168,1575,0,0,0.47268345952033997
lraa,7595,off,169,785,0,0,0.4527778923511505
lraa,7595,off,170,2448,0,1,0.5
lraa,7595,off,171,1054,0,0,0.44589143991470337
lraa,7595,off,172,2868,1,1,0.5275599360466003
lraa,7595,off,173,2872,0,0,0.4916999638080597
lraa,7595,off,174,447,1,1,0.5703612565994263
lraa,7595,off,175,562,1,1,0.5424997210502625
lraa,7595,off,176,1927,0,0,0.4661164879798889
lraa,7595,off,177,1898,1,1,0.5087881684303284
lraa,7595,off,178,369,0,0,0.48681947588920593
lraa,7595,off,179,1307,0,0,0.4804786741733551
lraa,7595,off,180,1733,1,0,0.46490156650543213
lraa,7595,off,181,2310,0,0,0.483648419380188
lraa,7595,off,182,140,1,1,0.5141563415527344
lraa,7595,off,183,644,1,1,0.556037962436676
lraa,7595,off,184,1949,0,0,0.46174484491348267
lraa,7595,off,185,461,1,1,0.5525397062301636
lraa,7595,off,186,1105,1,1,0.5720056891441345
lraa,7595,off,187,1075,1,1,0.5544101595878601
lraa,7595,off,188,1138,1,1,0.5435901880264282
lraa,7595,off,189,890,1,1,0.5146442651748657
lraa,7595,off,190,1766,1,1,0.5263427495956421
lraa,7595,off,191,84,1,1,0.5185462236404419
lraa,7595,off,192,2124,1,1,0.511228621006012
lraa,7595,off,193,1917,1,1,0.541166365146637
lraa,7595,off,194,2407,1,1,0.50244140625
lraa,7595,off,195,535,1,1,0.530722975730896
lraa,7595,off,196,2106,0,0,0.4902355968952179
lraa,7595,off,197,2115,0,0,0.45374593138694763
lraa,7595,off,198,2937,0,0,0.48901546001434326
lraa,7595,off,199,763,1,1,0.5573635101318359
lraa,7595,off,200,2041,1,1,0.507323682308197
lraa,7595,off,201,1812,1,1,0.5297499895095825
lraa,7595,off,202,1862,1,1,0.5048826336860657
lraa,7595,off,203,1955,0,0,0.4970703423023224
lraa,7595,off,204,855,1,1,0.5399537086486816
lraa,7595,off,205,2417,1,1,0.5474640727043152
lraa,7595,off,206,1238,0,1,0.5048826336860657
lraa,7595,off,207,1849,1,1,0.5529018640518188
lraa,7595,off,208,1671,0,0,0.48535576462745667
lraa,7595,off,209,2088,0,1,0.50048828125
lraa,7595,off,210,480,1,1,0.5675172209739685
lraa,7595,off,211,1881,0,1,0.5195213556289673
lraa,7595,off,212,1005,0,0,0.46587347984313965
lraa,7595,off,213,2339,1,1,0.5399537086486816
lraa,7595,off,214,157,0,1,0.5041502714157104
lraa,7595,off,215,2924,1,1,0.588297963142395
lraa,7595,off,216,171,0,0,0.49218812584877014
lraa,7595,off,217,125,1,1,0.5887709259986877
lraa,7595,off,218,1146,1,1,0.5358271598815918
lraa,7595,off,219,2316,1,1,0.5690146684646606
lraa,7595,off,220,1713,0,1,0.5029296278953552
lraa,7595,off,221,668,0,0,0.4985351264476776
lraa,7595,off,222,577,0,0,0.49072372913360596
lraa,7595,off,223,798,0,0,0.4751182198524475
lraa,7595,off,224,185,1,1,0.532181978225708
lraa,7595,off,225,2225,0,1,0.5048826336860657
lraa,7595,off,226,1857,1,1,0.5253688097000122
lraa,7595,off,227,2766,1,1,0.5556763410568237
lraa,7595,off,228,1787,1,1,0.5053709149360657
lraa,7595,off,229,628,0,1,0.5440747737884521
lraa,7595,off,230,2082,1,1,0.5165954232215881
lraa,7595,off,231,1270,1,1,0.5445592403411865
lraa,7595,off,232,843,1,1,0.5715872645378113
lraa,7595,off,233,1550,0,1,0.50244140625
lraa,7595,off,234,2001,1,1,0.5518152117729187
lraa,7595,off,235,2335,0,0,0.4739006757736206
lraa,7595,off,236,2798,0,0,0.471466600894928
lraa,7595,off,237,1635,1,1,0.501953125
lraa,7595,off,238,2760,1,1,0.5752114653587341
lraa,7595,off,239,286,0,0,0.4653874933719635
lraa,7595,off,240,1617,1,1,0.5627773404121399
lraa,7595,off,241,423,1,1,0.509276270866394
lraa,7595,off,242,211,0,0,0.45956116914749146
lraa,7595,off,243,2839,0,0,0.42704012989997864
lraa,7595,off,244,409,1,1,0.509276270866394
lraa,7595,off,245,2016,1,1,0.5382551550865173
lraa,7595,off,246,467,0,0,0.4644157290458679
lraa,7595,off,247,4,1,1,0.5463750958442688
lraa,7595,off,248,1341,1,1,0.5117166042327881
lraa,7595,off,249,2657,1,1,0.5571225881576538
lraa,7595,off,250,1879,1,1,0.5248817801475525
lraa,7595,off,251,1861,1,1,0.516839325428009
lraa,7595,off,252,1032,1,1,0.5409238338470459
lraa,7595,off,253,529,1,1,0.6125414371490479
lraa,7595,off,254,1350,1,0,0.4965820908546448
lraa,7595,off,255,2445,1,1,0.5117166042327881
lraa,7595,off,256,463,1,1,0.5717068314552307
lraa,7595,off,257,797,1,1,0.5372841358184814
lraa,7595,off,258,1403,0,0,0.4751182198524475
lraa,7595,off,259,1328,0,1,0.50244140625
lraa,7595,off,260,1859,0,0,0.48584359884262085
lraa,7595,off,261,2829,1,1,0.5774953961372375
lraa,7595,off,262,154,1,1,0.5596510767936707
lraa,7595,off,263,2489,1,1,0.5510905385017395
lraa,7595,off,264,1710,1,1,0.5837976336479187
lraa,7595,off,265,2219,1,1,0.5426208972930908
lraa,7595,off,266,966,1,1,0.5855159759521484
lraa,7595,off,267,259,1,1,0.5502448678016663
lraa,7595,off,268,132,0,0,0.4351212680339813
lraa,7595,off,269,124,0,0,0.49365267157554626
lraa,7595,off,270,1496,1,1,0.5058591365814209
lraa,7595,off,271,827,0,0,0.43632179498672485
lraa,7595,off,272,331,0,0,0.491211861371994
lraa,7595,off,273,1333,1,1,0.5610945224761963
lraa,7595,off,274,1284,1,1,0.5594103932380676
lraa,7595,off,275,75,0,0,0.46004629135131836
lraa,7595,off,276,1453,0,0,0.4941408932209015
lraa,7595,off,277,1894,0,0,0.45350387692451477
lraa,7595,off,278,2013,1,1,0.5275599360466003
lraa,7595,off,279,118,1,1,0.5733126401901245
lraa,7595,off,280,2059,1,1,0.5809019207954407
lraa,7595,off,281,1914,1,1,0.5360700488090515
lraa,7595,off,282,700,0,0,0.47487467527389526
lraa,7595,off,283,2818,1,1,0.5484316945075989
lraa,7595,off,284,2717,0,0,0.46660253405570984
lraa,7595,off,285,1616,1,1,0.5578453540802002
lraa,7595,off,286,883,1,1,0.5520567893981934
lraa,7595,off,287,563,1,0,0.498291015625
lraa,7595,off,288,1680,1,1,0.5370413661003113
lraa,7595,off,289,2071,0,0,0.4926762878894806
lraa,7595,off,290,2341,0,0,0.4598037302494049
lraa,7595,off,291,2680,0,0,0.4863315522670746
lraa,7595,off,292,2815,1,1,0.5651187300682068
lraa,7595,off,293,1946,0,0,0.47852882742881775
lraa,7595,off,294,1642,0,1,0.5009765625
lraa,7595,off,295,2495,1,1,0.5618159174919128
lraa,7595,off,296,802,1,1,0.5495197772979736
lraa,7595,off,297,1878,1,0,0.498046875
lraa,7595,off,298,801,0,0,0.4873073995113373
lraa,7595,off,299,1141,1,1,0.5727227926254272
lraa,7595,off,300,1737,0,0,0.4797474145889282
lraa,7595,off,301,2831,0,1,0.5195213556289673
lraa,7595,off,302,1399,0,0,0.4851118326187134
lraa,7595,off,303,918,1,1,0.6020615696907043
lraa,7595,off,304,2193,0,1,0.50146484375
lraa,7595,off,305,1024,1,0,0.4965820908546448
lraa,7595,off,306,1128,1,1,0.5231767296791077
lraa,7595,off,307,175,1,1,0.5416513085365295
lraa,7595,off,308,71,0,0,0.47682327032089233
lraa,7595,off,309,2589,1,1,0.5397111177444458
lraa,7595,off,310,544,1,1,0.5631377100944519
lraa,7595,off,311,1033,0,0,0.447581022977829
lraa,7595,off,312,2531,0,0,0.45956116914749146
lraa,7595,off,313,1296,1,1,0.5384978652000427
lraa,7595,off,314,2185,1,1,0.5536259412765503
lraa,7595,off,315,2076,1,0,0.4824291169643402
lraa,7595,off,316,2284,0,0,0.4902355968952179
lraa,7595,off,317,249,1,1,0.501953125
lraa,7595,off,318,2245,1,1,0.5591697096824646
lraa,7595,off,319,1446,1,1,0.5774953961372375
lraa,7595,off,320,2315,1,0,0.49365267157554626
lraa,7595,off,321,1310,1,1,0.555194079875946
lraa,7595,off,322,35,1,1,0.562056303024292
lraa,7595,off,323,2574,1,1,0.5126925706863403
lraa,7595,off,324,2035,1,1,0.5097643733024597
lraa,7595,off,325,2604,1,1,0.578463077545166
lraa,7595,off,326,2261,0,0,0.4848679304122925
lraa,7595,off,327,859,0,0,0.47487467527389526
lraa,7595,off,328,2098,1,1,0.5598917007446289
lraa,7595,off,329,1265,1,1,0.5705706477165222
lraa,7595,off,330,28,1,1,0.5607337951660156
lraa,7595,off,331,1044,1,1,0.5190337300300598
lraa,7595,off,332,1374,1,1,0.5450435876846313
lraa,7595,off,333,2918,1,1,0.5185462236404419
lraa,7595,off,334,1183,0,0,0.4916999638080597
lraa,7595,off,335,2421,0,0,0.4877953827381134
lraa,7595,off,336,641,1,1,0.50244140625
lraa,7595,off,337,286,1,1,0.5686553716659546
lraa,7595,off,338,679,1,0,0.49218812584877014
lraa,7595,off,339,27,0,0,0.49365267157554626
lraa,7595,off,340,2726,1,1,0.5640984773635864
lraa,7595,off,341,1598,0,0,0.46150216460227966
lraa,7595,off,342,2178,1,1,0.5314525961875916
lraa,7595,off,343,1937,1,1,0.501953125
lraa,7595,off,344,1392,1,1,0.5797870755195618
lraa,7595,off,345,873,1,1,0.5947866439819336
lraa,7595,off,346,494,1,1,0.5316957235336304
lraa,7595,off,347,711,1,1,0.6057990789413452
lraa,7595,off,348,2626,1,1,0.5156199336051941
lraa,7595,off,349,2860,1,1,0.5200088620185852
lraa,7595,off,350,184,0,1,0.5605233311653137
lraa,7595,off,351,227,0,0,0.45241495966911316
lraa,7595,off,352,1963,1,1,0.5404388308525085
lraa,7595,off,353,2676,1,1,0.5131805539131165
lraa,7595,off,354,1772,0,0,0.4926762878894806
lraa,7595,off,355,2121,0,0,0.491211861371994
lraa,7595,off,356,233,1,1,0.5563995838165283
lraa,7595,off,357,974,0,0,0.45834869146347046
lraa,7595,off,358,1706,1,1,0.5304797887802124
lraa,7595,off,359,705,0,0,0.46465864777565
lraa,7595,off,360,1038,1,1,0.5360700488090515
lraa,7595,off,361,2774,1,1,0.5566405653953552
lraa,7595,off,362,310,1,1,0.5126925706863403
lraa,7595,off,363,2607,0,0,0.454714298248291
lraa,7595,off,364,1502,1,1,0.5656586289405823
lraa,7595,off,365,2869,0,0,0.45023852586746216
lraa,7595,off,366,217,1,1,0.5114725828170776
lraa,7595,off,367,356,0,0,0.4469774663448334
lraa,7595,off,368,1327,1,1,0.5491570830345154
lraa,7595,off,369,2294,0,0,0.4419138431549072
lraa,7595,off,370,2857,0,1,0.6067315340042114
lraa,7595,off,371,457,1,1,0.5923129320144653
lraa,7595,off,372,377,1,1,0.5729019641876221
lraa,7595,off,373,1743,0,0,0.44046926498413086
lraa,7595,off,374,1393,1,1,0.528046727180481
lraa,7595,off,375,1145,1,1,0.5409238338470459
lraa,7595,off,376,1072,1,1,0.5467381477355957
lraa,7595,off,377,1419,1,1,0.5469801425933838
lraa,7595,off,378,1789,1,1,0.573573887348175
lraa,7595,off,379,1978,1,1,0.5642185211181641
lraa,7595,off,380,1674,1,1,0.5757073163986206
lraa,7595,off,381,1246,1,1,0.555917501449585
lraa,7595,off,382,256,1,0,0.4965820908546448
lraa,7595,off,383,2521,1,1,0.5626571178436279
lraa,7595,off,384,586,1,0,0.4863315522670746
lraa,7595,off,385,2418,1,1,0.5994265079498291
lraa,7595,off,386,1114,1,1,0.5525397062301636
lraa,7595,off,387,176,0,1,0.5304797887802124
lraa,7595,off,388,338,1,0,0.4824291169643402
lraa,7595,off,389,1665,1,1,0.5358271598815918
lraa,7595,off,390,721,1,1,0.5779718160629272
lraa,7595,off,391,2235,1,1,0.5743350982666016
lraa,7595,off,392,2643,1,1,0.5295066833496094
lraa,7595,off,393,2549,0,0,0.45374593138694763
lraa,7595,off,394,2216,0,1,0.5539879202842712
lraa,7595,off,395,796,0,1,0.5375269651412964
lraa,7595,off,396,1380,0,0,0.46635952591896057
lraa,7595,off,397,227,0,0,0.45314082503318787
lraa,7595,off,398,2410,1,1,0.5034179091453552
lraa,7595,off,399,1109,1,1,0.5355842709541321
lraa,7595,off,400,2759,1,0,0.4909677803516388
lraa,7595,off,401,1292,0,0,0.4489094018936157
lraa,7595,off,402,1941,1,1,0.5618159174919128
lraa,7595,off,403,1966,0,0,0.471466600894928
lraa,7595,off,404,2444,0,0,0.4751182198524475
lraa,7595,off,405,1826,0,0,0.4719533324241638
lraa,7595,off,406,2498,1,1,0.5226894617080688
lraa,7595,off,407,1195,1,1,0.5835705399513245
lraa,7595,off,408,1556,1,1,0.5397111177444458
lraa,7595,off,409,2470,1,1,0.5464961528778076
lraa,7595,off,410,1378,1,1,0.5578453540802002
lraa,7595,off,411,295,0,1,0.5114725828170776
lraa,7595,off,412,1195,1,1,0.5541085600852966
lraa,7595,off,413,675,0,0,0.47682327032089233
lraa,7595,off,414,150,0,0,0.47219666838645935
lraa,7595,off,415,2756,0,0,0.46976351737976074
lraa,7595,off,416,618,0,0,0.4814538359642029
lraa,7595,off,417,944,1,1,0.5474640727043152
lraa,7595,off,418,2120,1,1,0.5472221374511719
lraa,7595,off,419,2479,1,1,0.5474640727043152
lraa,7595,off,420,2506,0,0,0.4423955976963043
lraa,7595,off,421,1918,1,1,0.5367985367774963
lraa,7595,off,422,266,0,0,0.4736572504043579
lraa,7595,off,423,2181,0,0,0.4995117485523224
lraa,7595,off,424,1267,1,1,0.5544704794883728
lraa,7595,off,425,21,0,0,0.45035937428474426
lraa,7595,off,426,931,0,0,0.49560558795928955
lraa,7595,off,427,768,0,0,0.4838923215866089
lraa,7595,off,428,2660,1,1,0.5506073832511902
lraa,7595,off,429,2414,1,0,0.4926762878894806
lraa,7595,off,430,1866,1,1,0.5467381477355957
lraa,7595,off,431,1264,1,1,0.5697928071022034
lraa,7595,off,432,1317,1,1,0.5618760585784912
lraa,7595,off,433,2376,0,0,0.47536176443099976
lraa,7595,off,434,383,0,0,0.4990234673023224
lraa,7595,off,435,445,0,1,0.5102524757385254
lraa,7595,off,436,482,0,0,0.44854703545570374
lraa,7595,off,437,742,1,1,0.5258557796478271
lraa,7595,off,438,1976,1,1,0.5600721836090088
lraa,7595,off,439,2585,1,1,0.5131805539131165
lraa,7595,off,440,1549,0,0,0.4700067639350891
lraa,7595,off,441,1179,1,1,0.5131805539131165
lraa,7595,off,442,1957,1,1,0.5553146600723267
lraa,7595,off,443,955,1,1,0.5988988280296326
lraa,7595,off,444,2672,1,1,0.5029296278953552
lraa,7595,off,445,403,1,1,0.5634980797767639
lraa,7595,off,446,2583,0,1,0.5165954232215881
lraa,7595,off,447,2003,1,1,0.5212274789810181
lraa,7595,off,448,1161,1,1,0.50244140625
lraa,7595,off,449,2451,0,1,0.5043944120407104
lraa,7595,off,450,1106,0,1,0.5134245157241821
lraa,7595,off,451,271,1,0,0.49145591259002686
lraa,7595,off,452,8,0,0,0.469033807516098
lraa,7595,off,453,526,1,1,0.5117166042327881
lraa,7595,off,454,562,1,1,0.5527811646461487
lraa,7595,off,455,84,1,1,0.5148881673812866
lraa,7595,off,456,1280,0,0,0.4975586235523224
lraa,7595,off,457,1405,1,1,0.5295066833496094
lraa,7595,off,458,948,1,1,0.5202525854110718
lraa,7595,off,459,2357,1,1,0.5180585384368896
lraa,7595,off,460,2218,1,0,0.4926762878894806
lraa,7595,off,461,1160,1,1,0.5331543684005737
lraa,7595,off,462,1867,1,1,0.5358271598815918
lraa,7595,off,463,541,0,0,0.46490156650543213
lraa,7595,off,464,2784,0,0,0.4746311902999878
lraa,7595,off,465,2390,1,1,0.5450435876846313
lraa,7595,off,466,2902,1,1,0.5048826336860657
lraa,7595,off,467,2375,0,0,0.4670886695384979
lraa,7595,off,468,2876,1,1,0.5518152117729187
lraa,7595,off,469,285,1,1,0.541893720626831
lraa,7595,off,470,1480,1,1,0.5122045874595642
lraa,7595,off,471,1150,1,1,0.5175709128379822
lraa,7595,off,472,736,1,1,0.5626120567321777
lraa,7595,off,473,2699,1,1,0.5510905385017395
lraa,7595,off,474,1358,1,1,0.5414088368415833
lraa,7595,off,475,2904,1,1,0.5602526664733887
lraa,7595,off,476,867,0,1,0.5399537086486816
lraa,7595,off,477,788,1,1,0.5463750958442688
lraa,7595,off,478,1370,0,1,0.5048826336860657
lraa,7595,off,479,825,0,0,0.475605309009552
lraa,7595,off,480,2047,0,0,0.4816976487636566
lraa,7595,off,481,1206,0,0,0.44848665595054626
lraa,7595,off,482,215,1,1,0.543347954750061
lraa,7595,off,483,1857,0,0,0.4399879574775696
lraa,7595,off,484,1822,1,1,0.5229331254959106
lraa,7595,off,485,2170,1,1,0.5871148109436035
lraa,7595,off,486,596,0,1,0.5278033018112183
lraa,7595,off,487,1740,1,1,0.5924307703971863
lraa,7595,off,488,1299,0,0,0.46660253405570984
lraa,7595,off,489,2147,0,0,0.46004629135131836
lraa,7595,off,490,486,0,0,0.4573790729045868
lraa,7595,off,491,271,1,0,0.4948732256889343
lraa,7595,off,492,845,1,1,0.5627171993255615
lraa,7595,off,493,1779,0,0,0.4469774663448334
lraa,7595,off,494,1909,1,1,0.53946852684021
lraa,7595,off,495,1723,1,1,0.5389832258224487
lraa,7595,off,496,2210,1,0,0.49218812584877014
lraa,7595,off,497,1030,1,1,0.543832540512085
lraa,7595,off,498,593,0,0,0.43014732003211975
lraa,7595,off,499,2348,0,0,0.46465864777565
lraa,7595,off,500,2685,0,0,0.4379436671733856
lraa,7595,off,501,1457,1,1,0.5618159174919128
lraa,7595,off,502,849,1,1,0.6006569266319275
lraa,7595,off,503,1060,1,0,0.49365267157554626
lraa,7595,off,504,237,0,1,0.5153759717941284
lraa,7595,off,505,2252,1,1,0.532181978225708
lraa,7595,off,506,2325,0,0,0.4661164879798889
lraa,7595,off,507,978,0,0,0.4525359272956848
lraa,7595,off,508,2018,0,1,0.5387405753135681
lraa,7595,off,509,2255,0,0,0.44987595081329346
lraa,7595,off,510,732,1,1,0.5360700488090515
lraa,7595,off,511,404,0,0,0.48291680216789246
lraa,7595,off,512,2045,0,0,0.4751182198524475
lraa,7595,off,513,1543,1,1,0.571191132068634
lraa,7595,off,514,724,1,1,0.5372841358184814
lraa,7595,off,515,521,0,0,0.48681947588920593
lraa,7595,off,516,2033,0,1,0.5324251055717468
lraa,7595,off,517,682,0,0,0.45713675022125244
lraa,7595,off,518,462,1,1,0.5789243578910828
lraa,7595,off,519,2240,1,1,0.5302364826202393
lraa,7595,off,520,2227,0,0,0.4892594516277313
lraa,7595,off,521,1089,1,1,0.5737082362174988
lraa,7595,off,522,2442,1,1,0.5515737533569336
lraa,7595,off,523,2375,1,1,0.5487943887710571
lraa,7595,off,524,470,1,1,0.6297746300697327
lraa,7595,off,525,1676,0,0,0.4639299511909485
lraa,7595,off,526,1375,0,0,0.4834045171737671
lraa,7595,off,527,992,1,1,0.584463894367218
lraa,7595,off,528,288,1,1,0.541893720626831
lraa,7595,off,529,378,1,1,0.554229199886322
lraa,7595,off,530,1832,0,0,0.475848913192749
lraa,7595,off,531,1565,0,0,0.48681947588920593
lraa,7595,off,532,1297,0,0,0.4525359272956848
lraa,7595,off,533,1052,0,1,0.5126925706863403
lraa,7595,off,534,1349,1,1,0.5614553093910217
lraa,7595,off,535,1609,1,1,0.5754985213279724
lraa,7595,off,536,727,0,1,0.5114725828170776
lraa,7595,off,537,793,1,1,0.5606135129928589
lraa,7595,off,538,1774,1,1,0.5287767648696899
lraa,7595,off,539,504,1,1,0.6083614230155945
lraa,7595,off,540,363,1,0,0.4946291148662567
lraa,7595,off,541,2487,1,0,0.48072248697280884
lraa,7595,off,542,1068,1,1,0.5409238338470459
lraa,7595,off,543,2078,0,0,0.43266257643699646
lraa,7595,off,544,2828,1,1,0.541166365146637
lraa,7595,off,545,2129,1,0,0.46490156650543213
lraa,7595,off,546,2381,1,1,0.562176525592804
lraa,7595,off,547,2428,1,1,0.557002067565918
lraa,7595,off,548,1364,0,0,0.49609383940696716
lraa,7595,off,549,339,1,1,0.5602526664733887
lraa,7595,off,550,338,0,0,0.47317034006118774
lraa,7595,off,551,2247,0,0,0.4259932041168213
lraa,7595,off,552,1070,0,1,0.5234203934669495
lraa,7595,off,553,451,1,1,0.5265862345695496
lraa,7595,off,554,381,1,1,0.5713480710983276
lraa,7595,off,555,1831,0,0,0.4887714385986328
lraa,7595,off,556,343,1,1,0.5462540984153748
lraa,7595,off,557,963,1,1,0.5491570830345154
lraa,7595,off,558,1240,1,1,0.5195213556289673
lraa,7595,off,559,419,0,0,0.44177836179733276
lraa,7595,off,560,368,0,1,0.5048826336860657
lraa,7595,off,561,147,1,1,0.5117166042327881
lraa,7595,off,562,2890,0,0,0.4656304717063904
lraa,7595,off,563,439,0,0,0.4594399034976959
lraa,7595,off,564,1050,0,0,0.4367121160030365
lraa,7595,off,565,1601,0,0,0.44263648986816406
lraa,7595,off,566,2513,0,0,0.46077412366867065
lraa,7595,off,567,2286,0,0,0.4814538359642029
lraa,7595,off,568,2625,0,0,0.47317034006118774
lraa,7595,off,569,1249,0,0,0.45568299293518066
lraa,7595,off,570,1462,1,0,0.48072248697280884
lraa,7595,off,571,666,0,0,0.49609383940696716
lraa,7595,off,572,309,1,1,0.5469801425933838
lraa,7595,off,573,1342,1,1,0.5278033018112183
lraa,7595,off,574,393,1,1,0.5508489608764648
lraa,7595,off,575,2690,1,1,0.5234203934669495
lraa,7595,off,576,80,1,1,0.50146484375
lraa,7595,off,577,1824,1,1,0.5265862345695496
lraa,7595,off,578,1704,0,1,0.50244140625
lraa,7595,off,579,484,1,1,0.5170831680297852
lraa,7595,off,580,667,0,0,0.4814538359642029
lraa,7595,off,581,578,0,0,0.47731053829193115
lraa,7595,off,582,958,1,1,0.511228621006012
lraa,7595,off,583,538,1,1,0.5278033018112183
lraa,7595,off,584,2877,1,0,0.45265692472457886
lraa,7595,off,585,607,0,0,0.4359615743160248
lraa,7595,off,586,2322,1,1,0.5256123542785645
lraa,7595,off,587,506,1,1,0.5087881684303284
lraa,7595,off,588,1456,0,0,0.4985351264476776
lraa,7595,off,589,1778,1,1,0.5751704573631287
lraa,7595,off,590,1777,1,1,0.5942569375038147
lraa,7595,off,591,1144,0,0,0.4468567669391632
lraa,7595,off,592,1746,0,0,0.46198752522468567
lraa,7595,off,593,890,0,0,0.498046875
lraa,7595,off,594,1572,1,1,0.5913693308830261
lraa,7595,off,595,1821,0,0,0.4824291169643402
lraa,7595,off,596,1798,1,1,0.5161076784133911
lraa,7595,off,597,2615,1,1,0.5539879202842712
lraa,7595,off,598,1147,1,1,0.5355842709541321
lraa,7595,off,599,2131,1,1,0.5655087232589722
lraa,7595,off,600,793,1,1,0.5827251076698303
lraa,7595,off,601,840,1,1,0.5156199336051941
lraa,7595,off,602,1084,0,0,0.47414419054985046
lraa,7595,off,603,1669,1,0,0.49365267157554626
lraa,7595,off,604,2288,0,0,0.4799911379814148
lraa,7595,off,605,2233,0,1,0.5156199336051941
lraa,7595,off,606,729,1,1,0.5234203934669495
lraa,7595,off,607,349,1,1,0.5422573685646057
lraa,7595,off,608,1289,1,1,0.5539879202842712
lraa,7595,off,609,1573,0,0,0.4941408932209015
lraa,7595,off,610,597,1,1,0.560312807559967
lraa,7595,off,611,2400,1,1,0.5053709149360657
lraa,7595,off,612,2789,1,1,0.507323682308197
lraa,7595,off,613,1494,1,1,0.5360700488090515
lraa,7595,off,614,1184,0,0,0.46490156650543213
lraa,7595,off,615,639,1,1,0.5681762099266052
lraa,7595,off,616,2544,1,1,0.5180585384368896
lraa,7595,off,617,952,1,1,0.5295066833496094
lraa,7595,off,618,1497,1,1,0.5083000063896179
lraa,7595,off,619,448,1,1,0.5621163845062256
lraa,7595,off,620,892,0,0,0.4877953827381134
lraa,7595,off,621,1236,1,1,0.565898597240448
lraa,7595,off,622,331,1,1,0.50244140625
lraa,7595,off,623,633,1,1,0.5450435876846313
lraa,7595,off,624,917,1,1,0.5100083947181702
lraa,7595,off,625,1314,1,1,0.5406813025474548
lraa,7595,off,626,1168,1,1,0.5048826336860657
lraa,7595,off,627,1480,1,1,0.5151321291923523
lraa,7595,off,628,818,1,1,0.5384978652000427
lraa,7595,off,629,1009,0,0,0.4970703423023224
lraa,7595,off,630,222,0,1,0.5209837555885315
lraa,7595,off,631,769,1,1,0.5527811646461487
lraa,7595,off,632,2519,1,1,0.5360700488090515
lraa,7595,off,633,2361,0,0,0.49609383940696716
lraa,7595,off,634,400,0,1,0.5009765625
lraa,7595,off,635,277,1,1,0.5309661626815796
lraa,7595,off,636,660,1,1,0.5170831680297852
lraa,7595,off,637,1692,1,1,0.5122045874595642
lraa,7595,off,638,1934,0,0,0.4848679304122925
lraa,7595,off,639,1460,0,0,0.4834045171737671
lraa,7595,off,640,1230,1,1,0.5733014941215515
lraa,7595,off,641,1645,0,0,0.47852882742881775
lraa,7595,off,642,1475,1,1,0.5375269651412964
lraa,7595,off,643,96,1,1,0.583885669708252
lraa,7595,off,644,1136,0,0,0.4763360321521759
lraa,7595,off,645,2809,1,1,0.562176525592804
lraa,7595,off,646,1501,1,0,0.48023492097854614
lraa,7595,off,647,264,0,0,0.4680611491203308
lraa,7595,off,648,1594,1,1,0.5372841358184814
lraa,7595,off,649,587,1,1,0.5823574066162109
lraa,7595,off,650,414,1,1,0.5854271054267883
lraa,7595,off,651,942,0,0,0.4464946985244751
lraa,7595,off,652,2641,1,1,0.5707500576972961
lraa,7595,off,653,436,0,1,0.5290200710296631
lraa,7595,off,654,1717,1,1,0.5131805539131165
lraa,7595,off,655,1877,1,1,0.5682361125946045
lraa,7595,off,656,1626,1,1,0.517327070236206
lraa,7595,off,657,2040,0,0,0.4843800961971283
lraa,7595,off,658,2420,1,1,0.5813624858856201
lraa,7595,off,659,2521,1,1,0.5768101811408997
lraa,7595,off,660,158,1,1,0.543347954750061
lraa,7595,off,661,1312,1,1,0.5426208972930908
lraa,7595,off,662,31,0,1,0.5260992646217346
lraa,7595,off,663,1151,1,1,0.5217148661613464
lraa,7595,off,664,2815,1,1,0.5615754723548889
lraa,7595,off,665,1195,0,0,0.4790162444114685
lraa,7595,off,666,1141,1,1,0.5724090933799744
lraa,7595,off,667,2024,0,0,0.4902355968952179
lraa,7595,off,668,1842,1,1,0.5326682329177856
lraa,7595,off,669,1345,1,1,0.5563995838165283
lraa,7595,off,670,2783,1,1,0.5986642241477966
lraa,7595,off,671,1873,1,1,0.5256123542785645
lraa,7595,off,672,1905,1,1,0.523907482624054
lraa,7595,off,673,2834,1,1,0.5678767561912537
lraa,7595,off,674,1853,0,0,0.4863315522670746
lraa,7595,off,675,1407,1,1,0.5151321291923523
lraa,7595,off,676,2148,0,0,0.4751182198524475
lraa,7595,off,677,1186,0,0,0.4838923215866089
lraa,7595,off,678,1845,0,0,0.489747554063797
lraa,7595,off,679,273,0,0,0.46733176708221436
lraa,7595,off,680,764,1,1,0.5656586289405823
lraa,7595,off,681,2673,1,0,0.4863315522670746
lraa,7595,off,682,1649,1,1,0.5578453540802002
lraa,7595,off,683,820,1,1,0.5036620497703552
lraa,7595,off,684,1694,0,0,0.4612594544887543
lraa,7595,off,685,860,1,1,0.517327070236206
lraa,7595,off,686,2730,0,0,0.47706687450408936
lraa,7595,off,687,1685,0,0,0.49072372913360596
lraa,7595,off,688,887,1,1,0.5706902742385864
lraa,7595,off,689,2009,1,1,0.5053709149360657
lraa,7595,off,690,1397,0,0,0.4680611491203308
lraa,7595,off,691,2430,1,1,0.5565201044082642
lraa,7595,off,692,1892,1,1,0.5346124768257141
lraa,7595,off,693,174,1,1,0.6047491431236267
lraa,7595,off,694,2096,1,1,0.5526604056358337
lraa,7595,off,695,1138,0,0,0.4877953827381134
lraa,7595,off,696,364,1,1,0.5365557670593262
lraa,7595,off,697,120,0,0,0.43014732003211975
lraa,7595,off,698,1735,0,0,0.4931644797325134
lraa,7595,off,699,468,1,1,0.5535053014755249
lraa,7595,off,700,1421,1,1,0.5445592403411865
lraa,7595,off,701,2849,1,1,0.5236639380455017
lraa,7595,off,702,1578,0,0,0.4573790729045868
lraa,7595,off,703,1448,1,1,0.5924897789955139
lraa,7595,off,704,203,1,1,0.5299932360649109
lraa,7595,off,705,1975,0,0,0.47025004029273987
lraa,7595,off,706,2926,1,1,0.5547116994857788
lraa,7595,off,707,751,0,0,0.4605315029621124
lraa,7595,off,708,2583,0,1,0.5078118443489075
lraa,7595,off,709,2093,0,0,0.43770331144332886
lraa,7595,off,710,334,1,1,0.5755283832550049
lraa,7595,off,711,783,1,1,0.5636181831359863
lraa,7595,off,712,1822,0,1,0.5034179091453552
lraa,7595,off,713,611,1,0,0.47828513383865356
lraa,7595,off,714,1994,1,1,0.5387405753135681
lraa,7595,off,715,1882,1,1,0.5314525961875916
lraa,7595,off,716,795,1,1,0.532181978225708
lraa,7595,off,717,407,1,1,0.5053709149360657
lraa,7595,off,718,2313,1,1,0.50146484375
lraa,7595,off,719,625,1,1,0.585397481918335
lraa,7595,off,720,746,0,0,0.4787725508213043
lraa,7595,off,721,1281,1,1,0.5783588886260986
lraa,7595,off,722,1614,1,1,0.5832182168960571
lraa,7595,off,723,2,0,0,0.4632014334201813
lraa,7595,off,724,466,1,1,0.543347954750061
lraa,7595,off,725,143,1,1,0.5029296278953552
lraa,7595,off,726,2273,1,1,0.5730513334274292
lraa,7595,off,727,2285,0,0,0.4678179919719696
lraa,7595,off,728,1113,0,0,0.4373428225517273
lraa,7595,off,729,2499,1,1,0.5392258763313293
lraa,7595,off,730,2500,0,0,0.4804786741733551
lraa,7595,off,731,1582,1,1,0.5457699298858643
lraa,7595,off,732,1835,1,1,0.5774953961372375
lraa,7595,off,733,557,1,1,0.5634980797767639
lraa,7595,off,734,2882,1,1,0.5029296278953552
lraa,7595,off,735,2707,1,1,0.5372841358184814
lraa,7595,off,736,1499,0,1,0.509276270866394
lraa,7595,off,737,2025,0,0,0.438664972782135
lraa,7595,off,738,1379,1,1,0.5754836201667786
lraa,7595,off,739,412,1,1,0.5487943887710571
lraa,7595,off,740,969,0,0,0.4985351264476776
lraa,7595,off,741,483,1,1,0.5971968770027161
lraa,7595,off,742,1062,1,1,0.5729019641876221
lraa,7595,off,743,9,1,1,0.5156199336051941
lraa,7595,off,744,2061,1,1,0.5161076784133911
lraa,7595,off,745,683,1,1,0.5694935321807861
lraa,7595,off,746,2482,0,1,0.5350984334945679
lraa,7595,off,747,2452,0,0,0.45060113072395325
lraa,7595,off,748,2396,0,1,0.5117166042327881
lraa,7595,off,749,1191,1,1,0.5926076769828796
lraa,7595,off,750,1055,1,1,0.5492779612541199
lraa,7595,off,751,2893,1,1,0.5187900066375732
lraa,7595,off,752,325,0,0,0.48535576462745667
lraa,7595,off,753,875,1,1,0.5431056022644043
lraa,7595,off,754,2720,0,0,0.48194143176078796
lraa,7595,off,755,1411,1,1,0.501953125
lraa,7595,off,756,1071,1,1,0.5380124449729919
lraa,7595,off,757,1811,1,1,0.5375269651412964
lraa,7595,off,758,161,0,0,0.44004812836647034
lraa,7595,off,759,2760,1,1,0.5784184336662292
lraa,7595,off,760,621,1,1,0.5304797887802124
lraa,7595,off,761,2132,0,0,0.4887714385986328
lraa,7595,off,762,2836,0,0,0.44179341197013855
lraa,7595,off,763,399,1,1,0.5
lraa,7595,off,764,2243,1,1,0.5302364826202393
lraa,7595,off,765,686,1,0,0.4995117485523224
lraa,7595,off,766,2910,1,1,0.5170831680297852
lraa,7595,off,767,2674,1,1,0.5063472986221313
lraa,7595,off,768,1515,1,1,0.568355917930603
lraa,7595,off,769,2384,1,1,0.5804114937782288
lraa,7595,off,770,1836,0,0,0.4863315522670746
lraa,7595,off,771,198,1,1,0.5697928071022034
lraa,7595,off,772,2749,1,1,0.5265862345695496
lraa,7595,off,773,1699,1,1,0.5598917007446289
lraa,7595,off,774,69,0,1,0.5387405753135681
lraa,7595,off,775,1139,0,1,0.5078118443489075
lraa,7595,off,776,950,0,0,0.4902355968952179
lraa,7595,off,777,1234,1,1,0.5102524757385254
lraa,7595,off,778,1018,1,1,0.5053709149360657
lraa,7595,off,779,2304,1,1,0.5522982478141785
lraa,7595,off,780,386,1,1,0.5640984773635864
lraa,7595,off,781,2646,1,1,0.5816224217414856
lraa,7595,off,782,1269,0,0,0.4634442627429962
lraa,7595,off,783,232,0,1,0.5117166042327881
lraa,7595,off,784,450,0,1,0.5043944120407104
lraa,7595,off,785,1576,1,1,0.50244140625
lraa,7595,off,786,1759,0,0,0.4495134651660919
lraa,7595,off,787,1268,0,0,0.4799911379814148
lraa,7595,off,788,223,1,1,0.5386192202568054
lraa,7595,off,789,2162,0,0,0.4882833957672119
lraa,7595,off,790,974,0,0,0.4573790729045868
lraa,7595,off,791,1620,1,1,0.5798168182373047
lraa,7595,off,792,2067,1,1,0.5443170070648193
lraa,7595,off,793,2736,1,1,0.523907482624054
lraa,7595,off,794,784,0,0,0.46635952591896057
lraa,7595,off,795,262,1,1,0.5960805416107178
lraa,7595,off,796,1747,1,1,0.5723344087600708
lraa,7595,off,797,728,0,0,0.4882833957672119
lraa,7595,off,798,263,1,1,0.5421361327171326
lraa,7595,off,799,1208,1,0,0.49365267157554626
lraa,7595,off,800,292,0,0,0.46465864777565
lraa,7595,off,801,1333,1,1,0.553022563457489
lraa,7595,off,802,619,1,1,0.5346124768257141
lraa,7595,off,803,2616,1,1,0.5397111177444458
lraa,7595,off,804,279,0,0,0.45495644211769104
lraa,7595,off,805,935,1,1,0.5058591365814209
lraa,7595,off,806,452,1,1,0.5391045212745667
lraa,7595,off,807,362,0,0,0.4863315522670746
lraa,7595,off,808,1320,1,1,0.5165954232215881
lraa,7595,off,809,2605,1,0,0.48559969663619995
lraa,7595,off,810,2716,1,1,0.5409238338470459
lraa,7595,off,811,1900,1,1,0.5260992646217346
lraa,7595,off,812,1961,1,1,0.5126925706863403
lraa,7595,off,813,2785,1,1,0.571647047996521
lraa,7595,off,814,985,1,1,0.5532639026641846
lraa,7595,off,815,2433,0,0,0.47755417227745056
lraa,7595,off,816,1629,0,0,0.4877953827381134
lraa,7595,off,817,2870,1,1,0.5136684775352478
lraa,7595,off,818,1270,1,1,0.5341265201568604
lraa,7595,off,819,12,1,1,0.5
lraa,7595,off,820,2597,1,1,0.583025336265564
lraa,7595,off,821,454,1,0,0.4965820908546448
lraa,7595,off,822,2086,0,0,0.48584359884262085
lraa,7595,off,823,512,1,1,0.590897262096405
lraa,7595,off,824,2755,0,0,0.4450471103191376
lraa,7595,off,825,2276,1,1,0.5501240491867065
lraa,7595,off,826,1125,1,1,0.5450435876846313
lraa,7595,off,827,351,1,1,0.5136684775352478
lraa,7595,off,828,899,0,1,0.5097643733024597
lraa,7595,off,829,122,1,1,0.5314525961875916
lraa,7595,off,830,1547,1,1,0.5525397062301636
lraa,7595,off,831,148,0,1,0.5117166042327881
lraa,7595,off,832,1096,0,0,0.4965820908546448
lraa,7595,off,833,2815,1,1,0.5872331261634827
lraa,7595,off,834,943,1,1,0.5302364826202393
lraa,7595,off,835,1430,1,1,0.5421361327171326
lraa,7595,off,836,2693,1,1,0.5195213556289673
lraa,7595,off,837,2425,1,1,0.5631377100944519
lraa,7595,off,838,906,0,0,0.48121002316474915
lraa,7595,off,839,458,0,0,0.47731053829193115
lraa,7595,off,840,913,0,0,0.4941408932209015
lraa,7595,off,841,2724,1,1,0.5613350868225098
lraa,7595,off,842,689,1,1,0.5295066833496094
lraa,7595,off,843,1366,1,1,0.5545910596847534
lraa,7595,off,844,2644,1,0,0.47804147005081177
lraa,7595,off,845,209,1,1,0.5469801425933838
lraa,7595,off,846,473,1,1,0.5353413224220276
lraa,7595,off,847,770,1,1,0.554229199886322
lraa,7595,off,848,503,0,0,0.45810624957084656
lraa,7595,off,849,178,0,0,0.46150216460227966
lraa,7595,off,850,114,0,0,0.498046875
lraa,7595,off,851,2602,0,0,0.4970703423023224
lraa,7595,off,852,13,0,0,0.4611380994319916
lraa,7595,off,853,224,0,1,0.5053709149360657
lraa,7595,off,854,699,1,1,0.5197650790214539
lraa,7595,off,855,550,1,1,0.5314525961875916
lraa,7595,off,856,1959,0,0,0.47219666838645935
lraa,7595,off,857,2668,1,1,0.561860978603363
lraa,7595,off,858,2719,0,0,0.47414419054985046
lraa,7595,off,859,2846,1,1,0.5582065582275391
lraa,7595,off,860,1346,0,0,0.46223029494285583
lraa,7595,off,861,854,0,0,0.4602889120578766
lraa,7595,off,862,1887,0,0,0.4670886695384979
lraa,7595,off,863,1410,1,1,0.5590493679046631
lraa,7595,off,864,2884,0,0,0.4651445150375366
lraa,7595,off,865,2435,1,1,0.532181978225708
lraa,7595,off,866,960,0,0,0.4687906503677368
lraa,7595,off,867,1980,0,1,0.5387405753135681
lraa,7595,off,868,919,1,1,0.5498823523521423
lraa,7595,off,869,743,0,0,0.44046926498413086
lraa,7595,off,870,1504,1,1,0.5457699298858643
lraa,7595,off,871,85,0,0,0.49560558795928955
lraa,7595,off,872,1085,1,1,0.547947883605957
lraa,7595,off,873,853,0,0,0.4916999638080597
lraa,7595,off,874,964,1,0,0.4948732256889343
lraa,7595,off,875,2197,1,1,0.545285701751709
lraa,7595,off,876,2345,0,0,0.48559969663619995
lraa,7595,off,877,1363,1,1,0.5068355202674866
lraa,7595,off,878,1599,0,0,0.4919440448284149
lraa,7595,off,879,814,0,0,0.47828513383865356
lraa,7595,off,880,1822,1,1,0.5292633771896362
lraa,7595,off,881,740,1,1,0.5175709128379822
lraa,7595,off,882,274,1,1,0.5872923135757446
lraa,7595,off,883,20,0,0,0.47755417227745056
lraa,7595,off,884,819,0,0,0.44963425397872925
lraa,7595,off,885,2649,0,0,0.46077412366867065
lraa,7595,off,886,420,1,1,0.5606135129928589
lraa,7595,off,887,337,0,0,0.475605309009552
lraa,7595,off,888,2578,1,1,0.5043944120407104
lraa,7595,off,889,1664,1,1,0.5547116994857788
lraa,7595,off,890,2323,0,0,0.4873073995113373
lraa,7595,off,891,274,0,1,0.5384978652000427
lraa,7595,off,892,715,1,1,0.5651787519454956
lraa,7595,off,893,1757,1,1,0.5526604056358337
lraa,7595,off,894,2580,0,0,0.45592525601387024
lraa,7595,off,895,1473,1,1,0.5724837779998779
lraa,7595,off,896,900,0,0,0.46830424666404724
lraa,7595,off,897,1558,0,0,0.46635952591896057
lraa,7595,off,898,2012,1,1,0.5550734996795654
lraa,7595,off,899,2363,0,1,0.501953125
lraa,7595,off,900,2413,1,1,0.5146442651748657
lraa,7595,off,901,2282,1,1,0.5309661626815796
lraa,7595,off,902,741,1,1,0.5763333439826965
lraa,7595,off,903,780,0,0,0.4824291169643402
lraa,7595,off,904,2494,1,1,0.5375269651412964
lraa,7595,off,905,2248,1,1,0.541166365146637
lraa,7595,off,906,2789,0,0,0.49218812584877014
lraa,7595,off,907,275,0,1,0.5440747737884521
lraa,7595,off,908,1027,1,1,0.5477060079574585
lraa,7595,off,909,1476,1,1,0.586641252040863
lraa,7595,off,910,1175,0,0,0.4450471103191376
lraa,7595,off,911,1666,1,1,0.5638583302497864
lraa,7595,off,912,2850,0,0,0.4520520865917206
lraa,7595,off,913,1124,0,0,0.47536176443099976
lraa,7595,off,914,2128,1,1,0.5957865715026855
lraa,7595,off,915,511,1,1,0.501953125
lraa,7595,off,916,1886,1,1,0.5828472375869751
lraa,7595,off,917,2878,0,0,0.47706687450408936
lraa,7595,off,918,1233,1,1,0.5561585426330566
lraa,7595,off,919,894,1,1,0.5734395384788513
lraa,7595,off,920,1691,0,0,0.45495644211769104
lraa,7595,off,921,737,1,0,0.4941408932209015
lraa,7595,off,922,2375,1,1,0.551211416721344
lraa,7595,off,923,2436,1,1,0.5319388508796692
lraa,7595,off,924,1799,0,0,0.4393864870071411
lraa,7595,off,925,2740,0,0,0.47268345952033997
lraa,7595,off,926,202,1,1,0.5619961619377136
lraa,7595,off,927,2512,1,1,0.5370413661003113
lraa,7595,off,928,1961,1,1,0.53946852684021
lraa,7595,off,929,2919,1,1,0.5141563415527344
lraa,7595,off,930,2679,1,1,0.5455278754234314
lraa,7595,off,931,1482,0,0,0.4995117485523224
lraa,7595,off,932,1697,0,0,0.4963379502296448
lraa,7595,off,933,1996,1,1,0.507323682308197
lraa,7595,off,934,2889,1,1,0.5737679600715637
lraa,7595,off,935,2011,1,1,0.5236639380455017
lraa,7595,off,936,1449,0,0,0.47682327032089233
lraa,7595,off,937,405,0,0,0.4678179919719696
lraa,7595,off,938,595,1,1,0.5348554849624634
lraa,7595,off,939,982,1,1,0.550365686416626
lraa,7595,off,940,1051,1,1,0.5365557670593262
lraa,7595,off,941,1637,1,1,0.5048826336860657
lraa,7595,off,942,1780,0,1,0.5180585384368896
lraa,7595,off,943,89,0,1,0.5053709149360657
lraa,7595,off,944,756,1,1,0.5087881684303284
lraa,7595,off,945,1138,1,1,0.507323682308197
lraa,7595,off,946,916,1,1,0.5248817801475525
lraa,7595,off,947,1764,1,0,0.4965820908546448
lraa,7595,off,948,1522,1,1,0.5952573418617249
lraa,7595,off,949,522,1,1,0.5521775484085083
lraa,7595,off,950,2630,1,1,0.5126925706863403
lraa,7595,off,951,2069,1,1,0.5043944120407104
lraa,7595,off,952,2000,0,0,0.46660253405570984
lraa,7595,off,953,789,0,0,0.4543510973453522
lraa,7595,off,954,568,0,0,0.4831606447696686
lraa,7595,off,955,994,0,1,0.5185462236404419
lraa,7595,off,956,1010,1,1,0.5146442651748657
lraa,7595,off,957,2558,1,1,0.5416513085365295
lraa,7595,off,958,2467,1,1,0.5806790590286255
lraa,7595,off,959,2888,1,0,0.489747554063797
lraa,7595,off,960,128,1,1,0.5265862345695496
lraa,7595,off,961,2741,1,1,0.5348554849624634
lraa,7595,off,962,164,0,0,0.49365267157554626
lraa,7595,off,963,2787,1,1,0.5474640727043152
lraa,7595,off,964,2117,1,1,0.5346124768257141
lraa,7595,off,965,2320,1,1,0.5489152669906616
lraa,7595,off,966,2225,1,1,0.5329113602638245
lraa,7595,off,967,653,1,1,0.5253688097000122
lraa,7595,off,968,2478,1,1,0.5691343545913696
lraa,7595,off,969,1058,1,1,0.517327070236206
lraa,7595,off,970,662,1,1,0.5180585384368896
lraa,7595,off,971,602,1,1,0.5814813375473022
lraa,7595,off,972,1857,0,0,0.44963425397872925
lraa,7595,off,973,1002,1,1,0.5399537086486816
lraa,7595,off,974,1514,1,1,0.5331543684005737
lraa,7595,off,975,476,1,1,0.5682960152626038
lraa,7595,off,976,2873,0,0,0.49560558795928955
lraa,7595,off,977,1546,1,1,0.50146484375
lraa,7595,off,978,1935,1,1,0.5139124393463135
lraa,7595,off,979,2301,0,0,0.475605309009552
lraa,7595,off,980,52,0,1,0.5117166042327881
lraa,7595,off,981,59,1,1,0.5588085651397705
lraa,7595,off,982,2244,1,1,0.5651787519454956
lraa,7595,off,983,2196,0,0,0.48681947588920593
lraa,7595,off,984,2471,0,0,0.4704933166503906
lraa,7595,off,985,2752,0,0,0.4892594516277313
lraa,7595,off,986,1195,1,1,0.5636181831359863
lraa,7595,off,987,284,1,1,0.5984588861465454
lraa,7595,off,988,1933,1,1,0.5136684775352478
lraa,7595,off,989,2733,0,0,0.4751182198524475
lraa,7595,off,990,894,1,1,0.5604932308197021
lraa,7595,off,991,1560,1,1,0.5752003192901611
lraa,7595,off,992,2221,0,0,0.44601204991340637
lraa,7595,off,993,660,1,0,0.498046875
lraa,7595,off,994,1466,0,0,0.4602889120578766
lraa,7595,off,995,2822,0,0,0.4588336646556854
lraa,7595,off,996,2569,0,0,0.4985351264476776
lraa,7595,off,997,1276,1,1,0.5404388308525085
lraa,7595,off,998,1638,0,0,0.44733956456184387
lraa,7595,off,999,142,1,1,0.5905430912971497
lraa,7595,off,1000,2385,1,1,0.5122045874595642
lraa,7595,off,1001,1318,0,0,0.4799911379814148
lraa,7595,off,1002,2758,0,0,0.48584359884262085
lraa,7595,off,1003,1094,1,1,0.5363128781318665
lraa,7595,off,1004,1623,1,1,0.509276270866394
lraa,7595,off,1005,706,0,0,0.469277024269104
lraa,7595,off,1006,1213,1,1,0.5601323246955872
lraa,7595,off,1007,2629,1,1,0.6190107464790344
lraa,7595,off,1008,1401,1,1,0.5536259412765503
lraa,7595,off,1009,1239,1,0,0.4887714385986328
lraa,7595,off,1010,2706,0,1,0.5063472986221313
lraa,7595,off,1011,821,1,1,0.5903069972991943
lraa,7595,off,1012,938,0,0,0.43513625860214233
lraa,7595,off,1013,491,1,0,0.4887714385986328
lraa,7595,off,1014,2886,1,1,0.5107405185699463
lraa,7595,off,1015,2125,1,1,0.5204963088035583
lraa,7595,off,1016,1135,1,1,0.50146484375
lraa,7595,off,1017,1359,0,0,0.4843800961971283
lraa,7595,off,1018,313,1,1,0.5185462236404419
lraa,7595,off,1019,2731,0,0,0.4602889120578766
lraa,7595,off,1020,497,0,0,0.4902355968952179
lraa,7595,off,1021,2212,1,1,0.5348554849624634
lraa,7595,off,1022,804,1,1,0.5375269651412964
lraa,7595,off,1023,1782,1,1,0.5204963088035583
lraa,7595,off,1024,2307,0,0,0.44197407364845276
lraa,7595,off,1025,2292,1,1,0.5850715041160583
lraa,7595,off,1026,1816,0,0,0.4661164879798889
lraa,7595,off,1027,1916,0,0,0.4873073995113373
lraa,7595,off,1028,2192,1,1,0.5202525854110718
lraa,7595,off,1029,21,0,0,0.45181021094322205
lraa,7595,off,1030,543,1,1,0.5009765625
lraa,7595,off,1031,606,1,1,0.5712883472442627
lraa,7595,off,1032,2851,1,1,0.5533846020698547
lraa,7595,off,1033,2347,1,1,0.5731409192085266
lraa,7595,off,1034,754,1,1,0.5078118443489075
lraa,7595,off,1035,286,1,1,0.5881797075271606
lraa,7595,off,1036,962,0,1,0.5477060079574585
lraa,7595,off,1037,290,1,0,0.4739006757736206
lraa,7595,off,1038,990,1,1,0.5574839115142822
lraa,7595,off,1039,771,1,1,0.511228621006012
lraa,7595,off,1040,166,0,0,0.4985351264476776
lraa,7595,off,1041,1257,0,0,0.4704933166503906
lraa,7595,off,1042,1855,0,1,0.5516945123672485
lraa,7595,off,1043,1660,1,1,0.5638583302497864
lraa,7595,off,1044,2568,1,1,0.5063472986221313
lraa,7595,off,1045,1968,1,1,0.5165954232215881
lraa,7595,off,1046,1694,1,0,0.4656304717063904
lraa,7595,off,1047,2472,1,1,0.5779643654823303
lraa,7595,off,1048,490,0,0,0.46368709206581116
lraa,7595,off,1049,1807,0,0,0.47682327032089233
lraa,7595,off,1050,168,1,1,0.5295066833496094
lraa,7595,off,1051,1021,1,1,0.5477060079574585
lraa,7595,off,1052,1321,0,1,0.5295066833496094
lraa,7595,off,1053,1557,0,0,0.4675748944282532
lraa,7595,off,1054,2401,1,1,0.5131805539131165
lraa,7595,off,1055,1758,1,1,0.5445592403411865
lraa,7595,off,1056,1402,1,1,0.5572430491447449
lraa,7595,off,1057,2240,1,1,0.5467381477355957
lraa,7595,off,1058,2511,1,1,0.543832540512085
lraa,7595,off,1059,1801,1,1,0.5462540984153748
lraa,7595,off,1060,2794,0,0,0.489747554063797
lraa,7595,off,1061,1856,1,1,0.524151086807251
lraa,7595,off,1062,745,0,0,0.48291680216789246
lraa,7595,off,1063,877,1,1,0.5544704794883728
lraa,7595,off,1064,2036,1,1,0.5350984334945679
lraa,7595,off,1065,2144,1,1,0.543832540512085
lraa,7595,off,1066,650,1,1,0.5903069972991943
lraa,7595,off,1067,995,0,0,0.45956116914749146
lraa,7595,off,1068,1465,1,1,0.5525397062301636
lraa,7595,off,1069,1100,1,1,0.556037962436676
lraa,7595,off,1070,528,1,1,0.5678167343139648
lraa,7595,off,1071,144,0,0,0.47731053829193115
lraa,7595,off,1072,428,0,0,0.4695202708244324
lraa,7595,off,1073,2781,1,1,0.5631377100944519
lraa,7595,off,1074,610,1,0,0.4765796661376953
lraa,7595,off,1075,1505,0,1,0.5083000063896179
lraa,7595,off,1076,1792,1,0,0.498046875
lraa,7595,off,1077,572,1,1,0.5170831680297852
lraa,7595,off,1078,1869,0,0,0.47341373562812805
lraa,7595,off,1079,558,1,1,0.5282900333404541
lraa,7595,off,1080,1540,1,1,0.5331543684005737
lraa,7595,off,1081,22,1,1,0.5295066833496094
lraa,7595,off,1082,925,0,0,0.489747554063797
lraa,7595,off,1083,2534,1,1,0.5582969188690186
lraa,7595,off,1084,86,1,1,0.5806790590286255
lraa,7595,off,1085,2236,1,1,0.5097643733024597
lraa,7595,off,1086,43,1,1,0.5087881684303284
lraa,7595,off,1087,2043,0,0,0.45072200894355774
lraa,7595,off,1088,905,1,1,0.545285701751709
lraa,7595,off,1089,551,0,0,0.4926762878894806
lraa,7595,off,1090,2534,1,1,0.5546513795852661
lraa,7595,off,1091,153,0,0,0.47682327032089233
lraa,7595,off,1092,1962,0,0,0.4804786741733551
lraa,7595,off,1093,951,0,1,0.524394690990448
lraa,7595,off,1094,1469,1,1,0.5601323246955872
lraa,7595,off,1095,2920,1,1,0.5409238338470459
lraa,7595,off,1096,1770,1,1,0.565898597240448
lraa,7595,off,1097,2734,1,1,0.5258557796478271
lraa,7595,off,1098,2885,1,1,0.5541085600852966
lraa,7595,off,1099,2799,1,1,0.524394690990448
lraa,7595,off,1100,2416,0,1,0.5306013822555542
lraa,7595,off,1101,1844,0,0,0.4736572504043579
lraa,7595,off,1102,1931,0,1,0.5136684775352478
lraa,7595,off,1103,862,0,1,0.5048826336860657
lraa,7595,off,1104,1903,0,1,0.501953125
lraa,7595,off,1105,2844,1,1,0.5217148661613464
lraa,7595,off,1106,2525,0,0,0.4641728699207306
lraa,7595,off,1107,2522,1,1,0.5399537086486816
lraa,7595,off,1108,2215,1,1,0.5204963088035583
lraa,7595,off,1109,2415,1,1,0.5365557670593262
lraa,7595,off,1110,2603,1,1,0.5496405959129333
lraa,7595,off,1111,959,0,1,0.5083000063896179
lraa,7595,off,1112,898,1,1,0.5544704794883728
lraa,7595,off,1113,1608,1,1,0.5666181445121765
lraa,7595,off,1114,677,1,1,0.523907482624054
lraa,7595,off,1115,229,1,1,0.5596510767936707
lraa,7595,off,1116,2466,1,1,0.5789690017700195
lraa,7595,off,1117,2757,1,1,0.5525397062301636
lraa,7595,off,1118,1074,0,1,0.5711313486099243
lraa,7595,off,1119,2170,1,1,0.5399537086486816
lraa,7595,off,1120,2153,0,0,0.4843800961971283
lraa,7595,off,1121,165,0,1,0.5319388508796692
lraa,7595,off,1122,25,1,1,0.5229331254959106
lraa,7595,off,1123,355,1,1,0.5265862345695496
lraa,7595,off,1124,1500,1,1,0.532181978225708
lraa,7595,off,1125,1091,0,1,0.50146484375
lraa,7595,off,1126,1347,0,0,0.47438767552375793
lraa,7595,off,1127,1215,1,1,0.5472221374511719
lraa,7595,off,1128,2833,1,1,0.5544704794883728
lraa,7595,off,1129,90,1,1,0.5820159912109375
lraa,7595,off,1130,1404,1,0,0.47706687450408936
lraa,7595,off,1131,1512,1,1,0.50146484375
lraa,7595,off,1132,1600,0,1,0.5537466406822205
lraa,7595,off,1133,1251,1,1,0.5350984334945679
lraa,7595,off,1134,807,0,0,0.47292691469192505
lraa,7595,off,1135,921,1,1,0.554229199886322
lraa,7595,off,1136,2432,1,1,0.5614553093910217
lraa,7595,off,1137,2177,1,1,0.5855159759521484
lraa,7595,off,1138,2424,1,1,0.5991333723068237
lraa,7595,off,1139,220,1,1,0.5650587677955627
lraa,7595,off,1140,952,1,1,0.5406813025474548
lraa,7595,off,1141,2371,0,0,0.45592525601387024
lraa,7595,off,1142,1474,1,1,0.5278033018112183
lraa,7595,off,1143,126,1,1,0.5493988394737244
lraa,7595,off,1144,1952,1,1,0.5914872884750366
lraa,7595,off,1145,626,1,1,0.5048826336860657
lraa,7595,off,1146,811,0,0,0.46587347984313965
lraa,7595,off,1147,1625,0,0,0.44987595081329346
lraa,7595,off,1148,2713,1,1,0.5200088620185852
lraa,7595,off,1149,2097,1,1,0.5119606256484985
lraa,7595,off,1150,2666,0,0,0.47244006395339966
lraa,7595,off,1151,2180,1,1,0.5930202007293701
lraa,7595,off,1152,2892,1,1,0.5372841358184814
lraa,7595,off,1153,2008,0,0,0.48681947588920593
lraa,7595,off,1154,2268,1,1,0.5195213556289673
lraa,7595,off,1155,138,1,1,0.5598917007446289
lraa,7595,off,1156,2864,1,1,0.5185462236404419
lraa,7595,off,1157,2610,0,0,0.471466600894928
lraa,7595,off,1158,1804,1,1,0.5363128781318665
lraa,7595,off,1159,1588,1,1,0.6500230431556702
lraa,7595,off,1160,1095,0,1,0.5966681838035583
lraa,7595,off,1161,2852,1,1,0.5755581855773926
lraa,7595,off,1162,2722,1,1,0.5766891241073608
lraa,7595,off,1163,2746,1,1,0.5253688097000122
lraa,7595,off,1164,1662,1,1,0.5382551550865173
lraa,7595,off,1165,2631,1,1,0.5515737533569336
lraa,7595,off,1166,2201,1,1,0.543832540512085
lraa,7595,off,1167,1103,1,1,0.5464961528778076
lraa,7595,off,1168,1330,1,1,0.5668579339981079
lraa,7595,off,1169,1546,1,1,0.5567610859870911
lraa,7595,off,1170,1324,1,1,0.5563995838165283
lraa,7595,off,1171,980,0,0,0.475848913192749
lraa,7595,off,1172,1517,0,1,0.515863835811615
lraa,7595,off,1173,2441,1,1,0.5423785448074341
lraa,7595,off,1174,1814,0,1,0.5029296278953552
lraa,7595,off,1175,418,1,1,0.5848344564437866
lraa,7595,off,1176,2108,1,1,0.5650587677955627
lraa,7595,off,1177,1511,0,1,0.5550734996795654
lraa,7595,off,1178,1742,1,1,0.5290200710296631
lraa,7595,off,1179,1942,1,1,0.5341265201568604
lraa,7595,off,1180,1897,1,0,0.48584359884262085
lraa,7595,off,1181,1858,1,1,0.5421361327171326
lraa,7595,off,1182,958,1,1,0.5078118443489075
lraa,7595,off,1183,1195,1,1,0.5690146684646606
lraa,7595,off,1184,1677,1,1,0.5624168515205383
lraa,7595,off,1185,1442,1,1,0.5406813025474548
lraa,7595,off,1186,1056,1,1,0.5603729486465454
lraa,7595,off,1187,438,0,0,0.48681947588920593
lraa,7595,off,1188,911,1,1,0.5175709128379822
lraa,7595,off,1189,382,0,0,0.47755417227745056
lraa,7595,off,1190,537,0,0,0.49218812584877014
lraa,7595,off,1191,2327,1,1,0.5148881673812866
lraa,7595,off,1192,379,1,0,0.4965820908546448
lraa,7595,off,1193,1263,1,1,0.5165954232215881
lraa,7595,off,1194,1163,1,1,0.5474640727043152
lraa,7595,off,1195,823,0,0,0.45495644211769104
lraa,7595,off,1196,1658,1,1,0.5625370144844055
lraa,7595,off,1197,477,1,1,0.5550734996795654
lraa,7595,off,1198,2090,1,1,0.5557968616485596
lraa,7595,off,1199,2191,1,1,0.53946852684021
lraa,7595,off,1200,851,1,1,0.5207400918006897
lraa,7595,off,1201,2077,1,1,0.5231767296791077
lraa,7595,off,1202,2051,1,1,0.5195213556289673
lraa,7595,off,1203,816,1,1,0.5170831680297852
lraa,7595,off,1204,1643,0,0,0.47804147005081177
lraa,7595,off,1205,2161,0,0,0.4990234673023224
lraa,7595,off,1206,2143,1,1,0.5979600548744202
lraa,7595,off,1207,858,0,0,0.47852882742881775
lraa,7595,off,1208,1381,1,1,0.5248817801475525
lraa,7595,off,1209,2334,1,1,0.5192775726318359
lraa,7595,off,1210,946,0,0,0.4434799253940582
lraa,7595,off,1211,2689,0,0,0.49609383940696716
lraa,7595,off,1212,920,0,1,0.5034179091453552
lraa,7595,off,1213,2331,1,1,0.5720654726028442
lraa,7595,off,1214,544,1,1,0.5616957545280457
lraa,7595,off,1215,2632,1,1,0.5557968616485596
lraa,7595,off,1216,1776,1,1,0.5100083947181702
lraa,7595,off,1217,2820,1,1,0.5537466406822205
lraa,7595,off,1218,1027,0,0,0.4887714385986328
lraa,7595,off,1219,1972,1,1,0.5614553093910217
lraa,7595,off,1220,1525,0,0,0.4814538359642029
lraa,7595,off,1221,1506,0,0,0.47755417227745056
lraa,7595,off,1222,1863,1,1,0.5633779764175415
lraa,7595,off,1223,2573,1,1,0.5039061903953552
lraa,7595,off,1224,2065,1,1,0.5165954232215881
lraa,7595,off,1225,2110,1,1,0.5170831680297852
lraa,7595,off,1226,301,0,0,0.43275246024131775
lraa,7595,off,1227,130,1,1,0.5673373937606812
lraa,7595,off,1228,2022,0,1,0.5496405959129333
lraa,7595,off,1229,1413,1,1,0.5404388308525085
lraa,7595,off,1230,973,0,0,0.42283231019973755
lraa,7595,off,1231,1484,1,1,0.5236639380455017
lraa,7595,off,1232,23,1,1,0.526829719543457
lraa,7595,off,1233,1092,0,1,0.5278033018112183
lraa,7595,off,1234,2163,0,0,0.4709799289703369
lraa,7595,off,1235,488,0,0,0.489747554063797
lraa,7595,off,1236,2058,0,0,0.48023492097854614
lraa,7595,off,1237,2374,0,0,0.456409752368927
lraa,7595,off,1238,635,1,0,0.4995117485523224
lraa,7595,off,1239,429,0,1,0.5070796012878418
lraa,7595,off,1240,896,0,1,0.509276270866394
lraa,7595,off,1241,2606,0,1,0.5029296278953552
lraa,7595,off,1242,18,1,1,0.5757371187210083
lraa,7595,off,1243,2658,0,0,0.47609245777130127
lraa,7595,off,1244,1926,0,0,0.4736572504043579
lraa,7595,off,1245,739,1,1,0.5343695282936096
lraa,7595,off,1246,2447,1,1,0.5219584703445435
lraa,7595,off,1247,140,1,1,0.5302364826202393
lraa,7595,off,1248,2754,0,1,0.5
lraa,7595,off,1249,1057,1,1,0.5701817274093628
lraa,7595,off,1250,2890,1,1,0.5270731449127197
lraa,7595,off,1251,2395,1,1,0.5696132779121399
lraa,7595,off,1252,838,1,1,0.5185462236404419
lraa,7595,off,1253,2100,0,0,0.47122323513031006
lraa,7595,off,1254,2619,1,1,0.5566405653953552
lraa,7595,off,1255,2007,1,1,0.5532639026641846
lraa,7595,off,1256,1178,0,0,0.44673606753349304
lraa,7595,off,1257,1003,0,1,0.5034179091453552
lraa,7595,off,1258,1214,1,1,0.5234203934669495
lraa,7595,off,1259,2933,1,1,0.5637983083724976
lraa,7595,off,1260,1137,0,0,0.4515683650970459
lraa,7595,off,1261,2652,1,1,0.5703818202018738
lraa,7595,off,1262,1855,1,1,0.5270731449127197
lraa,7595,off,1263,385,1,1,0.5190337300300598
lraa,7595,off,1264,474,0,0,0.47731053829193115
lraa,7595,off,1265,1683,0,0,0.475848913192749
lraa,7595,off,1266,2107,0,0,0.48194143176078796
lraa,7595,off,1267,2900,1,0,0.49560558795928955
lraa,7595,off,1268,97,0,0,0.47317034006118774
lraa,7595,off,1269,766,0,1,0.5253688097000122
lraa,7595,off,1270,124,0,0,0.491211861371994
lraa,7595,off,1271,1262,1,1,0.5663783550262451
lraa,7595,off,1272,1993,0,1,0.5063472986221313
lraa,7595,off,1273,2452,1,1,0.5687751173973083
lraa,7595,off,1274,830,0,0,0.45592525601387024
lraa,7595,off,1275,67,0,0,0.4668456017971039
lraa,7595,off,1276,1322,1,1,0.5146442651748657
lraa,7595,off,1277,267,1,1,0.5209837555885315
lraa,7595,off,1278,1613,1,0,0.48584359884262085
lraa,7595,off,1279,2365,1,1,0.5302364826202393
lraa,7595,off,1280,2711,1,1,0.5292633771896362
lraa,7595,off,1281,54,0,0,0.46587347984313965
lraa,7595,off,1282,1047,1,1,0.5102524757385254
lraa,7595,off,1283,1686,1,1,0.5662583708763123
lraa,7595,off,1284,1745,0,0,0.4590761363506317
lraa,7595,off,1285,546,0,0,0.4838923215866089
lraa,7595,off,1286,464,1,1,0.5043944120407104
lraa,7595,off,1287,2906,1,1,0.5790136456489563
lraa,7595,off,1288,1129,0,0,0.4455295503139496
lraa,7595,off,1289,396,0,0,0.4916999638080597
lraa,7595,off,1290,2581,1,0,0.4873073995113373
lraa,7595,off,1291,2542,1,1,0.5457699298858643
lraa,7595,off,1292,45,0,1,0.5053709149360657
lraa,7595,off,1293,2141,1,1,0.5248817801475525
lraa,7595,off,1294,60,1,1,0.5341265201568604
lraa,7595,off,1295,2183,1,1,0.5817784070968628
lraa,7595,off,1296,1037,0,1,0.5053709149360657
lraa,7595,off,1297,2931,1,1,0.5292633771896362
lraa,7595,off,1298,1752,1,1,0.5874106884002686
lraa,7595,off,1299,1759,1,1,0.5569418668746948
lraa,7595,off,1300,2566,1,1,0.5151321291923523
lraa,7595,off,1301,926,1,1,0.5406813025474548
lraa,7595,off,1302,2753,0,0,0.4790162444114685
lraa,7595,off,1303,260,0,0,0.4653874933719635
lraa,7595,off,1304,1984,1,1,0.5078118443489075
lraa,7595,off,1305,1696,0,1,0.5124486088752747
lraa,7595,off,1306,1220,1,1,0.6176279783248901
lraa,7595,off,1307,2930,0,0,0.47950369119644165
lraa,7595,off,1308,1277,1,1,0.5426208972930908
lraa,7595,off,1309,136,1,1,0.5278033018112183
lraa,7595,off,1310,1387,1,0,0.4995117485523224
lraa,7595,off,1311,2875,1,1,0.5009765625
lraa,7595,off,1312,1130,1,1,0.5384978652000427
lraa,7595,off,1313,912,1,1,0.5282900333404541
lraa,7595,off,1314,1919,1,1,0.5614553093910217
lraa,7595,off,1315,822,1,1,0.5719459056854248
lraa,7595,off,1316,350,0,0,0.47268345952033997
lraa,7595,off,1317,2768,1,1,0.5382551550865173
lraa,7595,off,1318,435,0,0,0.47828513383865356
lraa,7595,off,1319,1961,1,1,0.5545910596847534
lraa,7595,off,1320,613,1,1,0.5848047733306885
lraa,7595,off,1321,344,1,1,0.5348554849624634
lraa,7595,off,1322,698,1,1,0.6190107464790344
lraa,7595,off,1323,2264,1,1,0.5634379982948303
lraa,7595,off,1324,1365,1,0,0.4916999638080597
lraa,7595,off,1325,1855,0,0,0.46733176708221436
lraa,7595,off,1326,573,0,0,0.4680611491203308
lraa,7595,off,1327,1940,1,0,0.47852882742881775
lraa,7595,off,1328,82,0,0,0.45592525601387024
lraa,7595,off,1329,498,1,1,0.5582065582275391
lraa,7595,off,1330,204,1,1,0.5720654726028442
lraa,7595,off,1331,1261,0,0,0.4427569508552551
lraa,7595,off,1332,1325,1,1,0.5622966289520264
lraa,7595,off,1333,1026,0,0,0.4834045171737671
lraa,7595,off,1334,1971,0,0,0.4873073995113373
lraa,7595,off,1335,2113,1,1,0.5236639380455017
lraa,7595,off,1336,191,1,1,0.5009765625
lraa,7595,off,1337,1969,1,1,0.5009765625
lraa,7595,off,1338,2601,1,1,0.5273165106773376
lraa,7595,off,1339,1803,1,1,0.5627773404121399
lraa,7595,off,1340,2534,1,1,0.5141563415527344
lraa,7595,off,1341,1241,0,0,0.43614163994789124
lraa,7595,off,1342,1690,1,1,0.5126925706863403
lraa,7595,off,1343,1602,1,1,0.5117166042327881
lraa,7595,off,1344,2350,0,0,0.47219666838645935
lraa,7595,off,1345,1385,0,1,0.5107405185699463
lraa,7595,off,1346,73,1,1,0.5571225881576538
lraa,7595,off,1347,686,1,1,0.5165954232215881
lraa,7595,off,1348,432,1,1,0.5416513085365295
lraa,7595,off,1349,1668,1,1,0.5382551550865173
lraa,7595,off,1350,2202,0,0,0.46490156650543213
lraa,7595,off,1351,380,1,1,0.5513321757316589
lraa,7595,off,1352,1527,1,1,0.5236639380455017
lraa,7595,off,1353,2642,0,0,0.46976351737976074
lraa,7595,off,1354,1718,1,0,0.498046875
lraa,7595,off,1355,725,1,1,0.5814302563667297
lraa,7595,off,1356,1309,0,0,0.4695202708244324
lraa,7595,off,1357,354,1,1,0.5809465050697327
lraa,7595,off,1358,1880,0,1,0.5316957235336304
lraa,7595,off,1359,1729,0,1,0.5039061903953552
lraa,7595,off,1360,2454,0,0,0.4970703423023224
lraa,7595,off,1361,2692,1,1,0.5265862345695496
lraa,7595,off,1362,218,1,1,0.5634980797767639
lraa,7595,off,1363,2449,0,0,0.49218812584877014
lraa,7595,off,1364,2237,0,0,0.42966869473457336
lraa,7595,off,1365,2031,0,0,0.4834045171737671
lraa,7595,off,1366,1231,0,0,0.45665207505226135
lraa,7595,off,1367,1986,1,1,0.5592900514602661
lraa,7595,off,1368,2508,0,0,0.4668456017971039
lraa,7595,off,1369,249,1,1,0.507323682308197
lraa,7595,off,1370,581,0,0,0.4990234673023224
lraa,7595,off,1371,373,1,0,0.47731053829193115
lraa,7595,off,1372,1237,0,0,0.4678179919719696
lraa,7595,off,1373,2092,1,1,0.5292633771896362
lraa,7595,off,1374,571,1,1,0.5670377612113953
lraa,7595,off,1375,1192,1,1,0.5324251055717468
lraa,7595,off,1376,2140,1,1,0.5934914946556091
lraa,7595,off,1377,679,0,1,0.50244140625
lraa,7595,off,1378,312,1,1,0.5565201044082642
lraa,7595,off,1379,1205,1,1,0.5165954232215881
lraa,7595,off,1380,2299,1,1,0.5588687658309937
lraa,7595,off,1381,2387,0,1,0.5139124393463135
lraa,7595,off,1382,803,0,0,0.48023492097854614
lraa,7595,off,1383,2548,1,1,0.5034179091453552
lraa,7595,off,1384,1716,0,0,0.4824291169643402
lraa,7595,off,1385,2126,1,1,0.547947883605957
lraa,7595,off,1386,35,1,1,0.5852493047714233
lraa,7595,off,1387,1086,0,1,0.5423785448074341
lraa,7595,off,1388,510,0,1,0.5287767648696899
lraa,7595,off,1389,347,1,1,0.5421361327171326
lraa,7595,off,1390,2922,0,1,0.5009765625
lraa,7595,off,1391,2182,0,0,0.4799911379814148
lraa,7595,off,1392,643,1,1,0.5721849799156189
lraa,7595,off,1393,1259,0,0,0.4481847286224365
lraa,7595,off,1394,2194,1,1,0.5610344409942627
lraa,7595,off,1395,68,0,0,0.45350387692451477
lraa,7595,off,1396,1104,1,1,0.524394690990448
lraa,7595,off,1397,549,1,1,0.5878839492797852
lraa,7595,off,1398,2715,1,0,0.4951173663139343
lraa,7595,off,1399,2552,0,0,0.4990234673023224
lraa,7595,off,1400,949,1,1,0.5585678219795227
lraa,7595,off,1401,2135,0,1,0.5039061903953552
lraa,7595,off,1402,459,0,0,0.48584359884262085
lraa,7595,off,1403,441,0,0,0.4863315522670746
lraa,7595,off,1404,1404,1,0,0.47244006395339966
lraa,7595,off,1405,2792,0,0,0.489747554063797
lraa,7595,off,1406,2639,1,1,0.5654187798500061
lraa,7595,off,1407,1568,1,1,0.5353413224220276
lraa,7595,off,1408,1611,1,1,0.5409238338470459
lraa,7595,off,1409,1589,1,1,0.5506073832511902
lraa,7595,off,1410,108,1,1,0.5102524757385254
lraa,7595,off,1411,2274,0,0,0.46490156650543213
lraa,7595,off,1412,1903,1,0,0.4970703423023224
lraa,7595,off,1413,1156,1,1,0.5474640727043152
lraa,7595,off,1414,1217,1,1,0.5253688097000122
lraa,7595,off,1415,1840,0,0,0.4873073995113373
lraa,7595,off,1416,1520,1,1,0.5660785436630249
lraa,7595,off,1417,360,1,1,0.5640984773635864
lraa,7595,off,1418,2563,1,1,0.5863452553749084
lraa,7595,off,1419,1308,1,1,0.5527811646461487
lraa,7595,off,1420,624,1,1,0.5474640727043152
lraa,7595,off,1421,547,0,0,0.471466600894928
lraa,7595,off,1422,1443,0,1,0.50244140625
lraa,7595,off,1423,570,0,0,0.49609383940696716
lraa,7595,off,1424,151,1,1,0.5209837555885315
lraa,7595,off,1425,2665,1,1,0.5200088620185852
lraa,7595,off,1426,95,1,1,0.5136684775352478
lraa,7595,off,1427,214,0,0,0.47779783606529236
lraa,7595,off,1428,1727,1,1,0.5068355202674866
lraa,7595,off,1429,712,1,1,0.5224458575248718
lraa,7595,off,1430,759,0,0,0.43362167477607727
lraa,7595,off,1431,2360,1,1,0.5034179091453552
lraa,7595,off,1432,532,1,1,0.5397111177444458
lraa,7595,off,1433,1048,1,1,0.5141563415527344
lraa,7595,off,1434,2520,1,0,0.4990234673023224
lraa,7595,off,1435,100,0,0,0.45144742727279663
lraa,7595,off,1436,2186,1,1,0.5496405959129333
lraa,7595,off,1437,2510,1,1,0.5343695282936096
lraa,7595,off,1438,685,0,0,0.4873073995113373
lraa,7595,off,1439,2015,0,1,0.5353413224220276
lraa,7595,off,1440,2164,1,1,0.5520567893981934
lraa,7595,off,1441,665,1,1,0.5455278754234314
lraa,7595,off,1442,433,0,0,0.42880138754844666
lraa,7595,off,1443,1195,1,1,0.5615754723548889
lraa,7595,off,1444,643,1,1,0.5756774544715881
lraa,7595,off,1445,1118,1,1,0.5
lraa,7595,off,1446,1746,0,0,0.4421547055244446
lraa,7595,off,1447,248,1,1,0.5175709128379822
lraa,7595,off,1448,1673,1,1,0.5161076784133911
lraa,7595,off,1449,415,0,0,0.4634442627429962
lraa,7595,off,1450,718,1,1,0.53946852684021
lraa,7595,off,1451,2419,0,0,0.48072248697280884
lraa,7595,off,1452,908,1,1,0.5582065582275391
lraa,7595,off,1453,2475,0,0,0.4562886357307434
lraa,7595,off,1454,421,1,1,0.511228621006012
lraa,7595,off,1455,2459,0,0,0.49072372913360596
lraa,7595,off,1456,1256,0,0,0.46174484491348267
lraa,7595,off,1457,792,0,0,0.4668456017971039
lraa,7595,off,1458,1352,1,1,0.5165954232215881
lraa,7595,off,1459,1166,0,0,0.489747554063797
lraa,7595,off,1460,1426,0,0,0.4739006757736206
lraa,7595,off,1461,1391,1,1,0.5637983083724976
lraa,7595,off,1462,2656,1,1,0.545285701751709
lraa,7595,off,1463,1519,0,0,0.46635952591896057
lraa,7595,off,1464,2208,1,1,0.5372841358184814
lraa,7595,off,1465,2703,1,1,0.5309661626815796
lraa,7595,off,1466,192,1,1,0.5265862345695496
lraa,7595,off,1467,216,0,0,0.48291680216789246
lraa,7595,off,1468,1141,1,1,0.5660185217857361
lraa,7595,off,1469,1408,1,1,0.6089429259300232
lraa,7595,off,1470,2434,0,0,0.4632014334201813
lraa,7595,off,1471,1288,0,0,0.4680611491203308
lraa,7595,off,1472,225,1,1,0.5675771236419678
lraa,7595,off,1473,1489,1,1,0.5039061903953552
lraa,7595,off,1474,2206,0,0,0.498046875
lraa,7595,off,1475,257,1,1,0.5448014140129089
lraa,7595,off,1476,1705,1,1,0.5489152669906616
lraa,7595,off,1477,2237,0,0,0.4260827600955963
lraa,7595,off,1478,431,1,1,0.5662583708763123
lraa,7595,off,1479,156,1,1,0.5662583708763123
lraa,7595,off,1480,2575,1,1,0.5820159912109375
lraa,7595,off,1481,676,1,1,0.5097643733024597
lraa,7595,off,1482,1967,0,0,0.4941408932209015
lraa,7595,off,1483,697,1,1,0.5058591365814209
lraa,7595,off,1484,2425,1,1,0.5571225881576538
lraa,7595,off,1485,1311,1,1,0.5251253247261047
lraa,7595,off,1486,1361,1,1,0.5185462236404419
lraa,7595,off,1487,2801,1,0,0.4700067639350891
lraa,7595,off,1488,1204,1,1,0.5117166042327881
lraa,7595,off,1489,2072,0,0,0.4641728699207306
lraa,7595,off,1490,321,0,1,0.50244140625
lraa,7595,off,1491,1250,0,1,0.524151086807251
lraa,7595,off,1492,1435,1,1,0.5727526545524597
lraa,7595,off,1493,2740,1,0,0.4656304717063904
lraa,7595,off,1494,2538,0,0,0.4519311487674713
lraa,7595,off,1495,1194,1,1,0.52220219373703
lraa,7595,off,1496,2816,1,1,0.5919591188430786
lraa,7595,off,1497,180,1,1,0.523907482624054
lraa,7595,off,1498,2901,1,1,0.5406813025474548
lraa,7595,off,1499,658,1,0,0.4232792556285858
lraa,7595,off,1500,929,1,1,0.5180585384368896
lraa,7595,off,1501,2354,1,1,0.5537466406822205
lraa,7595,off,1502,1756,0,0,0.47025004029273987
lraa,7595,off,1503,2791,0,0,0.4602889120578766
lraa,7595,off,1504,1597,1,1,0.5253688097000122
lraa,7595,off,1505,1763,1,1,0.526829719543457
lraa,7595,off,1506,945,0,0,0.4892594516277313
lraa,7595,off,1507,813,0,1,0.5548925995826721
lraa,7595,off,1508,638,0,0,0.4612594544887543
lraa,7595,off,1509,281,1,1,0.5375269651412964
lraa,7595,off,1510,1591,1,1,0.5117166042327881
lraa,7595,off,1511,964,1,1,0.5448014140129089
lraa,7595,off,1512,2388,1,1,0.5679965615272522
lraa,7595,off,1513,2595,1,0,0.4985351264476776
lraa,7595,off,1514,1920,0,1,0.5195213556289673
lraa,7595,off,1515,339,1,1,0.5616957545280457
lraa,7595,off,1516,2696,1,1,0.5446802973747253
lraa,7595,off,1517,2577,0,1,0.5165954232215881
lraa,7595,off,1518,1029,0,0,0.4313446283340454
lraa,7595,off,1519,2037,1,1,0.5397111177444458
lraa,7595,off,1520,1017,0,1,0.5131805539131165
lraa,7595,off,1521,2718,1,1,0.5612749457359314
lraa,7595,off,1522,1153,0,0,0.48681947588920593
lraa,7595,off,1523,2230,0,0,0.4685474634170532
lraa,7595,off,1524,688,1,1,0.5102524757385254
lraa,7595,off,1525,886,1,1,0.528533399105072
lraa,7595,off,1526,1744,1,1,0.5214711427688599
lraa,7595,off,1527,1369,1,1,0.5058591365814209
lraa,7595,off,1528,1614,1,1,0.5803669095039368
lraa,7595,off,1529,2187,1,1,0.5688350200653076
lraa,7595,off,1530,58,0,0,0.42161136865615845
lraa,7595,off,1531,308,1,1,0.515863835811615
lraa,7595,off,1532,1748,0,0,0.49609383940696716
lraa,7595,off,1533,2763,0,1,0.5336405038833618
lraa,7595,off,1534,2431,0,0,0.4814538359642029
lraa,7595,off,1535,2571,1,1,0.5755879878997803
lraa,7595,off,1536,720,1,0,0.4985351264476776
lraa,7595,off,1537,1343,0,0,0.4736572504043579
lraa,7595,off,1538,1195,1,1,0.5615754723548889
lraa,7595,off,1539,2604,1,1,0.5916643142700195
lraa,7595,off,1540,1556,1,1,0.507323682308197
lraa,7595,off,1541,408,1,1,0.50244140625
lraa,7595,off,1542,274,1,1,0.5633178949356079
lraa,7595,off,1543,1395,0,0,0.48194143176078796
lraa,7595,off,1544,146,1,1,0.5329113602638245
lraa,7595,off,1545,333,1,1,0.5316957235336304
lraa,7595,off,1546,657,0,0,0.48194143176078796
lraa,7595,off,1547,989,1,1,0.5654786825180054
lraa,7595,off,1548,2662,1,1,0.547947883605957
lraa,7595,off,1549,702,0,0,0.48291680216789246
lraa,7595,off,1550,1015,0,0,0.4824291169643402
lraa,7595,off,1551,422,1,1,0.5053709149360657
lraa,7595,off,1552,928,1,1,0.5209837555885315
lraa,7595,off,1553,2289,0,0,0.4751182198524475
lraa,7595,off,1554,2179,1,1,0.5375269651412964
lraa,7595,off,1555,1838,1,1,0.5444381237030029
lraa,7595,off,1556,957,0,0,0.48023492097854614
lraa,7595,off,1557,2808,0,0,0.4804786741733551
lraa,7595,off,1558,0,0,1,0.5246382355690002
lraa,7595,off,1559,1815,1,1,0.5574839115142822
lraa,7595,off,1560,258,1,1,0.524394690990448
lraa,7595,off,1561,2300,1,0,0.4877953827381134
lraa,7595,off,1562,181,0,0,0.4985351264476776
lraa,7595,off,1563,2111,1,1,0.5908086895942688
lraa,7595,off,1564,1847,1,1,0.5406813025474548
lraa,7595,off,1565,1468,1,1,0.5681949257850647
lraa,7595,off,1566,2686,0,0,0.46004629135131836
lraa,7595,off,1567,1730,1,1,0.501953125
lraa,7595,off,1568,2502,1,1,0.5377697348594666
lraa,7595,off,1569,2516,1,1,0.5282900333404541
lraa,7595,off,1570,92,0,0,0.489747554063797
lraa,7595,off,1571,2265,0,0,0.4797474145889282
lraa,7595,off,1572,1190,0,0,0.49560558795928955
lraa,7595,off,1573,1077,1,1,0.5674872398376465
lraa,7595,off,1574,1956,0,1,0.5178147554397583
lraa,7595,off,1575,1034,1,1,0.5353413224220276
lraa,7595,off,1576,934,0,1,0.501953125
lraa,7595,off,1577,93,1,1,0.5440747737884521
lraa,7595,off,1578,1886,1,1,0.526829719543457
lraa,7595,off,1579,1682,0,0,0.4873073995113373
lraa,7595,off,1580,2843,1,1,0.5698526501655579
lraa,7595,off,1581,520,1,1,0.5428633093833923
lraa,7595,off,1582,2074,1,1,0.5224458575248718
lraa,7595,off,1583,2497,0,0,0.4320933222770691
lraa,7595,off,1584,2905,1,1,0.543347954750061
lraa,7595,off,1585,983,1,1,0.5532639026641846
lraa,7595,off,1586,1961,1,1,0.5426208972930908
lraa,7595,off,1587,1090,0,0,0.48681947588920593
lraa,7595,off,1588,2811,0,0,0.47779783606529236
lraa,7595,off,1589,2055,1,1,0.5161076784133911
lraa,7595,off,1590,669,1,1,0.5231767296791077
lraa,7595,off,1591,2062,1,1,0.5532639026641846
lraa,7595,off,1592,107,0,1,0.5256123542785645
lraa,7595,off,1593,2146,1,1,0.5053709149360657
lraa,7595,off,1594,2795,0,0,0.4863315522670746
lraa,7595,off,1595,221,1,1,0.5951396822929382
lraa,7595,off,1596,1082,1,1,0.5246382355690002
lraa,7595,off,1597,2306,0,0,0.4985351264476776
lraa,7595,off,1598,2391,0,1,0.5097643733024597
lraa,7595,off,1599,2083,1,1,0.541893720626831
lraa,7595,off,1600,1302,1,1,0.5747528076171875
lraa,7595,off,1601,2897,1,1,0.5372841358184814
lraa,7595,off,1602,2547,0,1,0.5509698390960693
lraa,7595,off,1603,1772,0,0,0.47950369119644165
lraa,7595,off,1604,2333,0,0,0.49560558795928955
lraa,7595,off,1605,2648,1,1,0.541166365146637
lraa,7595,off,1606,1524,1,1,0.5947866439819336
lraa,7595,off,1607,879,1,1,0.5554351806640625
lraa,7595,off,1608,2629,1,0,0.47244006395339966
lraa,7595,off,1609,2861,0,1,0.5043944120407104
lraa,7595,off,1610,1274,1,1,0.6074303388595581
lraa,7595,off,1611,2064,1,1,0.5515737533569336
lraa,7595,off,1612,847,0,0,0.4824291169643402
lraa,7595,off,1613,1278,0,0,0.4254709780216217
lraa,7595,off,1614,2228,1,1,0.5474640727043152
lraa,7595,off,1615,2854,0,0,0.4848679304122925
lraa,7595,off,1616,2242,1,1,0.5513321757316589
lraa,7595,off,1617,1809,0,0,0.43261387944221497
lraa,7595,off,1618,2705,0,0,0.4877953827381134
lraa,7595,off,1619,177,1,1,0.5428633093833923
lraa,7595,off,1620,2917,0,0,0.4946291148662567
lraa,7595,off,1621,1141,1,1,0.5723493099212646
lraa,7595,off,1622,882,1,1,0.5549529194831848
lraa,7595,off,1623,316,1,1,0.5673373937606812
lraa,7595,off,1624,393,1,1,0.5555558204650879
lraa,7595,off,1625,1850,1,1,0.5048826336860657
lraa,7595,off,1626,2923,0,0,0.4985351264476776
lraa,7595,off,1627,416,1,1,0.5302364826202393
lraa,7595,off,1628,1440,1,1,0.5448014140129089
lraa,7595,off,1629,2651,1,0,0.47706687450408936
lraa,7595,off,1630,1218,1,1,0.5510905385017395
lraa,7595,off,1631,410,1,1,0.5389832258224487
lraa,7595,off,1632,2925,1,1,0.5034179091453552
lraa,7595,off,1633,1242,1,1,0.5484316945075989
lraa,7595,off,1634,1035,1,1,0.5762885808944702
lraa,7595,off,1635,2659,1,1,0.5794004201889038
lraa,7595,off,1636,72,1,1,0.5859898924827576
lraa,7595,off,1637,2338,1,1,0.5457699298858643
lraa,7595,off,1638,2359,0,0,0.4700067639350891
lraa,7595,off,1639,1906,0,0,0.45568299293518066
lraa,7595,off,1640,663,1,1,0.5628975033760071
lraa,7595,off,1641,846,1,1,0.5484316945075989
lraa,7595,off,1642,1537,0,1,0.5029296278953552
lraa,7595,off,1643,2890,1,1,0.5520567893981934
lraa,7595,off,1644,1064,0,0,0.46368709206581116
lraa,7595,off,1645,39,1,1,0.555917501449585
lraa,7595,off,1646,397,1,1,0.523907482624054
lraa,7595,off,1647,833,1,1,0.5816743969917297
lraa,7595,off,1648,2747,0,0,0.4882833957672119
lraa,7595,off,1649,1071,1,1,0.5275599360466003
lraa,7595,off,1650,1781,0,0,0.47779783606529236
lraa,7595,off,1651,485,1,1,0.5375269651412964
lraa,7595,off,1652,1445,0,0,0.47609245777130127
lraa,7595,off,1653,11,0,0,0.44673606753349304
lraa,7595,off,1654,2935,0,0,0.4975586235523224
lraa,7595,off,1655,445,1,1,0.5448014140129089
lraa,7595,off,1656,2624,0,0,0.48681947588920593
lraa,7595,off,1657,2399,1,1,0.5576044321060181
lraa,7595,off,1658,2466,1,1,0.5190337300300598
lraa,7595,off,1659,1155,0,0,0.42823338508605957
lraa,7595,off,1660,500,1,1,0.5253688097000122
lraa,7595,off,1661,1521,1,0,0.4990234673023224
lraa,7595,off,1662,903,1,1,0.5416513085365295
lraa,7595,off,1663,722,1,1,0.545285701751709
lraa,7595,off,1664,296,1,1,0.5748945474624634
lraa,7595,off,1665,1817,1,1,0.5787011981010437
lraa,7595,off,1666,99,0,1,0.50244140625
lraa,7595,off,1667,1888,1,1,0.5577248334884644
lraa,7595,off,1668,2862,0,0,0.47244006395339966
lraa,7595,off,1669,302,0,0,0.48194143176078796
lraa,7595,off,1670,1110,1,1,0.5063472986221313
lraa,7595,off,1671,2521,1,1,0.5822758078575134
lraa,7595,off,1672,531,1,1,0.5738575458526611
lraa,7595,off,1673,2697,0,0,0.48584359884262085
lraa,7595,off,1674,790,0,0,0.4634442627429962
lraa,7595,off,1675,1518,0,0,0.47341373562812805
lraa,7595,off,1676,1036,1,1,0.5450435876846313
lraa,7595,off,1677,2903,1,1,0.5780016183853149
lraa,7595,off,1678,690,1,1,0.5275599360466003
lraa,7595,off,1679,812,0,0,0.4695202708244324
lraa,7595,off,1680,2101,1,1,0.5727824568748474
lraa,7595,off,1681,1382,1,1,0.5126925706863403
lraa,7595,off,1682,791,1,1,0.5416513085365295
lraa,7595,off,1683,2278,0,0,0.44854703545570374
lraa,7595,off,1684,2704,0,1,0.5260992646217346
lraa,7595,off,1685,2328,0,0,0.499755859375
lraa,7595,off,1686,2094,0,0,0.47414419054985046
lraa,7595,off,1687,2729,1,1,0.5333974361419678
lraa,7595,off,1688,876,1,1,0.5265862345695496
lraa,7595,off,1689,2677,1,1,0.5202525854110718
lraa,7595,off,1690,790,0,0,0.4634442627429962
lraa,7595,off,1691,424,0,0,0.4965820908546448
lraa,7595,off,1692,317,1,1,0.5083000063896179
lraa,7595,off,1693,2229,1,1,0.5355842709541321
lraa,7595,off,1694,2855,1,1,0.571049153804779
lraa,7595,off,1695,1372,1,1,0.5790731906890869
lraa,7595,off,1696,1924,1,1,0.5595307350158691
lraa,7595,off,1697,2358,0,1,0.50244140625
lraa,7595,off,1698,1337,0,0,0.45495644211769104
lraa,7595,off,1699,344,1,1,0.5448014140129089
lraa,7595,off,1700,2173,1,1,0.5180585384368896
lraa,7595,off,1701,1108,0,0,0.4902355968952179
lraa,7595,off,1702,1063,1,1,0.5577248334884644
lraa,7595,off,1703,2695,1,0,0.47682327032089233
lraa,7595,off,1704,61,1,1,0.5202525854110718
lraa,7595,off,1705,2004,1,1,0.50244140625
lraa,7595,off,1706,2528,1,0,0.4990234673023224
lraa,7595,off,1707,2832,0,0,0.4612594544887543
lraa,7595,off,1708,1315,0,0,0.4965820908546448
lraa,7595,off,1709,1254,1,1,0.5236639380455017
lraa,7595,off,1710,1570,0,1,0.5508489608764648
lraa,7595,off,1711,578,0,0,0.489747554063797
lraa,7595,off,1712,2063,0,1,0.5034179091453552
lraa,7595,off,1713,16,1,1,0.5248817801475525
lraa,7595,off,1714,2246,0,0,0.49609383940696716
lraa,7595,off,1715,2823,0,0,0.4799911379814148
lraa,7595,off,1716,456,1,1,0.5740067958831787
lraa,7595,off,1717,1122,0,0,0.46368709206581116
lraa,7595,off,1718,831,0,0,0.4651445150375366
lraa,7595,off,1719,2156,1,1,0.5423785448074341
lraa,7595,off,1720,1702,1,1,0.6074303388595581
lraa,7595,off,1721,314,1,1,0.5214711427688599
lraa,7595,off,1722,195,0,0,0.4685474634170532
lraa,7595,off,1723,1936,1,1,0.5717068314552307
lraa,7595,off,1724,870,1,1,0.5513321757316589
lraa,7595,off,1725,2343,0,1,0.5329113602638245
lraa,7595,off,1726,272,1,1,0.5185462236404419
lraa,7595,off,1727,2251,1,1,0.5122045874595642
lraa,7595,off,1728,2021,1,1,0.5163516402244568
lraa,7595,off,1729,1491,1,1,0.5785077214241028
lraa,7595,off,1730,283,1,1,0.5136684775352478
lraa,7595,off,1731,2916,1,1,0.5204963088035583
lraa,7595,off,1732,1152,1,0,0.4985351264476776
lraa,7595,off,1733,1797,1,1,0.5471011400222778
lraa,7595,off,1734,2496,1,1,0.53946852684021
lraa,7595,off,1735,1200,0,0,0.4985351264476776
lraa,7595,off,1736,1157,1,1,0.5156199336051941
lraa,7595,off,1737,1561,1,1,0.5341265201568604
lraa,7595,off,1738,513,0,0,0.4863315522670746
lraa,7595,off,1739,6,1,1,0.5350984334945679
lraa,7595,off,1740,2119,1,1,0.5624168515205383
lraa,7595,off,1741,2627,1,1,0.5372841358184814
lraa,7595,off,1742,1615,0,0,0.4838923215866089
lraa,7595,off,1743,1127,1,1,0.5783290863037109
lraa,7595,off,1744,2612,0,1,0.50048828125
lraa,7595,off,1745,848,0,0,0.4916999638080597
lraa,7595,off,1746,2654,1,1,0.5009765625
lraa,7595,off,1747,2683,0,0,0.47487467527389526
lraa,7595,off,1748,430,1,1,0.5195213556289673
lraa,7595,off,1749,592,0,0,0.44854703545570374
lraa,7595,off,1750,1083,0,0,0.46976351737976074
lraa,7595,off,1751,2682,1,1,0.5183023810386658
lraa,7595,off,1752,139,0,0,0.46368709206581116
lraa,7595,off,1753,2560,1,1,0.5668579339981079
lraa,7595,off,1754,1581,1,1,0.5350984334945679
lraa,7595,off,1755,884,1,1,0.5698750615119934
lraa,7595,off,1756,1109,1,1,0.5102524757385254
lraa,7595,off,1757,2599,1,1,0.5207400918006897
lraa,7595,off,1758,649,1,1,0.5401962995529175
lraa,7595,off,1759,1355,1,1,0.5384978652000427
lraa,7595,off,1760,1371,1,1,0.5126925706863403
lraa,7595,off,1761,2188,1,1,0.5664982199668884
lraa,7595,off,1762,390,1,0,0.4926762878894806
lraa,7595,off,1763,1590,1,1,0.5830809473991394
lraa,7595,off,1764,1173,1,0,0.4926762878894806
lraa,7595,off,1765,517,1,1,0.5537466406822205
lraa,7595,off,1766,1646,1,1,0.5856344699859619
lraa,7595,off,1767,2664,0,0,0.47828513383865356
lraa,7595,off,1768,1703,1,1,0.5251253247261047
lraa,7595,off,1769,2655,1,1,0.5355842709541321
lraa,7595,off,1770,261,1,1,0.5209837555885315
lraa,7595,off,1771,907,1,1,0.5704509615898132
lraa,7595,off,1772,1101,1,1,0.526829719543457
lraa,7595,off,1773,298,1,1,0.5270731449127197
lraa,7595,off,1774,2854,0,0,0.4873073995113373
lraa,7595,off,1775,2319,0,0,0.4384244680404663
lraa,7595,off,1776,2787,1,1,0.5539879202842712
lraa,7595,off,1777,2019,0,0,0.46368709206581116
lraa,7595,off,1778,2623,0,0,0.4307458698749542
lraa,7595,off,1779,2551,1,1,0.5248817801475525
lraa,7595,off,1780,1414,1,1,0.5572430491447449
lraa,7595,off,1781,320,0,1,0.50244140625
lraa,7595,off,1782,824,1,1,0.5336405038833618
lraa,7595,off,1783,2825,0,0,0.47341373562812805
lraa,7595,off,1784,2223,1,1,0.547947883605957
lraa,7595,off,1785,841,1,1,0.5750511288642883
lraa,7595,off,1786,1567,1,1,0.6169357895851135
lraa,7595,off,1787,265,1,1,0.50048828125
lraa,7595,off,1788,548,0,1,0.5204963088035583
lraa,7595,off,1789,684,0,0,0.448788583278656
lraa,7595,off,1790,1992,0,0,0.4687906503677368
lraa,7595,off,1791,735,1,1,0.5720056891441345
lraa,7595,off,1792,2118,1,1,0.5329113602638245
lraa,7595,off,1793,872,1,1,0.6055658459663391
lraa,7595,off,1794,689,1,1,0.5380124449729919
lraa,7595,off,1795,1827,0,0,0.47609245777130127
lraa,7595,off,1796,189,0,1,0.5746335387229919
lraa,7595,off,1797,2837,1,1,0.5399537086486816
lraa,7595,off,1798,402,1,1,0.541166365146637
lraa,7595,off,1799,2138,1,1,0.5083000063896179
lraa,7595,off,1800,326,1,1,0.5681762099266052
lraa,7595,off,1801,2200,1,1,0.5372841358184814
lraa,7595,off,1802,1800,1,1,0.5992506742477417
lraa,7595,off,1803,318,1,1,0.524394690990448
lraa,7595,off,1804,1950,0,0,0.4739006757736206
lraa,7595,off,1805,1975,0,0,0.471466600894928
lraa,7595,off,1806,65,0,0,0.4685474634170532
lraa,7595,off,1807,2524,1,1,0.5353413224220276
lraa,7595,off,1808,1162,1,1,0.5644586086273193
lraa,7595,off,1809,94,0,0,0.4440825581550598
lraa,7595,off,1810,567,1,1,0.5768399834632874
lraa,7595,off,1811,2907,1,1,0.5688649415969849
lraa,7595,off,1812,1838,1,1,0.5855752229690552
lraa,7595,off,1813,2398,0,0,0.4627158045768738
lraa,7595,off,1814,1542,1,1,0.5603729486465454
lraa,7595,off,1815,1883,0,0,0.46101680397987366
lraa,7595,off,1816,2014,1,1,0.5583269596099854
lraa,7595,off,1817,2011,1,1,0.5911332964897156
lraa,7595,off,1818,1353,0,0,0.4902355968952179
lraa,7595,off,1819,640,1,1,0.5326682329177856
lraa,7595,off,1820,1495,1,1,0.5122045874595642
lraa,7595,off,1821,1418,1,0,0.4863315522670746
lraa,7595,off,1822,2675,1,1,0.50146484375
lraa,7595,off,1823,1868,1,0,0.4882833957672119
lraa,7595,off,1824,481,0,0,0.49218812584877014
lraa,7595,off,1825,394,1,1,0.5421361327171326
lraa,7595,off,1826,2771,0,0,0.4941408932209015
lraa,7595,off,1827,842,0,1,0.5582667589187622
lraa,7595,off,1828,489,1,1,0.5343695282936096
lraa,7595,off,1829,1999,1,1,0.523907482624054
lraa,7595,off,1830,1245,1,1,0.5733201503753662
lraa,7595,off,1831,187,0,0,0.4454089403152466
lraa,7595,off,1832,1126,1,1,0.5382551550865173
lraa,7595,off,1833,1416,1,1,0.50244140625
lraa,7595,off,1834,2203,1,1,0.547947883605957
lraa,7595,off,1835,2207,1,1,0.5457699298858643
lraa,7595,off,1836,1939,0,0,0.4975586235523224
lraa,7595,off,1837,1852,1,1,0.5256123542785645
lraa,7595,off,1838,1020,1,1,0.507323682308197
lraa,7595,off,1839,2543,0,0,0.4824291169643402
lraa,7595,off,1840,398,1,1,0.5553146600723267
lraa,7595,off,1841,213,0,0,0.49072372913360596
lraa,7595,off,1842,2213,1,0,0.45035937428474426
lraa,7595,off,1843,777,1,1,0.5275599360466003
lraa,7595,off,1844,2691,1,1,0.5401962995529175
lraa,7595,off,1845,2804,1,1,0.5506073832511902
lraa,7595,off,1846,1663,0,0,0.4824291169643402
lraa,7595,off,1847,1300,1,1,0.5316957235336304
lraa,7595,off,1848,268,1,1,0.5572731494903564
lraa,7595,off,1849,1292,0,0,0.4543510973453522
lraa,7595,off,1850,961,0,1,0.5762439370155334
lraa,7595,off,1851,2663,1,1,0.507323682308197
lraa,7595,off,1852,681,1,1,0.551211416721344
lraa,7595,off,1853,242,0,0,0.4814538359642029
lraa,7595,off,1854,2476,0,1,0.5083000063896179
lraa,7595,off,1855,1915,1,1,0.5068355202674866
lraa,7595,off,1856,630,0,0,0.4863315522670746
lraa,7595,off,1857,2899,1,1,0.5630176067352295
lraa,7595,off,1858,1290,0,0,0.4661164879798889
lraa,7595,off,1859,2608,0,0,0.4809662103652954
lraa,7595,off,1860,2805,1,1,0.5409238338470459
lraa,7595,off,1861,270,0,0,0.4792599678039551
lraa,7595,off,1862,2634,0,0,0.4995117485523224
lraa,7595,off,1863,2827,1,0,0.45750024914741516
lraa,7595,off,1864,674,1,1,0.5535053014755249
lraa,7595,off,1865,1884,1,1,0.5583269596099854
lraa,7595,off,1866,1380,0,0,0.4687906503677368
lraa,7595,off,1867,1498,1,1,0.5495197772979736
lraa,7595,off,1868,2889,1,1,0.5688350200653076
lraa,7595,off,1869,1291,1,1,0.5348554849624634
lraa,7595,off,1870,2515,0,0,0.48291680216789246
lraa,7595,off,1871,828,1,0,0.4965820908546448
lraa,7595,off,1872,1210,1,0,0.47219666838645935
lraa,7595,off,1873,15,1,1,0.50146484375
lraa,7595,off,1874,2222,1,1,0.5331543684005737
lraa,7595,off,1875,2154,0,0,0.4887714385986328
lraa,7595,off,1876,2773,0,0,0.498779296875
lraa,7595,off,1877,576,1,1,0.5380124449729919
lraa,7595,off,1878,228,1,1,0.5214711427688599
lraa,7595,off,1879,2894,1,1,0.5420149564743042
lraa,7595,off,1880,1486,1,1,0.5431056022644043
lraa,7595,off,1881,878,0,0,0.45592525601387024
lraa,7595,off,1882,1574,0,0,0.4909677803516388
lraa,7595,off,1883,964,0,0,0.4736572504043579
lraa,7595,off,1884,1006,1,1,0.5561585426330566
lraa,7595,off,1885,2826,1,1,0.52220219373703
lraa,7595,off,1886,1890,0,0,0.4624730348587036
lraa,7595,off,1887,2687,1,1,0.5699124932289124
lraa,7595,off,1888,608,1,1,0.5
lraa,7595,off,1889,1246,1,1,0.5467381477355957
lraa,7595,off,1890,779,1,1,0.5554351806640625
lraa,7595,off,1891,1912,0,0,0.47122323513031006
lraa,7595,off,1892,449,1,1,0.5195213556289673
lraa,7595,off,1893,1431,0,1,0.50048828125
lraa,7595,off,1894,395,1,0,0.4887714385986328
lraa,7595,off,1895,1149,0,0,0.47706687450408936
lraa,7595,off,1896,346,1,1,0.5063472986221313
lraa,7595,off,1897,893,1,1,0.5421967506408691
lraa,7595,off,1898,1630,1,1,0.5592900514602661
lraa,7595,off,1899,749,0,1,0.5039061903953552
lraa,7595,off,1900,1338,0,0,0.4887714385986328
lraa,7595,off,1901,1945,1,1,0.5165954232215881
lraa,7595,off,1902,1209,0,0,0.4685474634170532
lraa,7595,off,1903,2830,1,1,0.5406813025474548
lraa,7595,off,1904,2740,0,0,0.4639299511909485
lraa,7595,off,1905,303,0,0,0.46465864777565
lraa,7595,off,1906,289,1,1,0.5214711427688599
lraa,7595,off,1907,1111,0,0,0.47950369119644165
lraa,7595,off,1908,738,1,1,0.5491570830345154
lraa,7595,off,1909,1415,1,1,0.5521775484085083
lraa,7595,off,1910,2519,0,0,0.48681947588920593
lraa,7595,off,1911,2709,0,0,0.469033807516098
lraa,7595,off,1912,734,1,1,0.5401962995529175
lraa,7595,off,1913,2744,1,1,0.5358271598815918
lraa,7595,off,1914,2422,0,0,0.489747554063797
lraa,7595,off,1915,2817,1,1,0.5380124449729919
lraa,7595,off,1916,159,0,0,0.4831606447696686
lraa,7595,off,1917,286,1,1,0.50048828125
lraa,7595,off,1918,2205,1,1,0.562056303024292
lraa,7595,off,1919,1530,1,1,0.5178147554397583
lraa,7595,off,1920,98,1,1,0.5467381477355957
lraa,7595,off,1921,964,1,1,0.5278033018112183
lraa,7595,off,1922,361,1,1,0.5260992646217346
lraa,7595,off,1923,1579,1,0,0.4882833957672119
lraa,7595,off,1924,2484,0,1,0.5009765625
lraa,7595,off,1925,342,0,0,0.498046875
lraa,7595,off,1926,2761,1,1,0.5746633410453796
lraa,7595,off,1927,357,1,1,0.5467381477355957
lraa,7595,off,1928,2005,1,1,0.5635881423950195
lraa,7595,off,1929,1406,1,1,0.5329113602638245
lraa,7595,off,1930,2710,1,1,0.5343695282936096
lraa,7595,off,1931,1143,0,0,0.46660253405570984
lraa,7595,off,1932,691,0,0,0.4484263062477112
lraa,7595,off,1933,240,1,1,0.5522982478141785
lraa,7595,off,1934,254,1,1,0.5637382864952087
lraa,7595,off,1935,1169,1,1,0.6081287264823914
lraa,7595,off,1936,1997,1,1,0.5207400918006897
lraa,7595,off,1937,395,0,0,0.49218812584877014
lraa,7595,off,1938,2929,0,0,0.48267295956611633
lraa,7595,off,1939,1577,0,0,0.4624730348587036
lraa,7595,off,1940,2732,0,0,0.4594399034976959
lraa,7595,off,1941,87,1,1,0.5097643733024597
lraa,7595,off,1942,2279,0,0,0.4843800961971283
lraa,7595,off,1943,1470,1,1,0.5156199336051941
lraa,7595,off,1944,21,0,0,0.45011764764785767
lraa,7595,off,1945,1998,0,0,0.4685474634170532
lraa,7595,off,1946,1224,0,0,0.4973145127296448
lraa,7595,off,1947,2678,1,1,0.5190337300300598
lraa,7595,off,1948,2318,0,1,0.501953125
lraa,7595,off,1949,672,0,1,0.5544704794883728
lraa,7595,off,1950,1893,0,0,0.46174484491348267
lraa,7595,off,1951,787,1,0,0.49560558795928955
lraa,7595,off,1952,1710,1,1,0.5516945123672485
lraa,7595,off,1953,1229,0,0,0.48559969663619995
lraa,7595,off,1954,2524,1,1,0.5630176067352295
lraa,7595,off,1955,278,0,0,0.47950369119644165
lraa,7595,off,1956,673,0,0,0.4530198872089386
lraa,7595,off,1957,2122,0,0,0.4946291148662567
lraa,7595,off,1958,1368,1,1,0.5282900333404541
lraa,7595,off,1959,2070,0,0,0.498779296875
lraa,7595,off,1960,1243,1,1,0.5399537086486816
lraa,7595,off,1961,2056,0,0,0.46660253405570984
lraa,7595,off,1962,717,1,1,0.5009765625
lraa,7595,off,1963,1538,1,1,0.5165954232215881
lraa,7595,off,1964,2044,1,1,0.5679665207862854
lraa,7595,off,1965,1632,0,1,0.5265862345695496
lraa,7595,off,1966,1080,1,1,0.5087881684303284
lraa,7595,off,1967,2155,1,1,0.5
lraa,7595,off,1968,1004,0,1,0.5702117085456848
lraa,7595,off,1969,2351,1,1,0.5638583302497864
lraa,7595,off,1970,714,0,0,0.454714298248291
lraa,7595,off,1971,400,0,0,0.498046875
lraa,7595,off,1972,1260,1,1,0.5740664601325989
lraa,7595,off,1973,2458,0,0,0.47682327032089233
lraa,7595,off,1974,1960,1,1,0.5460120439529419
lraa,7595,off,1975,1140,1,1,0.5265862345695496
lraa,7595,off,1976,1056,0,0,0.4508429169654846
lraa,7595,off,1977,2423,1,1,0.5146442651748657
lraa,7595,off,1978,1120,1,1,0.5348554849624634
lraa,7595,off,1979,188,1,1,0.5175709128379822
lraa,7595,off,1980,1388,0,0,0.4680611491203308
lraa,7595,off,1981,1164,0,0,0.47804147005081177
lraa,7595,off,1982,806,1,1,0.5643985867500305
lraa,7595,off,1983,2190,1,1,0.553022563457489
lraa,7595,off,1984,2074,1,0,0.49365267157554626
lraa,7595,off,1985,487,0,0,0.4627158045768738
lraa,7595,off,1986,199,0,0,0.49609383940696716
lraa,7595,off,1987,2234,1,1,0.5246382355690002
lraa,7595,off,1988,1093,1,1,0.502685546875
lraa,7595,off,1989,2324,1,1,0.543832540512085
lraa,7595,off,1990,1175,0,0,0.4834045171737671
lraa,7595,off,1991,659,1,1,0.587824821472168
lraa,7595,off,1992,1948,0,0,0.4632014334201813
lraa,7595,off,1993,2209,1,1,0.5723642706871033
lraa,7595,off,1994,1605,1,1,0.5372841358184814
lraa,7595,off,1995,2749,0,0,0.4746311902999878
lraa,7595,off,1996,1493,1,1,0.5358271598815918
lraa,7595,off,1997,1165,0,0,0.4695202708244324
lraa,7595,off,1998,1622,1,1,0.5299932360649109
lraa,7595,off,1999,2028,0,0,0.4995117485523224
lraa,7595,off,2000,62,0,0,0.475848913192749
lraa,7595,off,2001,871,1,1,0.509276270866394
lraa,7595,off,2002,632,1,1,0.5370413661003113
lraa,7595,off,2003,372,1,1,0.5945512652397156
lraa,7595,off,2004,2308,0,0,0.48681947588920593
lraa,7595,off,2005,1791,1,1,0.5428633093833923
lraa,7595,off,2006,599,1,1,0.5539879202842712
lraa,7595,off,2007,2815,1,1,0.5638883113861084
lraa,7595,off,2008,2701,0,0,0.4717099368572235
lraa,7595,off,2009,238,1,1,0.5226894617080688
lraa,7595,off,2010,1008,0,0,0.4887714385986328
lraa,7595,off,2011,2151,1,1,0.5324251055717468
lraa,7595,off,2012,894,1,1,0.5749915242195129
lraa,7595,off,2013,1535,1,1,0.5170831680297852
lraa,7595,off,2014,2305,1,1,0.523907482624054
lraa,7595,off,2015,1848,0,1,0.5229331254959106
lraa,7595,off,2016,963,1,1,0.5460120439529419
lraa,7595,off,2017,2772,1,1,0.557303249835968
lraa,7595,off,2018,1275,1,1,0.5187900066375732
lraa,7595,off,2019,190,1,1,0.5556763410568237
lraa,7595,off,2020,1961,1,1,0.557002067565918
lraa,7595,off,2021,719,0,0,0.4843800961971283
lraa,7595,off,2022,1895,0,0,0.45519861578941345
lraa,7595,off,2023,2491,0,0,0.4951173663139343
lraa,7595,off,2024,1334,0,0,0.4873073995113373
lraa,7595,off,2025,1011,1,1,0.5624168515205383
lraa,7595,off,2026,2743,0,0,0.4509637951850891
lraa,7595,off,2027,205,1,1,0.6095241904258728
lraa,7595,off,2028,1891,1,1,0.5524189472198486
lraa,7595,off,2029,2272,1,1,0.5141563415527344
lraa,7595,off,2030,255,1,1,0.501953125
lraa,7595,off,2031,1830,1,1,0.5406813025474548
lraa,7595,off,2032,120,0,0,0.4393864870071411
lraa,7595,off,2033,2312,1,1,0.6329566240310669
lraa,7595,off,2034,1634,1,1,0.543347954750061
lraa,7595,off,2035,590,1,1,0.6281793713569641
lraa,7595,off,2036,2786,1,1,0.5506073832511902
lraa,7595,off,2037,2116,1,1,0.5350984334945679
lraa,7595,off,2038,1481,1,0,0.47414419054985046
lraa,7595,off,2039,1119,1,1,0.5899525880813599
lraa,7595,off,2040,671,1,1,0.594904363155365
lraa,7595,off,2041,2749,0,0,0.46660253405570984
lraa,7595,off,2042,1864,1,1,0.5
lraa,7595,off,2043,600,0,0,0.4433594048023224
lraa,7595,off,2044,169,1,1,0.5554351806640625
lraa,7595,off,2045,1115,0,0,0.44794324040412903
lraa,7595,off,2046,2737,1,1,0.5426208972930908
lraa,7595,off,2047,2813,1,1,0.5117166042327881
lraa,7595,off,2048,601,1,1,0.5545910596847534
lraa,7595,off,2049,104,1,1,0.5224458575248718
lraa,7595,off,2050,2887,0,0,0.4824291169643402
lraa,7595,off,2051,1606,1,1,0.5212274789810181
lraa,7595,off,2052,645,0,1,0.5148881673812866
lraa,7595,off,2053,117,1,1,0.5513321757316589
lraa,7595,off,2054,1171,1,1,0.5302364826202393
lraa,7595,off,2055,1529,1,1,0.543347954750061
lraa,7595,off,2056,927,0,0,0.4632014334201813
lraa,7595,off,2057,471,1,1,0.5750064253807068
lraa,7595,off,2058,1248,1,1,0.5034179091453552
lraa,7595,off,2059,680,0,0,0.45956116914749146
lraa,7595,off,2060,1196,0,0,0.4965820908546448
lraa,7595,off,2061,1751,0,0,0.489747554063797
lraa,7595,off,2062,2727,1,1,0.5377697348594666
lraa,7595,off,2063,2362,0,0,0.49609383940696716
lraa,7595,off,2064,1591,1,1,0.5146442651748657
lraa,7595,off,2065,2002,1,1,0.5343695282936096
lraa,7595,off,2066,531,1,1,0.5665581822395325
lraa,7595,off,2067,167,1,1,0.5624168515205383
lraa,7595,off,2068,1719,1,1,0.500732421875
lraa,7595,off,2069,2814,0,0,0.4736572504043579
lraa,7595,off,2070,53,1,1,0.5925487279891968
lraa,7595,off,2071,2283,0,0,0.4522939622402191
lraa,7595,off,2072,2474,0,0,0.4280989170074463
lraa,7595,off,2073,2490,0,1,0.5043944120407104
lraa,7595,off,2074,2302,1,1,0.5117166042327881
lraa,7595,off,2075,478,0,0,0.46830424666404724
lraa,7595,off,2076,2402,1,0,0.4941408932209015
lraa,7595,off,2077,1447,0,1,0.5357056856155396
lraa,7595,off,2078,2412,1,1,0.5365557670593262
lraa,7595,off,2079,1786,1,0,0.4809662103652954
lraa,7595,off,2080,2463,1,1,0.5
lraa,7595,off,2081,41,1,1,0.5937270522117615
lraa,7595,off,2082,2669,1,1,0.5180585384368896
lraa,7595,off,2083,2046,0,1,0.5043944120407104
lraa,7595,off,2084,832,1,1,0.5671576261520386
lraa,7595,off,2085,607,0,0,0.4252471625804901
lraa,7595,off,2086,2295,0,0,0.4472188651561737
lraa,7595,off,2087,88,0,0,0.47755417227745056
lraa,7595,off,2088,2517,0,0,0.48291680216789246
lraa,7595,off,2089,2509,1,1,0.5496405959129333
lraa,7595,off,2090,1306,0,1,0.50244140625
lraa,7595,off,2091,2075,1,1,0.5460120439529419
lraa,7595,off,2092,967,1,1,0.5107405185699463
lraa,7595,off,2093,2363,0,1,0.5502448678016663
lraa,7595,off,2094,152,1,1,0.5469801425933838
lraa,7595,off,2095,10,0,0,0.45786383748054504
lraa,7595,off,2096,1619,1,1,0.5197650790214539
lraa,7595,off,2097,1541,1,1,0.5360700488090515
lraa,7595,off,2098,1749,1,1,0.5685356259346008
lraa,7595,off,2099,2797,1,1,0.5273165106773376
lraa,7595,off,2100,2841,1,1,0.5811842083930969
lraa,7595,off,2101,1562,1,1,0.584019124507904
lraa,7595,off,2102,829,0,0,0.4926762878894806
lraa,7595,off,2103,1734,0,1,0.5214711427688599
lraa,7595,off,2104,1725,1,1,0.50146484375
lraa,7595,off,2105,1961,1,1,0.5126925706863403
lraa,7595,off,2106,2469,1,1,0.5350984334945679
lraa,7595,off,2107,2468,0,0,0.45241495966911316
lraa,7595,off,2108,875,0,0,0.47268345952033997
lraa,7595,off,2109,1910,1,1,0.5525397062301636
lraa,7595,off,2110,730,1,1,0.5886526703834534
lraa,7595,off,2111,231,1,1,0.5214711427688599
lraa,7595,off,2112,1808,0,0,0.498046875
lraa,7595,off,2113,849,1,1,0.5941392183303833
lraa,7595,off,2114,1793,0,0,0.46490156650543213
lraa,7595,off,2115,2165,0,0,0.4926762878894806
lraa,7595,off,2116,2657,1,1,0.5202525854110718
lraa,7595,off,2117,1271,1,1,0.501953125
lraa,7595,off,2118,276,1,1,0.5714078545570374
lraa,7595,off,2119,2881,0,1,0.5029296278953552
lraa,7595,off,2120,1142,0,0,0.45713675022125244
lraa,7595,off,2121,2303,1,1,0.5645186305046082
lraa,7595,off,2122,2452,1,1,0.5484316945075989
lraa,7595,off,2123,782,0,1,0.5117166042327881
lraa,7595,off,2124,574,1,1,0.5122045874595642
lraa,7595,off,2125,546,1,1,0.5338835716247559
lraa,7595,off,2126,970,1,0,0.4990234673023224
lraa,7595,off,2127,2650,0,0,0.45423004031181335
lraa,7595,off,2128,74,1,1,0.5976078510284424
lraa,7595,off,2129,103,1,1,0.5180585384368896
lraa,7595,off,2130,2728,0,0,0.4804786741733551
lraa,7595,off,2131,1911,0,0,0.4882833957672119
lraa,7595,off,2132,2293,1,1,0.5380124449729919
lraa,7595,off,2133,2559,1,1,0.5319388508796692
lraa,7595,off,2134,234,1,1,0.5450435876846313
lraa,7595,off,2135,2572,1,1,0.5859306454658508
lraa,7595,off,2136,83,0,0,0.489747554063797
lraa,7595,off,2137,861,1,1,0.550365686416626
lraa,7595,off,2138,333,0,0,0.4644157290458679
lraa,7595,off,2139,1444,1,1,0.5496405959129333
lraa,7595,off,2140,2032,1,1,0.555194079875946
lraa,7595,off,2141,1992,0,0,0.4843800961971283
lraa,7595,off,2142,2455,1,1,0.543832540512085
lraa,7595,off,2143,627,0,0,0.46490156650543213
lraa,7595,off,2144,2824,0,0,0.4873073995113373
lraa,7595,off,2145,2452,1,1,0.5706005692481995
lraa,7595,off,2146,930,0,0,0.489747554063797
lraa,7595,off,2147,1335,0,0,0.4656304717063904
lraa,7595,off,2148,1595,1,1,0.5554351806640625
lraa,7595,off,2149,2158,0,1,0.5326682329177856
lraa,7595,off,2150,1117,0,0,0.4892594516277313
lraa,7595,off,2151,748,1,0,0.47828513383865356
lraa,7595,off,2152,17,1,1,0.5520567893981934
lraa,7595,off,2153,29,1,1,0.5200088620185852
lraa,7595,off,2154,1202,1,1,0.5219584703445435
lraa,7595,off,2155,1823,0,0,0.4668456017971039
lraa,7595,off,2156,733,1,1,0.5180585384368896
lraa,7595,off,2157,553,0,0,0.4480639696121216
lraa,7595,off,2158,726,1,0,0.4834045171737671
lraa,7595,off,2159,2435,1,1,0.5231767296791077
lraa,7595,off,2160,2488,0,0,0.4916999638080597
lraa,7595,off,2161,2549,0,0,0.454714298248291
lraa,7595,off,2162,318,1,1,0.5563995838165283
lraa,7595,off,2163,515,1,1,0.5336405038833618
lraa,7595,off,2164,2176,0,0,0.46198752522468567
lraa,7595,off,2165,2681,1,1,0.5043944120407104
lraa,7595,off,2166,1583,1,1,0.5869002342224121
lraa,7595,off,2167,389,0,0,0.4877953827381134
lraa,7595,off,2168,446,0,0,0.48535576462745667
lraa,7595,off,2169,1908,0,0,0.4634442627429962
lraa,7595,off,2170,1195,0,0,0.47852882742881775
lraa,7595,off,2171,2107,0,1,0.5161076784133911
lraa,7595,off,2172,1700,1,1,0.5568816065788269
lraa,7595,off,2173,286,0,0,0.4719533324241638
lraa,7595,off,2174,1148,0,0,0.49560558795928955
lraa,7595,off,2175,1153,0,0,0.4717099368572235
lraa,7595,off,2176,2375,0,0,0.45665207505226135
lraa,7595,off,2177,590,1,1,0.6258955001831055
lraa,7595,off,2178,1225,0,0,0.4843800961971283
lraa,7595,off,2179,2725,0,0,0.47755417227745056
lraa,7595,off,2180,440,1,1,0.578879714012146
lraa,7595,off,2181,1188,1,1,0.5610945224761963
lraa,7595,off,2182,392,1,1,0.5606135129928589
lraa,7595,off,2183,479,0,0,0.4568943679332733
lraa,7595,off,2184,1907,0,0,0.4946291148662567
lraa,7595,off,2185,1197,1,1,0.50146484375
lraa,7595,off,2186,1157,1,1,0.5253688097000122
lraa,7595,off,2187,1592,1,1,0.5582065582275391
lraa,7595,off,2188,1014,1,1,0.5636181831359863
lraa,7595,off,2189,885,1,1,0.5273165106773376
lraa,7595,off,2190,936,1,1,0.5723044872283936
lraa,7595,off,2191,1323,0,0,0.4792599678039551
lraa,7595,off,2192,1450,1,1,0.5544704794883728
lraa,7595,off,2193,1618,1,1,0.532181978225708
lraa,7595,off,2194,2394,1,1,0.5797898769378662
lraa,7595,off,2195,2636,0,0,0.4965820908546448
lraa,7595,off,2196,2105,1,1,0.6011253595352173
lraa,7595,off,2197,1810,0,0,0.4787725508213043
lraa,7595,off,2198,1434,1,1,0.545285701751709
lraa,7595,off,2199,774,0,0,0.44903022050857544
lraa,7595,off,2200,909,1,1,0.5474640727043152
lraa,7595,off,2201,977,1,1,0.5888891220092773
lraa,7595,off,2202,1386,0,0,0.47706687450408936
lraa,7595,off,2203,2567,1,1,0.5053709149360657
lraa,7595,off,2204,365,0,0,0.46976351737976074
lraa,7595,off,2205,1332,0,0,0.4941408932209015
lraa,7595,off,2206,2220,1,1,0.5547116994857788
lraa,7595,off,2207,1189,1,1,0.5287767648696899
lraa,7595,off,2208,329,0,1,0.5009765625
lraa,7595,off,2209,1828,1,1,0.5161076784133911
lraa,7595,off,2210,1995,0,1,0.5034179091453552
lraa,7595,off,2211,427,1,1,0.574648380279541
lraa,7595,off,2212,606,1,1,0.5519359707832336
lraa,7595,off,2213,965,1,1,0.5185462236404419
lraa,7595,off,2214,2596,0,0,0.47706687450408936
lraa,7595,off,2215,976,1,1,0.5185462236404419
lraa,7595,off,2216,2778,0,0,0.4902355968952179
lraa,7595,off,2217,323,0,0,0.4941408932209015
lraa,7595,off,2218,106,1,1,0.5493988394737244
lraa,7595,off,2219,2605,0,0,0.4717099368572235
lraa,7595,off,2220,169,1,1,0.5752599835395813
lraa,7595,off,2221,1452,0,0,0.4873073995113373
lraa,7595,off,2222,1232,1,1,0.5798168182373047
lraa,7595,off,2223,2780,0,0,0.4951173663139343
lraa,7595,off,2224,64,1,1,0.5525397062301636
lraa,7595,off,2225,2546,1,1,0.5598917007446289
lraa,7595,off,2226,2332,1,1,0.5651187300682068
lraa,7595,off,2227,566,0,0,0.4902355968952179
lraa,7595,off,2228,2594,1,1,0.5156199336051941
lraa,7595,off,2229,527,1,1,0.530722975730896
lraa,7595,off,2230,589,1,1,0.5732603669166565
lraa,7595,off,2231,2670,0,0,0.46368709206581116
lraa,7595,off,2232,1294,0,1,0.5570773482322693
lraa,7595,off,2233,1996,0,0,0.47950369119644165
lraa,7595,off,2234,765,1,1,0.5484316945075989
lraa,7595,off,2235,212,0,1,0.5472221374511719
lraa,7595,off,2236,2617,0,0,0.4951173663139343
lraa,7595,off,2237,1158,1,1,0.5324251055717468
lraa,7595,off,2238,1586,1,1,0.5034179091453552
lraa,7595,off,2239,1765,1,1,0.5353413224220276
lraa,7595,off,2240,2150,0,0,0.4644157290458679
lraa,7595,off,2241,453,1,1,0.5857529640197754
lraa,7595,off,2242,2249,0,0,0.4763360321521759
lraa,7595,off,2243,2769,1,1,0.5739619731903076
lraa,7595,off,2244,709,1,1,0.5578453540802002
lraa,7595,off,2245,2554,0,0,0.4522939622402191
lraa,7595,off,2246,17,1,1,0.5348554849624634
lraa,7595,off,2247,2238,1,1,0.5197650790214539
lraa,7595,off,2248,397,1,1,0.5282900333404541
lraa,7595,off,2249,2865,1,1,0.5842174291610718
lraa,7595,off,2250,1954,1,1,0.5567610859870911
lraa,7595,off,2251,1610,0,0,0.475848913192749
lraa,7595,off,2252,56,1,1,0.5775549411773682
lraa,7595,off,2253,585,1,1,0.5097643733024597
lraa,7595,off,2254,1982,1,1,0.5440747737884521
lraa,7595,off,2255,1099,1,1,0.5544704794883728
lraa,7595,off,2256,1071,1,1,0.5131805539131165
lraa,7595,off,2257,1989,1,1,0.5343695282936096
lraa,7595,off,2258,1773,0,0,0.4717099368572235
lraa,7595,off,2259,773,1,1,0.5282900333404541
lraa,7595,off,2260,996,1,1,0.5675621032714844
lraa,7595,off,2261,1818,0,0,0.45338284969329834
lraa,7595,off,2262,752,0,0,0.4799911379814148
lraa,7595,off,2263,2258,1,1,0.5136684775352478
lraa,7595,off,2264,367,0,0,0.432228147983551
lraa,7595,off,2265,826,0,0,0.46174484491348267
lraa,7595,off,2266,580,1,1,0.5375269651412964
lraa,7595,off,2267,1741,0,0,0.46004629135131836
lraa,7595,off,2268,2353,1,1,0.543832540512085
lraa,7595,off,2269,2123,1,1,0.5263427495956421
lraa,7595,off,2270,1788,1,1,0.528533399105072
lraa,7595,off,2271,2539,1,1,0.5156199336051941
lraa,7595,off,2272,604,0,0,0.47219666838645935
lraa,7595,off,2273,1028,0,0,0.48584359884262085
lraa,7595,off,2274,2853,1,1,0.5163516402244568
lraa,7595,off,2275,1073,0,0,0.489747554063797
lraa,7595,off,2276,2550,0,0,0.45132651925086975
lraa,7595,off,2277,173,0,0,0.4814538359642029
lraa,7595,off,2278,2591,1,1,0.5275599360466003
lraa,7595,off,2279,1554,1,0,0.4675748944282532
lraa,7595,off,2280,40,0,0,0.48535576462745667
lraa,7595,off,2281,1715,0,0,0.4887714385986328
lraa,7595,off,2282,1438,0,0,0.4602889120578766
lraa,7595,off,2283,2373,0,0,0.46490156650543213
lraa,7595,off,2284,424,1,1,0.5029296278953552
lraa,7595,off,2285,2138,1,1,0.5302364826202393
lraa,7595,off,2286,1820,1,1,0.5457699298858643
lraa,7595,off,2287,2483,1,1,0.5097643733024597
lraa,7595,off,2288,1477,0,0,0.48584359884262085
lraa,7595,off,2289,631,0,0,0.4926762878894806
lraa,7595,off,2290,298,1,1,0.5314525961875916
lraa,7595,off,2291,2369,0,0,0.49609383940696716
lraa,7595,off,2292,14,1,1,0.5888448357582092
lraa,7595,off,2293,1621,1,1,0.5450435876846313
lraa,7595,off,2294,1040,1,0,0.4685474634170532
lraa,7595,off,2295,1478,1,1,0.528533399105072
lraa,7595,off,2296,1241,0,0,0.45544081926345825
lraa,7595,off,2297,561,1,1,0.5673373937606812
lraa,7595,off,2298,1653,1,1,0.5443170070648193
lraa,7595,off,2299,2066,0,0,0.47244006395339966
lraa,7595,off,2300,49,0,0,0.4863315522670746
lraa,7595,off,2301,345,1,1,0.50146484375
lraa,7595,off,2302,888,1,1,0.5455278754234314
lraa,7595,off,2303,390,1,0,0.4926762878894806
lraa,7595,off,2304,1302,1,1,0.5175709128379822
lraa,7595,off,2305,1305,1,1,0.5384978652000427
lraa,7595,off,2306,2765,1,1,0.5708173513412476
lraa,7595,off,2307,197,0,0,0.47779783606529236
lraa,7595,off,2308,670,0,0,0.48755139112472534
lraa,7595,off,2309,629,0,0,0.48584359884262085
lraa,7595,off,2310,782,0,1,0.5043944120407104
lraa,7595,off,2311,2356,0,0,0.4902355968952179
lraa,7595,off,2312,2609,1,1,0.5640384554862976
lraa,7595,off,2313,2142,1,1,0.5295066833496094
lraa,7595,off,2314,1636,1,1,0.5704285502433777
lraa,7595,off,2315,1390,1,1,0.5263427495956421
lraa,7595,off,2316,2755,0,0,0.44287747144699097
lraa,7595,off,2317,637,0,0,0.49609383940696716
lraa,7595,off,2318,1928,1,1,0.5161076784133911
lraa,7595,off,2319,1219,0,0,0.46733176708221436
lraa,7595,off,2320,196,0,0,0.4481847286224365
lraa,7595,off,2321,183,0,0,0.4834045171737671
lraa,7595,off,2322,540,0,0,0.4843800961971283
lraa,7595,off,2323,1698,1,0,0.4965820908546448
lraa,7595,off,2324,2856,1,1,0.5248817801475525
lraa,7595,off,2325,2638,1,1,0.5146442651748657
lraa,7595,off,2326,44,1,1,0.5409238338470459
lraa,7595,off,2327,575,0,0,0.4848679304122925
lraa,7595,off,2328,1316,0,0,0.46635952591896057
lraa,7595,off,2329,692,1,1,0.5102524757385254
lraa,7595,off,2330,781,1,1,0.5409238338470459
lraa,7595,off,2331,2661,0,0,0.41448405385017395
lraa,7595,off,2332,2611,1,1,0.58009934425354
lraa,7595,off,2333,2505,0,1,0.5747230052947998
lraa,7595,off,2334,415,0,0,0.46587347984313965
lraa,7595,off,2335,2858,1,1,0.5816892981529236
lraa,7595,off,2336,1259,0,0,0.45556190609931946
lraa,7595,off,2337,2464,1,0,0.4995117485523224
lraa,7595,off,2338,1287,0,0,0.4790162444114685
lraa,7595,off,2339,2733,0,0,0.47341373562812805
lraa,7595,off,2340,2874,1,1,0.543347954750061
lraa,7595,off,2341,2782,0,0,0.44137200713157654
lraa,7595,off,2342,1000,0,0,0.4931644797325134
lraa,7595,off,2343,2137,1,1,0.545285701751709
lraa,7595,off,2344,710,1,1,0.5731857419013977
lraa,7595,off,2345,1958,0,1,0.5263427495956421
lraa,7595,off,2346,2762,1,1,0.5282900333404541
lraa,7595,off,2347,47,1,1,0.5246382355690002
lraa,7595,off,2348,315,1,1,0.5687152743339539
lraa,7595,off,2349,902,0,1,0.5053709149360657
lraa,7595,off,2350,2807,1,1,0.557002067565918
lraa,7595,off,2351,2267,1,1,0.5539879202842712
lraa,7595,off,2352,1089,0,0,0.4804786741733551
lraa,7595,off,2353,1049,0,1,0.5097643733024597
lraa,7595,off,2354,1943,0,0,0.49560558795928955
lraa,7595,off,2355,330,1,1,0.5278033018112183
lraa,7595,off,2356,2721,1,1,0.5287767648696899
lraa,7595,off,2357,1987,1,1,0.5304797887802124
lraa,7595,off,2358,1388,1,1,0.5117166042327881
lraa,7595,off,2359,1930,0,0,0.46004629135131836
lraa,7595,off,2360,182,1,1,0.5248817801475525
lraa,7595,off,2361,2927,0,0,0.47122323513031006
lraa,7595,off,2362,2112,0,0,0.48267295956611633
lraa,7595,off,2363,2653,0,0,0.4824291169643402
lraa,7595,off,2364,1433,1,1,0.5652987360954285
lraa,7595,off,2365,76,1,1,0.5387405753135681
lraa,7595,off,2366,239,1,1,0.5336405038833618
lraa,7595,off,2367,400,0,0,0.4951173663139343
lraa,7595,off,2368,2852,1,1,0.5783886313438416
lraa,7595,off,2369,2800,1,1,0.5204963088035583
lraa,7595,off,2370,2452,1,1,0.5687751173973083
lraa,7595,off,2371,993,1,1,0.5543498396873474
lraa,7595,off,2372,19,1,1,0.5495197772979736
lraa,7595,off,2373,1712,1,0,0.4678179919719696
lraa,7595,off,2374,1471,1,1,0.5704509615898132
lraa,7595,off,2375,2386,1,1,0.5183023810386658
lraa,7595,off,2376,2160,1,1,0.5136684775352478
lraa,7595,off,2377,1199,1,1,0.5533846020698547
lraa,7595,off,2378,291,1,1,0.550365686416626
lraa,7595,off,2379,1912,0,0,0.47414419054985046
lraa,7595,off,2380,501,1,1,0.5609742999076843
lraa,7595,off,2381,256,1,0,0.49609383940696716
lraa,7595,off,2382,1855,1,0,0.49072372913360596
lraa,7595,off,2383,755,0,0,0.4946291148662567
lraa,7595,off,2384,1439,1,1,0.5153759717941284
lraa,7595,off,2385,2099,0,0,0.4739006757736206
lraa,7595,off,2386,1851,1,1,0.6233768463134766
lraa,7595,off,2387,2329,0,0,0.4797474145889282
lraa,7595,off,2388,1896,1,1,0.5195213556289673
lraa,7595,off,2389,1266,0,1,0.5100083947181702
lraa,7595,off,2390,2102,0,0,0.4834045171737671
lraa,7595,off,2391,134,1,1,0.5708098411560059
lraa,7595,off,2392,2812,1,1,0.6017106175422668
lraa,7595,off,2393,2293,1,1,0.5358271598815918
lraa,7595,off,2394,1760,1,1,0.5460120439529419
lraa,7595,off,2395,525,1,1,0.5156199336051941
lraa,7595,off,2396,1223,1,1,0.5192775726318359
lraa,7595,off,2397,2570,1,1,0.5336405038833618
lraa,7595,off,2398,2803,1,1,0.5562790632247925
lraa,7595,off,2399,2411,1,1,0.5365557670593262
lraa,7595,off,2400,910,0,1,0.5333974361419678
lraa,7595,off,2401,155,1,1,0.5309661626815796
lraa,7595,off,2402,703,0,0,0.4970703423023224
lraa,7595,off,2403,274,1,1,0.5657786130905151
lraa,7595,off,2404,413,1,0,0.4965820908546448
lraa,7595,off,2405,280,1,1,0.5009765625
lraa,7595,off,2406,300,1,1,0.5102524757385254
lraa,7595,off,2407,206,1,1,0.5053709149360657
lraa,7595,off,2408,534,1,1,0.5380124449729919
lraa,7595,off,2409,269,1,1,0.5058591365814209
lraa,7595,off,2410,808,1,1,0.5487943887710571
lraa,7595,off,2411,1319,0,0,0.49365267157554626
lraa,7595,off,2412,1247,0,1,0.5380124449729919
lraa,7595,off,2413,1593,1,1,0.5224458575248718
lraa,7595,off,2414,747,0,0,0.47852882742881775
lraa,7595,off,2415,2821,1,0,0.498046875
lraa,7595,off,2416,2195,1,1,0.5457699298858643
lraa,7595,off,2417,2936,0,0,0.49365267157554626
lraa,7595,off,2418,852,1,1,0.576683521270752
lraa,7595,off,2419,2038,1,1,0.5200088620185852
lraa,7595,off,2420,612,0,0,0.48194143176078796
lraa,7595,off,2421,1794,1,1,0.5561585426330566
lraa,7595,off,2422,1531,1,1,0.5053709149360657
lraa,7595,off,2423,2501,1,1,0.607313871383667
lraa,7595,off,2424,2059,1,1,0.5178147554397583
lraa,7595,off,2425,116,0,0,0.4931644797325134
lraa,7595,off,2426,1376,1,1,0.5462540984153748
lraa,7595,off,2427,145,1,1,0.541166365146637
lraa,7595,off,2428,1833,1,1,0.5253688097000122
lraa,7595,off,2429,679,1,1,0.5316957235336304
lraa,7595,off,2430,162,0,0,0.4739006757736206
lraa,7595,off,2431,172,1,1,0.5287767648696899
lraa,7595,off,2432,1584,0,0,0.42990800738334656
lraa,7595,off,2433,975,0,0,0.4440825581550598
lraa,7595,off,2434,874,1,1,0.5491570830345154
lraa,7595,off,2435,434,0,0,0.49560558795928955
lraa,7595,off,2436,63,1,1,0.5531432628631592
lraa,7595,off,2437,1227,1,1,0.5761246681213379
lraa,7595,off,2438,984,0,0,0.4990234673023224
lraa,7595,off,2439,794,0,0,0.47779783606529236
lraa,7595,off,2440,1043,0,1,0.509276270866394
lraa,7595,off,2441,1097,0,0,0.44709816575050354
lraa,7595,off,2442,753,1,1,0.5234203934669495
lraa,7595,off,2443,105,0,0,0.4848679304122925
lraa,7595,off,2444,655,0,0,0.47828513383865356
lraa,7595,off,2445,338,1,1,0.5525397062301636
lraa,7595,off,2446,119,0,0,0.4838923215866089
lraa,7595,off,2447,593,0,0,0.4373428225517273
lraa,7595,off,2448,937,1,1,0.5840654373168945
lraa,7595,off,2449,2770,0,0,0.4736572504043579
lraa,7595,off,2450,805,1,1,0.5068355202674866
lraa,7595,off,2451,1253,1,1,0.5309661626815796
lraa,7595,off,2452,2298,0,0,0.49365267157554626
lraa,7595,off,2453,933,1,1,0.5644586086273193
lraa,7595,off,2454,1655,0,1,0.5063472986221313
lraa,7595,off,2455,2638,1,1,0.5126925706863403
lraa,7595,off,2456,658,0,0,0.4208078384399414
lraa,7595,off,2457,542,1,1,0.5068355202674866
lraa,7595,off,2458,219,1,1,0.5687152743339539
lraa,7595,off,2459,2349,1,0,0.4965820908546448
lraa,7595,off,2460,1533,0,0,0.47804147005081177
lraa,7595,off,2461,2842,1,1,0.556037962436676
lraa,7595,off,2462,2050,0,0,0.4838923215866089
lraa,7595,off,2463,1492,1,1,0.5898345112800598
lraa,7595,off,2464,2555,1,0,0.4892594516277313
lraa,7595,off,2465,194,1,1,0.511228621006012
lraa,7595,off,2466,1783,1,1,0.5398324131965637
lraa,7595,off,2467,110,1,1,0.5718263387680054
lraa,7595,off,2468,1340,1,0,0.4834045171737671
lraa,7595,off,2469,2297,0,1,0.6043989062309265
lraa,7595,off,2470,33,0,1,0.509276270866394
lraa,7595,off,2471,307,1,1,0.50048828125
lraa,7595,off,2472,1964,1,0,0.4985351264476776
lraa,7595,off,2473,2667,0,1,0.5058591365814209
lraa,7595,off,2474,2714,0,0,0.49609383940696716
lraa,7595,off,2475,1624,1,1,0.5709893107414246
lraa,7595,off,2476,1067,1,1,0.5668579339981079
lraa,7595,off,2477,2364,0,0,0.4990234673023224
lraa,7595,off,2478,1627,0,0,0.4515683650970459
lraa,7595,off,2479,1795,1,1,0.5273165106773376
lraa,7595,off,2480,1966,1,1,0.5651787519454956
lraa,7595,off,2481,2928,1,1,0.5618159174919128
lraa,7595,off,2482,2819,1,1,0.5730214715003967
lraa,7595,off,2483,38,0,0,0.4678179919719696
lraa,7595,off,2484,340,1,1,0.5370413661003113
lraa,7595,off,2485,1339,1,1,0.5292633771896362
lraa,7595,off,2486,2049,1,1,0.5457699298858643
lraa,7595,off,2487,46,1,1,0.5634980797767639
lraa,7595,off,2488,2723,1,1,0.5566405653953552
lraa,7595,off,2489,1241,1,1,0.5776145458221436
lraa,7595,off,2490,716,1,0,0.4975586235523224
lraa,7595,off,2491,2533,0,1,0.5675172209739685
lraa,7595,off,2492,881,1,1,0.547947883605957
lraa,7595,off,2493,230,1,1,0.5156199336051941
lraa,7595,off,2494,1539,1,1,0.5527811646461487
lraa,7595,off,2495,2375,0,0,0.45665207505226135
lraa,7595,off,2496,1544,1,1,0.541166365146637
lraa,7595,off,2497,1865,1,1,0.53946852684021
lraa,7595,off,2498,2017,0,0,0.47244006395339966
lraa,7595,off,2499,2091,0,0,0.4612594544887543
lraa,7595,off,2500,2404,1,1,0.5541085600852966
lraa,7595,off,2501,834,1,1,0.5595307350158691
lraa,7595,off,2502,492,0,0,0.47341373562812805
lraa,7595,off,2503,2613,0,0,0.4545932114124298
lraa,7595,off,2504,2541,0,0,0.47731053829193115
lraa,7595,off,2505,166,0,1,0.50146484375
lraa,7595,off,2506,2593,0,0,0.4687906503677368
lraa,7595,off,2507,2280,0,0,0.4602889120578766
lraa,7595,off,2508,287,1,1,0.5635299682617188
lraa,7595,off,2509,318,1,1,0.5472221374511719
lraa,7595,off,2510,1784,1,1,0.5353413224220276
lraa,7595,off,2511,77,0,0,0.47706687450408936
lraa,7595,off,2512,251,1,1,0.5554351806640625
lraa,7595,off,2513,1283,1,1,0.5730214715003967
lraa,7595,off,2514,2485,1,1,0.5537466406822205
lraa,7595,off,2515,687,0,0,0.4946291148662567
lraa,7595,off,2516,1098,0,0,0.44167301058769226
lraa,7595,off,2517,2589,1,1,0.5372841358184814
lraa,7595,off,2518,371,0,0,0.4489697813987732
lraa,7595,off,2519,1394,1,1,0.5598917007446289
lraa,7595,off,2520,247,0,0,0.4902355968952179
lraa,7595,off,2521,762,0,0,0.4661164879798889
lraa,7595,off,2522,1785,1,1,0.5448014140129089
lraa,7595,off,2523,2537,0,0,0.46004629135131836
lraa,7595,off,2524,922,1,1,0.5622966289520264
lraa,7595,off,2525,1181,1,1,0.5363128781318665
lraa,7595,off,2526,237,0,1,0.5083000063896179
lraa,7595,off,2527,2549,0,0,0.456530898809433
lraa,7595,off,2528,374,0,0,0.4887714385986328
lraa,7595,off,2529,564,1,1,0.5170831680297852
lraa,7595,off,2530,621,0,1,0.5302364826202393
lraa,7595,off,2531,1107,1,0,0.498046875
lraa,7595,off,2532,2628,1,1,0.5195213556289673
lraa,7595,off,2533,1272,0,0,0.4990234673023224
lraa,7595,off,2534,2377,1,1,0.50048828125
lraa,7595,off,2535,1467,0,0,0.47122323513031006
lraa,7595,off,2536,551,0,0,0.4951173663139343
lraa,7595,off,2537,2068,0,0,0.46004629135131836
lraa,7595,off,2538,664,0,0,0.47025004029273987
lraa,7595,off,2539,2453,0,0,0.4765796661376953
lraa,7595,off,2540,1753,0,0,0.4916999638080597
lraa,7595,off,2541,1772,0,0,0.46174484491348267
lraa,7595,off,2542,507,1,1,0.5355842709541321
lraa,7595,off,2543,335,1,1,0.5496405959129333
lraa,7595,off,2544,149,1,1,0.5818822979927063
lraa,7595,off,2545,1709,1,1,0.5526604056358337
lraa,7595,off,2546,1708,1,1,0.5068355202674866
lraa,7595,off,2547,1206,0,0,0.4466153681278229
lraa,7595,off,2548,1454,0,0,0.47317034006118774
lraa,7595,off,2549,2840,1,1,0.5114725828170776
lraa,7595,off,2550,334,1,1,0.594904363155365
lraa,7595,off,2551,1313,1,1,0.5341265201568604
lraa,7595,off,2552,2075,1,1,0.5151321291923523
lraa,7595,off,2553,2241,0,0,0.47438767552375793
lraa,7595,off,2554,810,0,0,0.4970703423023224
lraa,7595,off,2555,2217,1,1,0.5187900066375732
lraa,7595,off,2556,1286,1,1,0.5048826336860657
lraa,7595,off,2557,1469,1,1,0.5526604056358337
lraa,7595,off,2558,2275,1,1,0.6192409992218018
lraa,7595,off,2559,1069,1,0,0.48267295956611633
lraa,7595,off,2560,1421,0,1,0.5141563415527344
lraa,7595,off,2561,2053,0,0,0.4985351264476776
lraa,7595,off,2562,2052,1,1,0.5481898188591003
lraa,7595,off,2563,391,1,1,0.555917501449585
lraa,7595,off,2564,1885,1,1,0.5165954232215881
lraa,7595,off,2565,1555,0,0,0.4814538359642029
lraa,7595,off,2566,1825,1,1,0.5600120425224304
lraa,7595,off,2567,1902,1,1,0.5190337300300598
lraa,7595,off,2568,1528,1,1,0.5324251055717468
lraa,7595,off,2569,924,1,1,0.5053709149360657
lraa,7595,off,2570,1041,0,0,0.4985351264476776
lraa,7595,off,2571,2598,0,0,0.46368709206581116
lraa,7595,off,2572,2633,0,0,0.4902355968952179
lraa,7595,off,2573,1761,1,1,0.5229331254959106
lraa,7595,off,2574,1240,1,1,0.5804709792137146
lraa,7595,off,2575,2139,0,0,0.4863315522670746
lraa,7595,off,2576,2034,0,0,0.46465864777565
lraa,7595,off,2577,2545,0,1,0.5034179091453552
lraa,7595,off,2578,2693,1,1,0.5304797887802124
lraa,7595,off,2579,1755,0,0,0.4877953827381134
lraa,7595,off,2580,2361,0,0,0.48584359884262085
lraa,7595,off,2581,1109,1,1,0.5282900333404541
lraa,7595,off,2582,539,1,1,0.5265862345695496
lraa,7595,off,2583,1631,0,1,0.5102524757385254
lraa,7595,off,2584,2866,0,1,0.5068355202674866
lraa,7595,off,2585,1429,0,0,0.47536176443099976
lraa,7595,off,2586,2042,0,0,0.4527778923511505
lraa,7595,off,2587,2876,1,1,0.5275599360466003
lraa,7595,off,2588,939,1,1,0.5039061903953552
lraa,7595,off,2589,2218,1,0,0.4902355968952179
lraa,7595,off,2590,1768,1,1,0.5481898188591003
lraa,7595,off,2591,1513,0,0,0.4353613257408142
lraa,7595,off,2592,2700,0,0,0.4834045171737671
lraa,7595,off,2593,1226,0,1,0.5527811646461487
lraa,7595,off,2594,1273,0,0,0.46587347984313965
lraa,7595,off,2595,1900,0,0,0.4860875606536865
lraa,7595,off,2596,311,1,1,0.5766313672065735
lraa,7595,off,2597,2426,1,1,0.5592900514602661
lraa,7595,off,2598,179,1,1,0.5498823523521423
lraa,7595,off,2599,2133,0,0,0.4824291169643402
lraa,7595,off,2600,837,0,0,0.45592525601387024
lraa,7595,off,2601,1534,0,0,0.4990234673023224
lraa,7595,off,2602,2027,1,1,0.5229331254959106
lraa,7595,off,2603,614,1,1,0.531209409236908
lraa,7595,off,2604,2883,1,1,0.5180585384368896
lraa,7595,off,2605,1420,1,1,0.5078118443489075
lraa,7595,off,2606,524,1,1,0.52220219373703
lraa,7595,off,2607,170,0,0,0.4602889120578766
lraa,7595,off,2608,1612,1,1,0.5867300629615784
lraa,7595,off,2609,1357,1,1,0.5122045874595642
lraa,7595,off,2610,2698,1,1,0.5579657554626465
lraa,7595,off,2611,2767,1,1,0.528046727180481
lraa,7595,off,2612,776,1,1,0.5496405959129333
lraa,7595,off,2613,1464,1,1,0.5263427495956421
lraa,7595,off,2614,55,1,1,0.5178147554397583
lraa,7595,off,2615,1428,1,1,0.543832540512085
lraa,7595,off,2616,1738,1,1,0.541166365146637
lraa,7595,off,2617,2584,1,1,0.5467381477355957
lraa,7595,off,2618,1235,0,0,0.4809662103652954
lraa,7595,off,2619,252,1,1,0.5770485401153564
lraa,7595,off,2620,609,0,0,0.4834045171737671
lraa,7595,off,2621,36,0,0,0.47438767552375793
lraa,7595,off,2622,2287,1,1,0.5043944120407104
lraa,7595,off,2623,2540,0,0,0.4892594516277313
lraa,7595,off,2624,2880,0,1,0.501953125
lraa,7595,off,2625,1746,0,0,0.49560558795928955
lraa,7595,off,2626,1303,1,1,0.5217148661613464
lraa,7595,off,2627,1088,0,0,0.4668456017971039
lraa,7595,off,2628,50,1,1,0.50048828125
lraa,7595,off,2629,1022,1,1,0.567607045173645
lraa,7595,off,2630,388,1,1,0.5549529194831848
lraa,7595,off,2631,1633,1,1,0.5598917007446289
lraa,7595,off,2632,2446,1,1,0.5586881637573242
lraa,7595,off,2633,651,1,1,0.5029296278953552
lraa,7595,off,2634,757,0,0,0.49560558795928955
lraa,7595,off,2635,2702,1,0,0.48681947588920593
lraa,7595,off,2636,1644,1,1,0.5219584703445435
lraa,7595,off,2637,1259,0,0,0.45507752895355225
lraa,7595,off,2638,2486,1,0,0.4965820908546448
lraa,7595,off,2639,1362,1,0,0.4990234673023224
lraa,7595,off,2640,70,0,0,0.4651445150375366
lraa,7595,off,2641,111,0,0,0.4882833957672119
lraa,7595,off,2642,1684,0,0,0.4834045171737671
lraa,7595,off,2643,901,0,1,0.5148881673812866
lraa,7595,off,2644,1754,1,1,0.5842711925506592
lraa,7595,off,2645,999,1,1,0.5554351806640625
lraa,7595,off,2646,2429,1,1,0.5409238338470459
lraa,7595,off,2647,2355,1,1,0.5450435876846313
lraa,7595,off,2648,1912,0,0,0.46587347984313965
lraa,7595,off,2649,615,0,0,0.46101680397987366
lraa,7595,off,2650,2347,0,0,0.47706687450408936
lraa,7595,off,2651,2688,0,0,0.4593186378479004
lraa,7595,off,2652,1929,1,1,0.6064984202384949
lraa,7595,off,2653,594,1,1,0.5637382864952087
lraa,7595,off,2654,1112,1,1,0.5607337951660156
lraa,7595,off,2655,559,1,0,0.4975586235523224
lraa,7595,off,2656,2204,1,1,0.5493988394737244
lraa,7595,off,2657,518,0,0,0.4568943679332733
lraa,7595,off,2658,2682,1,1,0.5141563415527344
lraa,7595,off,2659,1654,1,1,0.5353413224220276
lraa,7595,off,2660,387,0,0,0.47804147005081177
lraa,7595,off,2661,2405,0,0,0.4797474145889282
lraa,7595,off,2662,1212,1,1,0.5107405185699463
lraa,7595,off,2663,713,0,1,0.5063472986221313
lraa,7595,off,2664,2372,1,1,0.5498823523521423
lraa,7595,off,2665,1559,0,0,0.4882833957672119
lraa,7595,off,2666,1170,1,1,0.5814590454101562
lraa,7595,off,2667,1654,1,1,0.5463750958442688
lraa,7595,off,2668,2104,1,1,0.5304797887802124
lraa,7595,off,2669,998,1,1,0.5136684775352478
lraa,7595,off,2670,1977,1,1,0.5122045874595642
lraa,7595,off,2671,293,0,0,0.47828513383865356
lraa,7595,off,2672,565,1,1,0.5097643733024597
lraa,7595,off,2673,1901,1,1,0.509276270866394
lraa,7595,off,2674,1968,1,1,0.545285701751709
lraa,7595,off,2675,856,1,1,0.5343695282936096
lraa,7595,off,2676,1951,0,0,0.47755417227745056
lraa,7595,off,2677,426,0,0,0.4568943679332733
lraa,7595,off,2678,1001,1,1,0.5248817801475525
lraa,7595,off,2679,591,1,1,0.5248817801475525
lraa,7595,off,2680,648,0,0,0.4931644797325134
lraa,7595,off,2681,2189,0,0,0.44987595081329346
lraa,7595,off,2682,2911,1,1,0.5795193910598755
lraa,7595,off,2683,1585,1,1,0.5481898188591003
lraa,7595,off,2684,1338,0,0,0.4892594516277313
lraa,7595,off,2685,844,1,1,0.5707500576972961
lraa,7595,off,2686,1285,0,0,0.47828513383865356
lraa,7595,off,2687,865,1,1,0.5156199336051941
lraa,7595,off,2688,2460,0,0,0.4838923215866089
lraa,7595,off,2689,1834,1,0,0.49145591259002686
lraa,7595,off,2690,1566,0,0,0.4668456017971039
lraa,7595,off,2691,42,0,0,0.4799911379814148
lraa,7595,off,2692,1569,1,1,0.516839325428009
lraa,7595,off,2693,2702,1,1,0.5263427495956421
lraa,7595,off,2694,2132,0,0,0.489747554063797
lraa,7595,off,2695,1736,1,1,0.5428633093833923
lraa,7595,off,2696,1360,1,1,0.5678767561912537
lraa,7595,off,2697,554,1,1,0.5053709149360657
lraa,7595,off,2698,2253,0,0,0.4873073995113373
lraa,7595,off,2699,2199,0,0,0.4719533324241638
lraa,7595,off,2700,2321,0,0,0.48535576462745667
lraa,7595,off,2701,1829,1,1,0.554229199886322
lraa,7595,off,2702,1031,0,0,0.4390256702899933
lraa,7595,off,2703,2796,0,0,0.4887714385986328
lraa,7595,off,2704,1222,1,1,0.568116307258606
lraa,7595,off,2705,786,1,1,0.532181978225708
lraa,7595,off,2706,469,1,1,0.5363128781318665
lraa,7595,off,2707,2276,1,1,0.5226894617080688
lraa,7595,off,2708,2130,1,1,0.5314525961875916
lraa,7595,off,2709,2370,1,1,0.5039061903953552
lraa,7595,off,2710,1079,0,0,0.4926762878894806
lraa,7595,off,2711,2437,0,0,0.47804147005081177
lraa,7595,off,2712,2426,1,1,0.5789355635643005
lraa,7595,off,2713,1552,1,1,0.5426208972930908
lraa,7595,off,2714,508,1,1,0.5769517421722412
lraa,7595,off,2715,1679,1,1,0.5770485401153564
lraa,7595,off,2716,799,0,0,0.489747554063797
lraa,7595,off,2717,516,1,1,0.52220219373703
lraa,7595,off,2718,186,0,0,0.4598037302494049
lraa,7595,off,2719,1739,1,1,0.5234203934669495
lraa,7595,off,2720,2838,1,1,0.5584473609924316
lraa,7595,off,2721,2835,1,1,0.5531432628631592
lraa,7595,off,2722,1105,1,1,0.5825096368789673
lraa,7595,off,2723,1990,1,1,0.5034179091453552
lraa,7595,off,2724,1420,0,0,0.489747554063797
lraa,7595,off,2725,1721,1,1,0.5705706477165222
lraa,7595,off,2726,2149,0,0,0.4995117485523224
lraa,7595,off,2727,26,0,0,0.43974730372428894
lraa,7595,off,2728,2806,1,0,0.48657548427581787
lraa,7595,off,2729,1259,0,0,0.4765796661376953
lraa,7595,off,2730,1932,1,1,0.5265862345695496
lraa,7595,off,2731,1688,1,1,0.5574839115142822
lraa,7595,off,2732,1728,0,1,0.5141563415527344
lraa,7595,off,2733,2079,0,0,0.475605309009552
lraa,7595,off,2734,1458,1,1,0.5219584703445435
lraa,7595,off,2735,2175,0,0,0.4838923215866089
lraa,7595,off,2736,809,1,1,0.524151086807251
lraa,7595,off,2737,1639,0,0,0.4787725508213043
lraa,7595,off,2738,2138,0,0,0.4809662103652954
lraa,7595,off,2739,2336,0,0,0.45859116315841675
lraa,7595,off,2740,2742,1,1,0.5192775726318359
lraa,7595,off,2741,57,1,1,0.5
lraa,7595,off,2742,1012,0,0,0.4680611491203308
lraa,7595,off,2743,1389,1,1,0.5727824568748474
lraa,7595,off,2744,2262,0,0,0.49072372913360596
lraa,7595,off,2745,2367,1,1,0.5343695282936096
lraa,7595,off,2746,48,1,1,0.5460120439529419
lraa,7595,off,2747,2934,1,1,0.5292633771896362
lraa,7595,off,2748,1849,1,1,0.553022563457489
lraa,7595,off,2749,1822,1,1,0.524394690990448
lraa,7595,off,2750,2748,1,1,0.5338835716247559
lraa,7595,off,2751,981,0,0,0.47804147005081177
lraa,7595,off,2752,1769,0,0,0.491211861371994
lraa,7595,off,2753,1341,1,1,0.5273165106773376
lraa,7595,off,2754,2027,0,0,0.4951173663139343
lraa,7595,off,2755,1095,0,1,0.5520567893981934
lraa,7595,off,2756,1282,1,1,0.5326682329177856
lraa,7595,off,2757,24,0,0,0.46976351737976074
lraa,7595,off,2758,1203,1,1,0.5890073776245117
lraa,7595,off,2759,1167,1,1,0.5350984334945679
lraa,7595,off,2760,69,1,1,0.5798168182373047
lraa,7595,off,2761,2439,1,1,0.5852789282798767
lraa,7595,off,2762,1182,1,1,0.5529018640518188
lraa,7595,off,2763,375,1,1,0.547947883605957
lraa,7595,off,2764,2450,1,1,0.6210813522338867
lraa,7595,off,2765,696,1,1,0.5170831680297852
lraa,7595,off,2766,1775,1,1,0.50146484375
lraa,7595,off,2767,1121,1,1,0.5826691389083862
lraa,7595,off,2768,2618,1,1,0.5421361327171326
lraa,7595,off,2769,465,1,0,0.4995117485523224
lraa,7595,off,2770,864,1,1,0.5601624250411987
lraa,7595,off,2771,744,0,0,0.47609245777130127
lraa,7595,off,2772,1059,1,1,0.545285701751709
lraa,7595,off,2773,1487,0,0,0.47438767552375793
lraa,7595,off,2774,1687,0,0,0.4946291148662567
lraa,7595,off,2775,2382,1,1,0.5634980797767639
lraa,7595,off,2776,1991,0,0,0.4641728699207306
lraa,7595,off,2777,1652,1,1,0.5626571178436279
lraa,7595,off,2778,2702,1,0,0.4873073995113373
lraa,7595,off,2779,1378,0,0,0.4970703423023224
lraa,7595,off,2780,157,0,0,0.498046875
lraa,7595,off,2781,1889,0,0,0.4848679304122925
lraa,7595,off,2782,2409,0,0,0.45144742727279663
lraa,7595,off,2783,707,0,0,0.47292691469192505
lraa,7595,off,2784,2645,1,1,0.5387405753135681
lraa,7595,off,2785,2847,1,1,0.5510905385017395
lraa,7595,off,2786,126,1,1,0.5872923135757446
lraa,7595,off,2787,2932,1,1,0.6018276214599609
lraa,7595,off,2788,1900,1,1,0.526829719543457
lraa,7595,off,2789,1548,1,1,0.5730214715003967
lraa,7595,off,2790,895,1,0,0.48681947588920593
lraa,7595,off,2791,30,0,0,0.4843800961971283
lraa,7595,off,2792,1641,1,1,0.5713779926300049
lraa,7595,off,2793,1053,1,1,0.5421361327171326
lraa,7595,off,2794,246,1,1,0.563978374004364
lraa,7595,off,2795,2790,0,0,0.47292691469192505
lraa,7595,off,2796,941,1,1,0.6099889278411865
lraa,7595,off,2797,1451,0,0,0.4709799289703369
lraa,7595,off,2798,305,1,1,0.543832540512085
lraa,7595,off,2799,2621,0,0,0.424784779548645
lraa,7595,off,2800,1979,1,1,0.561214804649353
lraa,7595,off,2801,2084,1,1,0.5686553716659546
lraa,7595,off,2802,2635,1,1,0.5749168992042542
lraa,7595,off,2803,859,0,0,0.47755417227745056
lraa,7595,off,2804,2565,1,1,0.550365686416626
lraa,7595,off,2805,1348,1,1,0.5343695282936096
lraa,7595,off,2806,701,1,1,0.5151321291923523
lraa,7595,off,2807,973,0,0,0.4102835953235626
lraa,7595,off,2808,2883,1,1,0.5083000063896179
lraa,7595,off,2809,2029,1,1,0.5532639026641846
lraa,7595,off,2810,915,1,1,0.5338835716247559
lraa,7595,off,2811,131,0,0,0.4931644797325134
lraa,7595,off,2812,738,1,1,0.5571225881576538
lraa,7595,off,2813,113,0,0,0.4446853697299957
lraa,7595,off,2814,2873,0,0,0.4946291148662567
lraa,7595,off,2815,603,0,1,0.5029296278953552
lraa,7595,off,2816,207,1,1,0.5382551550865173
lraa,7595,off,2817,2514,1,1,0.531209409236908
lraa,7595,off,2818,2250,1,1,0.528533399105072
lraa,7595,off,2819,2518,1,1,0.5224458575248718
lraa,7595,off,2820,2576,1,0,0.49072372913360596
lraa,7595,off,2821,734,1,1,0.5234203934669495
lraa,7595,off,2822,1837,0,0,0.4814538359642029
lraa,7595,off,2823,2440,0,0,0.46660253405570984
lraa,7595,off,2824,2909,1,1,0.5389832258224487
lraa,7595,off,2825,434,1,1,0.561214804649353
lraa,7595,off,2826,1259,0,0,0.4568943679332733
lraa,7595,off,2827,2921,0,0,0.4814538359642029
lraa,7595,off,2828,2640,0,0,0.412648469209671
lraa,7595,off,2829,1681,1,1,0.559951901435852
lraa,7595,off,2830,2912,1,1,0.5571225881576538
lraa,7595,off,2831,1400,1,1,0.5525397062301636
lraa,7595,off,2832,545,0,1,0.5331543684005737
lraa,7595,off,2833,1180,1,1,0.5462540984153748
lraa,7595,off,2834,1076,0,0,0.4787725508213043
lraa,7595,off,2835,1485,1,1,0.5728198885917664
lraa,7595,off,2836,297,0,0,0.47852882742881775
lraa,7595,off,2837,2127,0,0,0.4951173663139343
lraa,7595,off,2838,226,0,0,0.47804147005081177
lraa,7595,off,2839,553,1,1,0.5444381237030029
lraa,7595,off,2840,400,1,1,0.5273165106773376
lraa,7595,off,2841,1925,1,1,0.5450435876846313
lraa,7595,off,2842,598,0,0,0.46490156650543213
lraa,7595,off,2843,2600,0,0,0.4644157290458679
lraa,7595,off,2844,417,1,1,0.5660185217857361
lraa,7595,off,2845,731,1,1,0.5720356106758118
lraa,7595,off,2846,932,1,1,0.5185462236404419
lraa,7595,off,2847,2157,1,1,0.5282900333404541
lraa,7595,off,2848,2503,1,1,0.6242935061454773
lraa,7595,off,2849,890,0,1,0.50146484375
lraa,7595,off,2850,1509,1,1,0.5355842709541321
lraa,7595,off,2851,2224,0,0,0.48535576462745667
lraa,7595,off,2852,161,0,0,0.4336816668510437
lraa,7595,off,2853,1409,0,0,0.48194143176078796
lraa,7595,off,2854,101,1,1,0.5102524757385254
lraa,7595,off,2855,2891,0,0,0.475605309009552
lraa,7595,off,2856,332,0,0,0.4700067639350891
lraa,7595,off,2857,2587,0,0,0.47804147005081177
lraa,7595,off,2858,894,0,1,0.5489152669906616
lraa,7595,off,2859,1974,1,1,0.5573635101318359
lraa,7595,off,2860,2109,1,1,0.5209837555885315
lraa,7595,off,2861,2473,0,0,0.469277024269104
lraa,7595,off,2862,1988,1,1,0.5126925706863403
lraa,7595,off,2863,241,0,0,0.46490156650543213
lraa,7595,off,2864,1412,1,1,0.5251253247261047
lraa,7595,off,2865,606,1,1,0.5613350868225098
lraa,7595,off,2866,880,1,1,0.5165954232215881
lraa,7595,off,2867,972,0,0,0.45241495966911316
lraa,7595,off,2868,586,0,0,0.4877953827381134
lraa,7595,off,2869,988,0,1,0.5195213556289673
lraa,7595,off,2870,502,0,1,0.5039061903953552
lraa,7595,off,2871,1211,0,0,0.45495644211769104
lraa,7595,off,2872,1913,1,1,0.524394690990448
lraa,7595,off,2873,1088,1,1,0.5178147554397583
lraa,7595,off,2874,1720,1,0,0.4887714385986328
lraa,7595,off,2875,1921,0,0,0.483648419380188
lraa,7595,off,2876,2397,1,1,0.5484316945075989
lraa,7595,off,2877,2263,1,1,0.5709295272827148
lraa,7595,off,2878,29,1,1,0.5170831680297852
lraa,7595,off,2879,1507,0,0,0.4624730348587036
lraa,7595,off,2880,2684,1,1,0.5224458575248718
lraa,7595,off,2881,294,1,1,0.5464961528778076
lraa,7595,off,2882,127,1,1,0.5662583708763123
lraa,7595,off,2883,443,0,0,0.47804147005081177
lraa,7595,off,2884,2471,0,0,0.4651445150375366
lraa,7595,off,2885,425,1,1,0.5183023810386658
lraa,7595,off,2886,2521,1,0,0.47779783606529236
lraa,7595,off,2887,2326,1,1,0.5590493679046631
lraa,7595,off,2888,2389,1,1,0.5326682329177856
lraa,7595,off,2889,536,0,0,0.475848913192749
lraa,7595,off,2890,704,1,1,0.6007740497589111
lraa,7595,off,2891,947,0,0,0.438785195350647
lraa,7595,off,2892,2117,1,1,0.5355842709541321
lraa,7595,off,2893,245,1,0,0.49218812584877014
lraa,7595,off,2894,2526,1,1,0.5329113602638245
lraa,7595,off,2895,588,1,1,0.5600120425224304
lraa,7595,off,2896,2152,0,0,0.4975586235523224
lraa,7595,off,2897,583,1,1,0.5365557670593262
lraa,7595,off,2898,2881,1,1,0.5102524757385254
lraa,7595,off,2899,496,1,1,0.5597714185714722
lraa,7595,off,2900,1406,1,1,0.5083000063896179
lraa,7595,off,2901,1289,1,1,0.5375269651412964
lraa,7595,off,2902,2256,1,1,0.5969031453132629
lraa,7595,off,2903,1802,0,0,0.4263215959072113
lraa,7595,off,2904,1065,0,1,0.5053709149360657
lraa,7595,off,2905,1174,1,1,0.5048826336860657
lraa,7595,off,2906,2590,1,1,0.5598616600036621
lraa,7595,off,2907,1839,0,1,0.5043944120407104
lraa,7595,off,2908,2166,0,0,0.4593186378479004
lraa,7595,off,2909,1081,1,1,0.5229331254959106
lraa,7595,off,2910,866,0,0,0.454472154378891
lraa,7595,off,2911,1953,1,1,0.5445592403411865
lraa,7595,off,2912,617,1,1,0.5717666149139404
lraa,7595,off,2913,1900,1,1,0.5180585384368896
lraa,7595,off,2914,911,1,1,0.5360700488090515
lraa,7595,off,2915,2051,1,1,0.5204963088035583
lraa,7595,off,2916,1154,1,1,0.5996023416519165
lraa,7595,off,2917,501,1,1,0.5594103932380676
lraa,7595,off,2918,2561,0,0,0.4995117485523224
lraa,7595,off,2919,348,1,1,0.5348554849624634
lraa,7595,off,2920,1221,0,0,0.454714298248291
lraa,7595,off,2921,306,1,1,0.5770187377929688
lraa,7595,off,2922,2536,1,1,0.5640984773635864
lraa,7595,off,2923,2168,1,1,0.5382551550865173
lraa,7595,off,2924,1398,1,1,0.5881797075271606
lraa,7595,off,2925,2366,0,1,0.5457699298858643
lraa,7595,off,2926,336,1,1,0.5724837779998779
lraa,7595,off,2927,1973,1,1,0.6035813689231873
lraa,7595,off,2928,1874,1,0,0.4946291148662567
lraa,7595,off,2929,3,1,1,0.5622966289520264
lraa,7595,off,2930,616,1,1,0.5165954232215881
lraa,7595,off,2931,1843,1,1,0.5290200710296631
lraa,7595,off,2932,1102,0,1,0.5029296278953552
lraa,7595,off,2933,1019,1,1,0.5910152792930603
lraa,7595,off,2934,2277,0,0,0.4695202708244324
lraa,7595,off,2935,163,0,0,0.44426336884498596
lraa,7595,off,2936,1678,1,1,0.5178147554397583
lraa,7595,off,2937,1672,1,0,0.4985351264476776
lraa,7595,off,2938,1,1,1,0.556037962436676
lraa,7595,off,2939,1007,1,1,0.5336405038833618
lraa,7595,off,2940,300,1,0,0.4851118326187134
lraa,7595,off,2941,2271,1,1,0.5464961528778076
lraa,7595,off,2942,1670,0,0,0.46660253405570984
lraa,7595,off,2943,2085,1,1,0.5588085651397705
lraa,7595,off,2944,2496,1,1,0.5721849799156189
lraa,7595,off,2945,324,0,0,0.47122323513031006
lraa,7595,off,2946,693,0,0,0.48194143176078796
lraa,7595,off,2947,1351,1,1,0.5309661626815796
lraa,7595,off,2948,1367,1,1,0.5131805539131165
lraa,7595,off,2949,2378,1,1,0.554229199886322
lraa,7595,off,2950,1380,0,0,0.4653874933719635
lraa,7595,off,2951,623,1,1,0.5126925706863403
lraa,7595,off,2952,1508,1,1,0.5496405959129333
lraa,7595,off,2953,1304,0,0,0.48194143176078796
lraa,7595,off,2954,1790,1,1,0.5212274789810181
lraa,7595,off,2955,1384,1,0,0.491211861371994
lraa,7595,off,2956,2481,0,0,0.4539879560470581
lraa,7595,off,2957,2281,1,1,0.5226894617080688
lraa,7595,off,2958,2879,0,0,0.44420307874679565
lraa,7595,off,2959,1551,1,1,0.5357056856155396
lraa,7595,off,2960,1046,1,1,0.50146484375
lraa,7595,off,2961,1983,0,0,0.4995117485523224
lraa,7595,off,2962,1187,0,0,0.47487467527389526
lraa,7595,off,2963,1461,1,1,0.5122045874595642
lraa,7595,off,2964,1938,1,1,0.5343695282936096
lraa,7595,off,2965,1279,1,0,0.4946291148662567
lraa,7595,off,2966,648,1,1,0.5175709128379822
lraa,7595,off,2967,2217,1,1,0.517327070236206
lraa,7595,off,2968,2254,0,0,0.4573790729045868
lraa,7595,off,2969,7,1,1,0.550003170967102
lraa,7595,off,2970,1657,1,1,0.551211416721344
lraa,7595,off,2971,940,0,0,0.4995117485523224
lraa,7595,off,2972,2307,0,0,0.44963425397872925
lraa,7595,off,2973,2914,1,1,0.5297499895095825
lraa,7595,off,2974,2523,1,1,0.5048826336860657
lraa,7595,off,2975,582,1,1,0.5156199336051941
lraa,7595,off,2976,1074,1,1,0.559380292892456
lraa,7595,off,2977,519,1,1,0.5226894617080688
lraa,7595,off,2978,656,1,1,0.5726032853126526
lraa,7595,off,2979,1564,1,1,0.5694336891174316
lraa,7595,off,2980,868,1,1,0.5537466406822205
lraa,7595,off,2981,971,1,0,0.4877953827381134
lraa,7595,off,2982,778,1,1,0.5574839115142822
lraa,7595,off,2983,2593,0,0,0.4877953827381134
lraa,7595,off,2984,66,1,1,0.5136684775352478
lraa,7595,off,2985,2115,0,0,0.47609245777130127
lraa,7595,off,2986,1329,0,0,0.4612594544887543
lraa,7595,off,2987,210,0,0,0.471466600894928
lraa,7595,off,2988,2496,1,1,0.5941980481147766
lraa,7595,off,2989,253,1,1,0.5508489608764648
lraa,7595,off,2990,359,1,1,0.5355842709541321
lraa,7595,off,2991,1667,1,1,0.5141563415527344
lraa,7595,off,2992,1177,1,0,0.489747554063797
lraa,7595,off,2993,2620,0,0,0.469277024269104
lraa,7595,off,2994,2259,0,0,0.4668456017971039
lraa,7595,off,2995,2492,1,1,0.5107405185699463
lraa,7595,off,2996,2307,0,0,0.4440825581550598
lraa,7595,off,2997,384,1,1,0.5229331254959106
lraa,7595,off,2998,584,0,0,0.4695202708244324
lraa,7595,off,2999,958,1,1,0.509276270866394
lraa,7595,off,3000,1042,0,0,0.4678179919719696
lraa,7595,off,3001,1432,1,0,0.4975586235523224
lraa,7595,off,3002,1354,1,1,0.5231767296791077
lraa,7595,off,3003,1228,0,0,0.47536176443099976
lraa,7595,off,3004,647,0,1,0.5122045874595642
lraa,7595,off,3005,381,1,1,0.5719459056854248
lraa,7595,off,3006,979,1,1,0.5048826336860657
lraa,7595,off,3007,1656,0,0,0.49609383940696716
lraa,7595,off,3008,2087,1,1,0.5615153908729553
lraa,7595,off,3009,815,1,1,0.5709295272827148
lraa,7595,off,3010,1661,1,1,0.5762141346931458
lraa,7595,off,3011,1707,1,0,0.4931644797325134
lraa,7595,off,3012,507,1,1,0.5226894617080688
lraa,7595,off,3013,2493,0,0,0.4695202708244324
lraa,7595,off,3014,1722,1,0,0.4877953827381134
lraa,7595,off,3015,836,0,0,0.4848679304122925
lraa,7595,off,3016,1695,1,1,0.5048826336860657
lraa,7595,off,3017,2592,0,0,0.47950369119644165
lraa,7595,off,3018,2159,1,1,0.5742753744125366
lraa,7595,off,3019,678,0,1,0.5700470805168152
lraa,7595,off,3020,2553,1,1,0.5743350982666016
lraa,7595,off,3021,2465,0,0,0.4824291169643402
lraa,7595,off,3022,1637,1,1,0.5039061903953552
lraa,7595,off,3023,775,1,0,0.4799911379814148
lraa,7595,off,3024,622,1,1,0.5126925706863403
lraa,7595,off,3025,620,0,0,0.45495644211769104
lraa,7595,off,3026,1383,0,0,0.48072248697280884
lraa,7595,off,3027,2456,1,1,0.5782696008682251
lraa,7595,off,3028,1985,0,0,0.47755417227745056
lraa,7595,off,3029,1459,1,1,0.5365557670593262
lraa,7595,off,3030,533,1,1,0.5341265201568604
lraa,7595,off,3031,2379,1,1,0.5468591451644897
lraa,7595,off,3032,1860,0,0,0.4877953827381134
lraa,7595,off,3033,1045,0,0,0.43168899416923523
lraa,7595,off,3034,160,0,1,0.507323682308197
lraa,7595,off,3035,2060,0,0,0.47414419054985046
lraa,7595,off,3036,2019,0,0,0.46587347984313965
lraa,7595,off,3037,2317,1,1,0.5571225881576538
lraa,7595,off,3038,723,0,0,0.4873073995113373
lraa,7595,off,3039,1131,0,1,0.5735888481140137
lraa,7595,off,3040,2448,0,0,0.483648419380188
lraa,7595,off,3041,2169,0,0,0.4576214551925659
lraa,7595,off,3042,850,1,1,0.547947883605957
lraa,7595,off,3043,1724,1,1,0.5185462236404419
lraa,7595,off,3044,2231,1,1,0.511228621006012
lraa,7595,off,3045,997,1,0,0.46174484491348267
lraa,7595,off,3046,1726,1,1,0.541893720626831
lraa,7595,off,3047,1344,0,0,0.4639299511909485
lraa,7595,off,3048,1805,1,0,0.4809662103652954
lraa,7595,off,3049,2408,0,1,0.5679965615272522
lraa,7595,off,3050,605,1,1,0.5529018640518188
lraa,7595,off,3051,1421,0,1,0.5275599360466003
lraa,7595,off,3052,2582,1,1,0.5767207741737366
lraa,7595,off,3053,1961,1,1,0.5489152669906616
lraa,7595,off,3054,1714,1,1,0.5428633093833923
lraa,7595,off,3055,102,1,1,0.511228621006012
lraa,7595,off,3056,1373,0,0,0.4824291169643402
lraa,7595,off,3057,1875,1,0,0.4838923215866089
lraa,7595,off,3058,2647,1,1,0.5788276791572571
lraa,7595,off,3059,2640,1,1,0.5256123542785645
lraa,7595,off,3060,200,1,1,0.5496405959129333
lraa,7595,off,3061,2314,0,0,0.47706687450408936
lraa,7595,off,3062,1510,0,0,0.45495644211769104
lraa,7595,off,3063,1336,1,1,0.5794004201889038
lraa,7595,off,3064,1472,1,1,0.5615754723548889
lraa,7595,off,3065,1483,1,1,0.5399537086486816
lraa,7595,off,3066,1013,1,1,0.5428633093833923
lraa,7595,off,3067,1912,0,0,0.4687906503677368
lraa,7595,off,3068,945,0,0,0.4887714385986328
lraa,7595,off,3069,2257,1,1,0.5761991739273071
lraa,7595,off,3070,1767,1,1,0.5226894617080688
lraa,7595,off,3071,914,1,1,0.543347954750061
lraa,7595,off,3072,327,0,1,0.50048828125
lraa,7595,off,3073,2344,1,1,0.543832540512085
lraa,7595,off,3074,2802,0,0,0.47536176443099976
lraa,7595,off,3075,2568,1,1,0.5743350982666016
lraa,7595,off,3076,2738,1,1,0.547947883605957
lraa,7595,off,3077,2026,1,1,0.547947883605957
lraa,7595,off,3078,579,1,1,0.5102524757385254
lraa,7595,off,3079,1529,1,1,0.5464961528778076
lraa,7595,off,3080,2169,0,0,0.4641728699207306
lraa,7595,off,3081,1136,0,0,0.48291680216789246
lraa,7595,off,3082,1023,1,1,0.511228621006012
lraa,7595,off,3083,1938,1,1,0.574499249458313
lraa,7595,off,3084,987,0,1,0.5117166042327881
lraa,7595,off,3085,2535,0,0,0.46004629135131836
lraa,7595,off,3086,2368,0,0,0.47755417227745056
lraa,7595,off,3087,654,0,0,0.45810624957084656
lraa,7595,off,3088,2859,1,1,0.5304797887802124
lraa,7595,off,3089,475,0,0,0.4561675190925598
lraa,7595,off,3090,2226,0,0,0.4814538359642029
lraa,7595,off,3091,505,0,0,0.4440825581550598
lraa,7595,off,3092,2342,1,1,0.581303060054779
lraa,7595,off,3093,243,0,0,0.4863315522670746
lraa,7595,off,3094,466,1,1,0.5409238338470459
lraa,7595,off,3095,509,0,0,0.47122323513031006
lraa,7595,off,3096,530,1,1,0.5336405038833618
lraa,7595,off,3097,2874,1,1,0.5380124449729919
lraa,7595,off,3098,1970,1,1,0.5265862345695496
lraa,7595,off,3099,236,0,0,0.471466600894928
lraa,7595,off,3100,2073,1,1,0.5341265201568604
lraa,7595,off,3101,411,1,1,0.5156199336051941
lraa,7595,off,3102,2694,1,1,0.5146442651748657
lraa,7595,off,3103,1258,0,0,0.4926762878894806
lraa,7595,off,3104,569,1,1,0.5819825530052185
lraa,7595,off,3105,2896,1,1,0.5265862345695496
lraa,7595,off,3106,2039,1,1,0.52220219373703
lraa,7595,off,3107,2764,0,0,0.4797474145889282
lraa,7595,off,3108,1423,1,1,0.5302364826202393
lraa,7595,off,3109,2779,1,1,0.5097643733024597
lraa,7595,off,3110,1571,1,1,0.5131805539131165
lraa,7595,off,3111,2708,0,0,0.4995117485523224
lraa,7595,off,3112,1944,0,0,0.45859116315841675
lraa,7595,off,3113,62,0,0,0.47025004029273987
lraa,7595,off,3114,708,1,1,0.5151321291923523
lraa,7595,off,3115,208,1,1,0.5457699298858643
lraa,7595,off,3116,1813,1,1,0.5435901880264282
lraa,7595,off,3117,2908,1,1,0.5597714185714722
lraa,7595,off,3118,1607,1,1,0.5217148661613464
lraa,7595,off,3119,2171,1,1,0.5513321757316589
lraa,7595,off,3120,123,0,0,0.47731053829193115
lraa,7595,off,3121,2457,0,0,0.47414419054985046
lraa,7595,off,3122,299,0,0,0.4809662103652954
lraa,7595,off,3123,73,1,1,0.5566405653953552
lraa,7595,off,3124,2346,1,1,0.5
lraa,7595,off,3125,1731,1,1,0.5136684775352478
lraa,7595,off,3126,2270,0,0,0.47317034006118774
lraa,7595,off,3127,1396,1,1,0.5349769592285156
lraa,7595,off,3128,1870,1,1,0.5265862345695496
lraa,7595,off,3129,1132,0,1,0.50146484375
lraa,7595,off,3130,1241,0,0,0.4539879560470581
lraa,7595,off,3131,358,1,1,0.5936092734336853
lraa,7595,off,3132,1563,1,1,0.5462540984153748
lraa,7595,off,3133,2403,0,0,0.49218812584877014
lraa,7595,off,3134,1587,1,1,0.5226894617080688
lraa,7595,off,3135,2690,1,1,0.5234203934669495
lraa,7595,off,3136,1651,1,1,0.6022955179214478
lraa,7595,off,3137,661,0,1,0.5270731449127197
lraa,7595,off,3138,2080,0,0,0.4641728699207306
lraa,7595,off,3139,2039,1,1,0.5580862164497375
lraa,7595,off,3140,2750,1,1,0.5846862196922302
lraa,7595,off,3141,1293,1,1,0.5200088620185852
lraa,7595,off,3142,1383,0,0,0.45495644211769104
lraa,7595,off,3143,1424,1,1,0.5722447633743286
lraa,7595,off,3144,1295,0,0,0.4651445150375366
lraa,7595,off,3145,800,1,1,0.5214711427688599
lraa,7595,off,3146,282,1,1,0.530722975730896
lraa,7595,off,3147,2735,1,1,0.5472221374511719
lraa,7595,off,3148,2534,1,1,0.5557366609573364
lraa,7595,off,3149,1066,1,1,0.5771676898002625
lraa,7595,off,3150,1822,1,1,0.5265862345695496
lraa,7595,off,3151,2890,1,1,0.5469801425933838
lraa,7595,off,3152,2598,0,0,0.491211861371994
lraa,7595,off,3153,1039,1,1,0.5655986666679382
lraa,7595,off,3154,2030,1,1,0.5292633771896362
lraa,7595,off,3155,2586,0,0,0.4877953827381134
lraa,7595,off,3156,758,0,0,0.4709799289703369
lraa,7595,off,3157,129,1,1,0.5299932360649109
lraa,7595,off,3158,560,0,1,0.50244140625
lraa,7595,off,3159,2788,1,1,0.5097643733024597
lraa,7595,off,3160,1503,0,0,0.47073662281036377
lraa,7595,off,3161,2057,1,1,0.5557968616485596
lraa,7595,off,3162,406,1,1,0.5141563415527344
lraa,7595,off,3163,1841,1,1,0.5275599360466003
lraa,7595,off,3164,2103,1,0,0.4951173663139343
lraa,7595,off,3165,2114,1,1,0.5685356259346008
lraa,7595,off,3166,2867,0,0,0.47219666838645935
lraa,7595,off,3167,370,1,0,0.4892594516277313
lraa,7595,off,3168,642,1,1,0.6062653660774231
lraa,7595,off,3169,1628,0,0,0.4719533324241638
lraa,7595,off,3170,1796,0,0,0.48535576462745667
lraa,7595,off,3171,1198,1,1,0.5399537086486816
lraa,7595,off,3172,956,0,1,0.5063472986221313
lraa,7595,off,3173,2383,1,1,0.5226894617080688
lraa,7595,off,3174,761,1,1,0.5743052363395691
lraa,7595,off,3175,1172,1,1,0.524394690990448
lraa,7595,off,3176,1604,1,1,0.5304797887802124
lraa,7595,off,3177,219,1,1,0.5469801425933838
lraa,7595,off,3178,2392,1,1,0.5156199336051941
lraa,7595,off,3179,1331,1,1,0.5496405959129333
lraa,7595,off,3180,1441,0,0,0.4765796661376953
lraa,7595,off,3181,2172,1,1,0.5151321291923523
lraa,7595,off,3182,1244,0,0,0.4678179919719696
lraa,7595,off,3183,2381,1,1,0.5481898188591003
lraa,7595,off,3184,2239,1,1,0.5646387338638306
lraa,7595,off,3185,923,0,0,0.47731053829193115
lraa,7595,off,3186,2232,1,0,0.49365267157554626
lraa,7595,off,3187,2010,1,1,0.532181978225708
lraa,7595,off,3188,991,0,0,0.4931644797325134
lraa,7595,off,3189,2810,0,0,0.469277024269104
lraa,7595,off,3190,2530,0,0,0.4946291148662567
lraa,7595,off,3191,1523,0,0,0.47317034006118774
lraa,7595,off,3192,954,1,1,0.5808127522468567
lraa,7595,off,3193,1872,0,0,0.45568299293518066
lraa,7595,off,3194,1455,0,0,0.47438767552375793
lraa,7595,off,3195,1437,0,0,0.47414419054985046
lraa,7595,off,3196,2352,0,0,0.49609383940696716
lraa,7595,off,3197,137,1,1,0.5404388308525085
lraa,7595,off,3198,2745,1,1,0.5843898057937622
lraa,7595,off,3199,839,1,1,0.5662283897399902
lraa,7595,off,3200,1193,1,1,0.5102524757385254
lraa,7595,off,3201,2006,1,1,0.5504865646362305
lraa,7595,off,3202,1771,0,0,0.489747554063797
lraa,7595,off,3203,1436,0,1,0.5117166042327881
lraa,7595,off,3204,2504,0,1,0.5
lraa,7595,off,3205,133,1,1,0.6106856465339661
lraa,7595,off,3206,2320,1,1,0.5576044321060181
lraa,7595,off,3207,2871,0,0,0.47292691469192505
lraa,7595,off,3208,2214,1,1,0.5431056022644043
lraa,7595,off,3209,2564,1,1,0.5691343545913696
lraa,7595,off,3210,322,1,1,0.5053709149360657
lraa,7595,off,3211,401,1,1,0.5608540773391724
lraa,7595,off,3212,1078,0,0,0.48194143176078796
lraa,7595,off,3213,157,0,1,0.5
lraa,7595,off,3214,2529,1,1,0.574573814868927
lraa,7595,off,3215,889,1,1,0.5689547657966614
lraa,7595,off,3216,1871,0,0,0.4965820908546448
lraa,7595,off,3217,2340,1,1,0.516839325428009
lraa,7595,off,3218,5,1,1,0.5526604056358337
lraa,7595,off,3219,121,1,1,0.501953125
lraa,7595,off,3220,1479,0,0,0.47414419054985046
lraa,7595,off,3221,1526,0,0,0.4946291148662567
lraa,7595,off,3222,2438,1,1,0.5165954232215881
lraa,7595,off,3223,2751,0,0,0.4946291148662567
lraa,7595,off,3224,1113,0,0,0.44299790263175964
lraa,7595,off,3225,360,1,1,0.5231767296791077
lraa,7595,off,3226,2848,0,0,0.46368709206581116
lraa,7595,off,3227,767,1,0,0.4809662103652954
lraa,7595,off,3228,2682,1,1,0.5175709128379822
lraa,7595,off,3229,1819,1,1,0.565958559513092
lraa,7595,off,3230,399,1,1,0.5039061903953552
lraa,7595,off,3231,115,1,1,0.5170831680297852
lraa,7595,off,3232,328,1,1,0.5234203934669495
lraa,7595,off,3233,2895,1,1,0.5370413661003113
lraa,7595,off,3234,897,0,0,0.4605315029621124
lraa,7595,off,3235,1846,0,0,0.4515683650970459
lraa,7595,off,3236,2739,1,1,0.5607337951660156
lraa,7595,off,3237,1417,1,1,0.5146442651748657
lraa,7595,off,3238,1532,1,1,0.5122045874595642
lraa,7595,off,3239,1185,1,1,0.5498823523521423
lraa,7595,off,3240,352,1,1,0.5063472986221313
lraa,7595,off,3241,817,1,1,0.5314525961875916
lraa,7595,off,3242,2898,1,1,0.5898787975311279
lraa,7595,off,3243,857,1,1,0.5506073832511902
lraa,7595,off,3244,495,0,0,0.4787725508213043
lraa,7595,off,3245,1255,1,1,0.5602526664733887
lraa,7595,off,3246,1490,1,1,0.5087881684303284
lraa,7595,off,3247,1035,1,1,0.5733798742294312
lraa,7595,off,3248,1732,0,0,0.4598037302494049
lraa,7595,off,3249,455,1,1,0.5445592403411865
lraa,7595,off,3250,2622,1,1,0.5314525961875916
lraa,7595,off,3251,472,1,1,0.5720056891441345
lraa,7595,off,3252,1711,1,1,0.5532639026641846
lraa,7595,off,3253,1365,1,0,0.489747554063797
lraa,7595,off,3254,2557,1,1,0.5440747737884521
lraa,7595,off,3255,2887,0,0,0.48584359884262085
lraa,7595,off,3256,1422,0,0,0.47487467527389526
lraa,7595,off,3257,1133,1,1,0.6033477187156677
lraa,7595,off,3258,1216,0,0,0.4605315029621124
lraa,7595,off,3259,1603,0,0,0.47828513383865356
lraa,7595,off,3260,437,0,0,0.4938967823982239
lraa,7595,off,3261,1106,1,1,0.5287767648696899
lraa,7595,off,3262,2134,0,0,0.49218812584877014
lraa,7595,off,3263,141,1,1,0.5251253247261047
lraa,7595,off,3264,2048,1,0,0.489747554063797
lraa,7595,off,3265,1650,1,1,0.5156199336051941
lraa,7595,off,3266,1923,1,1,0.5638583302497864
lraa,7595,off,3267,1689,1,1,0.5664982199668884
lraa,7595,off,3268,37,1,1,0.5443170070648193
lraa,7595,off,3269,555,0,0,0.47317034006118774
lraa,1676,on,0,2461,0,0,0.28298813104629517
lraa,1676,on,1,652,1,1,0.9833109378814697
lraa,1676,on,2,694,1,1,0.9630919694900513
lraa,1676,on,3,1750,1,1,0.9949001669883728
lraa,1676,on,4,1356,1,1,0.6588566303253174
lraa,1676,on,5,1061,0,0,0.017442483454942703
lraa,1676,on,6,1159,1,1,0.9845753908157349
lraa,1676,on,7,2712,1,1,0.9860442876815796
lraa,1676,on,8,741,1,1,0.8267117738723755
lraa,1676,on,9,2320,1,1,0.9925969839096069
lraa,1676,on,10,2845,1,1,0.9336731433868408
lraa,1676,on,11,2427,0,0,0.016914913430809975
lraa,1676,on,12,1377,1,0,0.004038591403514147
lraa,1676,on,13,2556,1,1,0.5695234537124634
lraa,1676,on,14,250,1,1,0.9956346154212952
lraa,1676,on,15,366,1,1,0.9549844264984131
lraa,1676,on,16,552,1,1,0.9925393462181091
lraa,1676,on,17,1806,1,1,0.9717789888381958
lraa,1676,on,18,2637,1,1,0.9433475732803345
lraa,1676,on,19,1116,1,1,0.9936610460281372
lraa,1676,on,20,1854,0,0,0.05310790240764618
lraa,1676,on,21,580,1,1,0.7905303239822388
lraa,1676,on,22,460,1,1,0.851582944393158
lraa,1676,on,23,1326,1,1,0.9776285290718079
lraa,1676,on,24,514,1,0,0.024053553119301796
lraa,1676,on,25,2687,1,1,0.967777669429779
lraa,1676,on,26,760,1,1,0.9202179908752441
lraa,1676,on,27,2644,0,0,0.01287075038999319
lraa,1676,on,28,2211,1,1,0.9926542043685913
lraa,1676,on,29,319,1,1,0.9956685304641724
lraa,1676,on,30,1904,1,1,0.9914886951446533
lraa,1676,on,31,2776,1,1,0.9895108342170715
lraa,1676,on,32,79,0,0,0.02722090296447277
lraa,1676,on,33,2863,1,1,0.6932653188705444
lraa,1676,on,34,2290,1,1,0.9949788451194763
lraa,1676,on,35,466,1,1,0.9831499457359314
lraa,1676,on,36,1201,0,0,0.004829722456634045
lraa,1676,on,37,577,1,1,0.9928786158561707
lraa,1676,on,38,2136,0,0,0.035577889531850815
lraa,1676,on,39,2307,0,0,0.0032476766500622034
lraa,1676,on,40,2777,1,1,0.992061972618103
lraa,1676,on,41,2198,0,0,0.005819959565997124
lraa,1676,on,42,2915,1,0,0.12463856488466263
lraa,1676,on,43,2480,0,0,0.007937993854284286
lraa,1676,on,44,51,1,1,0.9923638105392456
lraa,1676,on,45,2020,1,1,0.9609517455101013
lraa,1676,on,46,2010,1,1,0.993854820728302
lraa,1676,on,47,193,1,1,0.9909447431564331
lraa,1676,on,48,2614,1,1,0.9914224743843079
lraa,1676,on,49,2184,1,0,0.005511933472007513
lraa,1676,on,50,109,1,1,0.7788175344467163
lraa,1676,on,51,2054,1,1,0.9947391152381897
lraa,1676,on,52,2380,0,0,0.011642225086688995
lraa,1676,on,53,1701,1,1,0.9607312679290771
lraa,1676,on,54,904,0,0,0.03210070729255676
lraa,1676,on,55,1675,0,1,0.7256486415863037
lraa,1676,on,56,2023,1,1,0.9929336309432983
lraa,1676,on,57,2337,1,1,0.9777138829231262
lraa,1676,on,58,1693,0,0,0.016277460381388664
lraa,1676,on,59,1596,1,1,0.9929881691932678
lraa,1676,on,60,1648,0,0,0.051272422075271606
lraa,1676,on,61,32,0,0,0.009055264294147491
lraa,1676,on,62,274,0,0,0.12106089293956757
lraa,1676,on,63,2462,1,1,0.9916841983795166
lraa,1676,on,64,772,1,1,0.9617521166801453
lraa,1676,on,65,747,1,0,0.22168749570846558
lraa,1676,on,66,1981,1,0,0.16667540371418
lraa,1676,on,67,556,0,0,0.06052938848733902
lraa,1676,on,68,135,0,0,0.03853849321603775
lraa,1676,on,69,869,1,1,0.9783847332000732
lraa,1676,on,70,523,1,1,0.989591658115387
lraa,1676,on,71,112,1,0,0.45713675022125244
lraa,1676,on,72,2393,0,1,0.7256486415863037
lraa,1676,on,73,442,1,1,0.9884026646614075
lraa,1676,on,74,986,1,1,0.9947391152381897
lraa,1676,on,75,2269,1,1,0.8335957527160645
lraa,1676,on,76,1195,0,0,0.04023794084787369
lraa,1676,on,77,1647,0,0,0.01098694372922182
lraa,1676,on,78,2589,1,1,0.9936116337776184
lraa,1676,on,79,2775,0,0,0.008847354911267757
lraa,1676,on,80,1337,0,0,0.01073516346514225
lraa,1676,on,81,2507,1,1,0.9950946569442749
lraa,1676,on,82,1553,0,0,0.09653530269861221
lraa,1676,on,83,2406,1,1,0.9050289392471313
lraa,1676,on,84,1087,0,1,0.9561454057693481
lraa,1676,on,85,2355,1,1,0.9798226952552795
lraa,1676,on,86,1965,1,1,0.8140527606010437
lraa,1676,on,87,201,1,1,0.9921841025352478
lraa,1676,on,88,750,1,1,0.9951702952384949
lraa,1676,on,89,304,1,1,0.9815244078636169
lraa,1676,on,90,1123,1,1,0.7718434929847717
lraa,1676,on,91,1899,1,1,0.8812065720558167
lraa,1676,on,92,91,1,1,0.9957020878791809
lraa,1676,on,93,1659,1,1,0.9855521321296692
lraa,1676,on,94,2311,1,1,0.9670388102531433
lraa,1676,on,95,1298,0,1,0.6270381808280945
lraa,1676,on,96,2443,1,1,0.9925969839096069
lraa,1676,on,97,2913,1,1,0.9910145401954651
lraa,1676,on,98,636,0,0,0.02080448903143406
lraa,1676,on,99,863,0,0,0.01182339433580637
lraa,1676,on,100,1427,1,1,0.9950177073478699
lraa,1676,on,101,81,0,1,0.9118099808692932
lraa,1676,on,102,835,1,1,0.9921233057975769
lraa,1676,on,103,353,0,0,0.030444350093603134
lraa,1676,on,104,517,1,1,0.9685006141662598
lraa,1676,on,105,1134,1,1,0.9525576233863831
lraa,1676,on,106,634,0,0,0.0067449901252985
lraa,1676,on,107,1207,0,0,0.009196553379297256
lraa,1676,on,108,499,0,1,0.9693241715431213
lraa,1676,on,109,953,0,0,0.014227045699954033
lraa,1676,on,110,2089,1,1,0.994820237159729
lraa,1676,on,111,1488,1,1,0.9420285820960999
lraa,1676,on,112,2330,0,0,0.026759283617138863
lraa,1676,on,113,2174,1,1,0.9556514620780945
lraa,1676,on,114,235,1,1,0.9944880604743958
lraa,1676,on,115,2477,1,1,0.5409238338470459
lraa,1676,on,116,1545,1,1,0.9908744096755981
lraa,1676,on,117,185,1,1,0.9918121099472046
lraa,1676,on,118,1380,0,0,0.011158030480146408
lraa,1676,on,119,891,1,0,0.012673734687268734
lraa,1676,on,120,1536,1,1,0.9776285290718079
lraa,1676,on,121,2532,1,1,0.9902915358543396
lraa,1676,on,122,2528,0,0,0.08632348477840424
lraa,1676,on,123,968,0,0,0.01428193412721157
lraa,1676,on,124,376,1,1,0.9887554049491882
lraa,1676,on,125,2475,0,0,0.08632348477840424
lraa,1676,on,126,2307,0,0,0.004943688865751028
lraa,1676,on,127,658,0,0,0.004365325439721346
lraa,1676,on,128,2671,1,1,0.9713473320007324
lraa,1676,on,129,1252,0,0,0.05587463453412056
lraa,1676,on,130,1301,1,1,0.9888418912887573
lraa,1676,on,131,2562,1,1,0.9600626826286316
lraa,1676,on,132,1947,0,0,0.008644177578389645
lraa,1676,on,133,2296,0,0,0.027585284784436226
lraa,1676,on,134,1176,0,0,0.0073743658140301704
lraa,1676,on,135,1922,1,1,0.9938070178031921
lraa,1676,on,136,1860,1,1,0.9740425944328308
lraa,1676,on,137,124,0,0,0.15002882480621338
lraa,1676,on,138,493,1,1,0.9938070178031921
lraa,1676,on,139,2527,0,0,0.06142403930425644
lraa,1676,on,140,2309,0,1,0.8996515870094299
lraa,1676,on,141,1463,0,0,0.004905405919998884
lraa,1676,on,142,2579,1,1,0.9864678382873535
lraa,1676,on,143,1640,1,1,0.9960545301437378
lraa,1676,on,144,1762,0,0,0.004166256170719862
lraa,1676,on,145,1425,1,1,0.9331876635551453
lraa,1676,on,146,1516,1,1,0.9950177073478699
lraa,1676,on,147,2081,1,1,0.974628746509552
lraa,1676,on,148,695,0,0,0.006241259630769491
lraa,1676,on,149,646,1,1,0.980205237865448
lraa,1676,on,150,1876,0,0,0.01073516346514225
lraa,1676,on,151,2793,1,1,0.9907320141792297
lraa,1676,on,152,34,1,1,0.9968273043632507
lraa,1676,on,153,244,0,0,0.010013571009039879
lraa,1676,on,154,2145,0,0,0.01016965787857771
lraa,1676,on,155,1016,1,0,0.09066502004861832
lraa,1676,on,156,2260,0,0,0.01890544779598713
lraa,1676,on,157,2167,1,1,0.9924227595329285
lraa,1676,on,158,341,1,1,0.9836598634719849
lraa,1676,on,159,1025,1,1,0.9877586960792542
lraa,1676,on,160,2588,1,1,0.8840392827987671
lraa,1676,on,161,1580,1,1,0.9929336309432983
lraa,1676,on,162,444,1,1,0.9575962424278259
lraa,1676,on,163,756,1,1,0.9331876635551453
lraa,1676,on,164,78,0,1,0.9281486868858337
lraa,1676,on,165,2095,0,1,0.9739436507225037
lraa,1676,on,166,2266,1,1,0.9558166265487671
lraa,1676,on,167,2291,0,0,0.4063907265663147
lraa,1676,on,168,1575,0,0,0.00695760827511549
lraa,1676,on,169,785,0,0,0.0064381021074950695
lraa,1676,on,170,2448,0,0,0.03963884338736534
lraa,1676,on,171,1054,0,0,0.003945406526327133
lraa,1676,on,172,2868,1,1,0.665410578250885
lraa,1676,on,173,2872,0,0,0.010408313944935799
lraa,1676,on,174,447,1,1,0.9911527037620544
lraa,1676,on,175,562,1,1,0.9900636076927185
lraa,1676,on,176,1927,0,0,0.015967654064297676
lraa,1676,on,177,1898,1,0,0.19475038349628448
lraa,1676,on,178,369,0,0,0.01065251138061285
lraa,1676,on,179,1307,0,0,0.07971034944057465
lraa,1676,on,180,1733,1,0,0.19682620465755463
lraa,1676,on,181,2310,0,0,0.007176882121711969
lraa,1676,on,182,140,1,1,0.933552086353302
lraa,1676,on,183,644,1,1,0.9351099133491516
lraa,1676,on,184,1949,0,0,0.028611930087208748
lraa,1676,on,185,461,1,1,0.992061972618103
lraa,1676,on,186,1105,1,1,0.9930423498153687
lraa,1676,on,187,1075,1,1,0.9902915358543396
lraa,1676,on,188,1138,1,1,0.9863631129264832
lraa,1676,on,189,890,1,1,0.9822876453399658
lraa,1676,on,190,1766,1,1,0.9767580628395081
lraa,1676,on,191,84,1,1,0.941439151763916
lraa,1676,on,192,2124,1,1,0.9899086952209473
lraa,1676,on,193,1917,1,1,0.9929336309432983
lraa,1676,on,194,2407,1,1,0.6901415586471558
lraa,1676,on,195,535,1,1,0.9468429088592529
lraa,1676,on,196,2106,0,0,0.020884215831756592
lraa,1676,on,197,2115,0,0,0.006850480102002621
lraa,1676,on,198,2937,0,0,0.20721471309661865
lraa,1676,on,199,763,1,1,0.9870296716690063
lraa,1676,on,200,2041,1,1,0.9039745330810547
lraa,1676,on,201,1812,1,1,0.9563905000686646
lraa,1676,on,202,1862,1,1,0.6513549089431763
lraa,1676,on,203,1955,0,1,0.7335473299026489
lraa,1676,on,204,855,1,1,0.942081868648529
lraa,1676,on,205,2417,1,1,0.9912885427474976
lraa,1676,on,206,1238,0,0,0.3345894515514374
lraa,1676,on,207,1849,1,1,0.9933071732521057
lraa,1676,on,208,1671,0,0,0.01073516346514225
lraa,1676,on,209,2088,0,0,0.4561675190925598
lraa,1676,on,210,480,1,1,0.9918753504753113
lraa,1676,on,211,1881,0,1,0.9207897186279297
lraa,1676,on,212,1005,0,0,0.004681822843849659
lraa,1676,on,213,2339,1,1,0.9849852323532104
lraa,1676,on,214,157,0,0,0.02931223064661026
lraa,1676,on,215,2924,1,1,0.9945307374000549
lraa,1676,on,216,171,0,0,0.030014924705028534
lraa,1676,on,217,125,1,1,0.9957684278488159
lraa,1676,on,218,1146,1,1,0.9851576089859009
lraa,1676,on,219,2316,1,1,0.9946980476379395
lraa,1676,on,220,1713,0,0,0.29451924562454224
lraa,1676,on,221,668,0,0,0.06325051933526993
lraa,1676,on,222,577,0,0,0.00695760827511549
lraa,1676,on,223,798,0,0,0.014842418022453785
lraa,1676,on,224,185,1,1,0.9927109479904175
lraa,1676,on,225,2225,0,0,0.10521053522825241
lraa,1676,on,226,1857,1,1,0.9367494583129883
lraa,1676,on,227,2766,1,1,0.985042929649353
lraa,1676,on,228,1787,1,0,0.3437821865081787
lraa,1676,on,229,628,0,1,0.9651191234588623
lraa,1676,on,230,2082,1,1,0.9859904050827026
lraa,1676,on,231,1270,1,1,0.9907320141792297
lraa,1676,on,232,843,1,1,0.995354413986206
lraa,1676,on,233,1550,0,0,0.26416850090026855
lraa,1676,on,234,2001,1,1,0.986151397228241
lraa,1676,on,235,2335,0,0,0.009878941811621189
lraa,1676,on,236,2798,0,0,0.047624796628952026
lraa,1676,on,237,1635,1,1,0.9336731433868408
lraa,1676,on,238,2760,1,1,0.9950562715530396
lraa,1676,on,239,286,0,0,0.004297938663512468
lraa,1676,on,240,1617,1,1,0.9932025074958801
lraa,1676,on,241,423,1,1,0.9130582809448242
lraa,1676,on,242,211,0,0,0.02456308715045452
lraa,1676,on,243,2839,0,0,0.004503272473812103
lraa,1676,on,244,409,1,1,0.9121235609054565
lraa,1676,on,245,2016,1,1,0.9896718263626099
lraa,1676,on,246,467,0,0,0.007876706309616566
lraa,1676,on,247,4,1,1,0.9822876453399658
lraa,1676,on,248,1341,1,1,0.9132132530212402
lraa,1676,on,249,2657,1,1,0.9910838603973389
lraa,1676,on,250,1879,1,1,0.9912885427474976
lraa,1676,on,251,1861,1,1,0.9949396848678589
lraa,1676,on,252,1032,1,1,0.9941800832748413
lraa,1676,on,253,529,1,1,0.9940428137779236
lraa,1676,on,254,1350,1,1,0.9697853922843933
lraa,1676,on,255,2445,1,1,0.5926666259765625
lraa,1676,on,256,463,1,1,0.9946150183677673
lraa,1676,on,257,797,1,1,0.780662477016449
lraa,1676,on,258,1403,0,0,0.015189049765467644
lraa,1676,on,259,1328,0,0,0.35779187083244324
lraa,1676,on,260,1859,0,0,0.016277460381388664
lraa,1676,on,261,2829,1,1,0.9911527037620544
lraa,1676,on,262,154,1,1,0.994401752948761
lraa,1676,on,263,2489,1,1,0.9885804057121277
lraa,1676,on,264,1710,1,1,0.9810219407081604
lraa,1676,on,265,2219,1,1,0.986151397228241
lraa,1676,on,266,966,1,1,0.994401752948761
lraa,1676,on,267,259,1,1,0.9810219407081604
lraa,1676,on,268,132,0,0,0.0035936026833951473
lraa,1676,on,269,124,0,0,0.037961747497320175
lraa,1676,on,270,1496,1,1,0.9884026646614075
lraa,1676,on,271,827,0,0,0.006641112733632326
lraa,1676,on,272,331,0,0,0.11636176705360413
lraa,1676,on,273,1333,1,1,0.9952077269554138
lraa,1676,on,274,1284,1,1,0.9927109479904175
lraa,1676,on,275,75,0,0,0.009196553379297256
lraa,1676,on,276,1453,0,0,0.2429232895374298
lraa,1676,on,277,1894,0,0,0.007518718484789133
lraa,1676,on,278,2013,1,1,0.7718434929847717
lraa,1676,on,279,118,1,1,0.9947391152381897
lraa,1676,on,280,2059,1,1,0.9890975952148438
lraa,1676,on,281,1914,1,1,0.9841545820236206
lraa,1676,on,282,700,0,0,0.005685906391590834
lraa,1676,on,283,2818,1,1,0.9875683188438416
lraa,1676,on,284,2717,0,0,0.06872475892305374
lraa,1676,on,285,1616,1,1,0.9964619278907776
lraa,1676,on,286,883,1,1,0.9924227595329285
lraa,1676,on,287,563,1,1,0.8652240633964539
lraa,1676,on,288,1680,1,0,0.04603390023112297
lraa,1676,on,289,2071,0,0,0.027690257877111435
lraa,1676,on,290,2341,0,0,0.004755199886858463
lraa,1676,on,291,2680,0,0,0.017045317217707634
lraa,1676,on,292,2815,1,1,0.9895108342170715
lraa,1676,on,293,1946,0,0,0.004982269834727049
lraa,1676,on,294,1642,0,1,0.7409248948097229
lraa,1676,on,295,2495,1,1,0.9926542043685913
lraa,1676,on,296,802,1,1,0.9933071732521057
lraa,1676,on,297,1878,1,0,0.14080817997455597
lraa,1676,on,298,801,0,0,0.007695647422224283
lraa,1676,on,299,1141,1,1,0.9959298968315125
lraa,1676,on,300,1737,0,0,0.016914913430809975
lraa,1676,on,301,2831,0,1,0.7655933499336243
lraa,1676,on,302,1399,0,0,0.012576348148286343
lraa,1676,on,303,918,1,1,0.9958011507987976
lraa,1676,on,304,2193,0,0,0.20434190332889557
lraa,1676,on,305,1024,1,0,0.42536652088165283
lraa,1676,on,306,1128,1,1,0.936051607131958
lraa,1676,on,307,175,1,1,0.9925969839096069
lraa,1676,on,308,71,0,0,0.014503580518066883
lraa,1676,on,309,2589,1,1,0.9902915358543396
lraa,1676,on,310,544,1,1,0.9867772459983826
lraa,1676,on,311,1033,0,0,0.004681822843849659
lraa,1676,on,312,2531,0,0,0.03577948734164238
lraa,1676,on,313,1296,1,1,0.9933071732521057
lraa,1676,on,314,2185,1,1,0.988558292388916
lraa,1676,on,315,2076,1,0,0.16687896847724915
lraa,1676,on,316,2284,0,0,0.017045317217707634
lraa,1676,on,317,249,1,1,0.6113819479942322
lraa,1676,on,318,2245,1,1,0.915280282497406
lraa,1676,on,319,1446,1,1,0.9621787071228027
lraa,1676,on,320,2315,1,0,0.1139734610915184
lraa,1676,on,321,1310,1,1,0.9954261183738708
lraa,1676,on,322,35,1,1,0.9793540239334106
lraa,1676,on,323,2574,1,1,0.6909762620925903
lraa,1676,on,324,2035,1,1,0.9902161359786987
lraa,1676,on,325,2604,1,1,0.8701565861701965
lraa,1676,on,326,2261,0,0,0.1650540828704834
lraa,1676,on,327,859,0,0,0.017712296918034554
lraa,1676,on,328,2098,1,1,0.9936116337776184
lraa,1676,on,329,1265,1,1,0.9942250847816467
lraa,1676,on,330,28,1,1,0.9927109479904175
lraa,1676,on,331,1044,1,1,0.9932550191879272
lraa,1676,on,332,1374,1,1,0.9858275651931763
lraa,1676,on,333,2918,1,1,0.9955315589904785
lraa,1676,on,334,1183,0,0,0.1525365114212036
lraa,1676,on,335,2421,0,0,0.012624949216842651
lraa,1676,on,336,641,1,0,0.3118458390235901
lraa,1676,on,337,286,1,1,0.9947391152381897
lraa,1676,on,338,679,1,0,0.2735743820667267
lraa,1676,on,339,27,0,0,0.014899643138051033
lraa,1676,on,340,2726,1,1,0.9779677391052246
lraa,1676,on,341,1598,0,0,0.005099818110466003
lraa,1676,on,342,2178,1,1,0.66888028383255
lraa,1676,on,343,1937,1,1,0.9326989054679871
lraa,1676,on,344,1392,1,1,0.9947391152381897
lraa,1676,on,345,873,1,1,0.9883127808570862
lraa,1676,on,346,494,1,1,0.9718458652496338
lraa,1676,on,347,711,1,1,0.9912885427474976
lraa,1676,on,348,2626,1,1,0.9950946569442749
lraa,1676,on,349,2860,1,1,0.815232515335083
lraa,1676,on,350,184,0,1,0.9348725080490112
lraa,1676,on,351,227,0,0,0.009412589482963085
lraa,1676,on,352,1963,1,1,0.9908744096755981
lraa,1676,on,353,2676,1,1,0.7201715111732483
lraa,1676,on,354,1772,0,0,0.05360114574432373
lraa,1676,on,355,2121,0,0,0.01542455144226551
lraa,1676,on,356,233,1,1,0.9864678382873535
lraa,1676,on,357,974,0,0,0.007460643537342548
lraa,1676,on,358,1706,1,1,0.9852713346481323
lraa,1676,on,359,705,0,0,0.004829722456634045
lraa,1676,on,360,1038,1,1,0.9910838603973389
lraa,1676,on,361,2774,1,1,0.9899863600730896
lraa,1676,on,362,310,1,1,0.9245515465736389
lraa,1676,on,363,2607,0,0,0.009268012829124928
lraa,1676,on,364,1502,1,1,0.9909447431564331
lraa,1676,on,365,2869,0,0,0.006097561679780483
lraa,1676,on,366,217,1,1,0.8438951373100281
lraa,1676,on,367,356,0,0,0.03649376705288887
lraa,1676,on,368,1327,1,1,0.9918121099472046
lraa,1676,on,369,2294,0,0,0.004297938663512468
lraa,1676,on,370,2857,0,1,0.8991213440895081
lraa,1676,on,371,457,1,1,0.9927672147750854
lraa,1676,on,372,377,1,1,0.9733169674873352
lraa,1676,on,373,1743,0,0,0.00806199200451374
lraa,1676,on,374,1393,1,1,0.9719924926757812
lraa,1676,on,375,1145,1,1,0.9919379353523254
lraa,1676,on,376,1072,1,1,0.9893474578857422
lraa,1676,on,377,1419,1,1,0.9833430051803589
lraa,1676,on,378,1789,1,1,0.9895108342170715
lraa,1676,on,379,1978,1,1,0.9909447431564331
lraa,1676,on,380,1674,1,1,0.9918753504753113
lraa,1676,on,381,1246,1,1,0.9943140745162964
lraa,1676,on,382,256,1,0,0.13432104885578156
lraa,1676,on,383,2521,1,1,0.9930961728096008
lraa,1676,on,384,586,1,0,0.05108273774385452
lraa,1676,on,385,2418,1,1,0.995866060256958
lraa,1676,on,386,1114,1,1,0.9846936464309692
lraa,1676,on,387,176,0,1,0.6791787147521973
lraa,1676,on,388,338,1,0,0.004905405919998884
lraa,1676,on,389,1665,1,1,0.9929336309432983
lraa,1676,on,390,721,1,1,0.9443824291229248
lraa,1676,on,391,2235,1,1,0.996570348739624
lraa,1676,on,392,2643,1,1,0.9238675236701965
lraa,1676,on,393,2549,0,0,0.003649987280368805
lraa,1676,on,394,2216,0,1,0.9679220914840698
lraa,1676,on,395,796,0,1,0.9664104580879211
lraa,1676,on,396,1380,0,0,0.012383786030113697
lraa,1676,on,397,227,0,0,0.00985985528677702
lraa,1676,on,398,2410,1,0,0.34953272342681885
lraa,1676,on,399,1109,1,1,0.9867772459983826
lraa,1676,on,400,2759,1,0,0.06027305871248245
lraa,1676,on,401,1292,0,0,0.00695760827511549
lraa,1676,on,402,1941,1,1,0.9939496517181396
lraa,1676,on,403,1966,0,0,0.006241259630769491
lraa,1676,on,404,2444,0,0,0.009412589482963085
lraa,1676,on,405,1826,0,0,0.10875558108091354
lraa,1676,on,406,2498,1,1,0.9086179733276367
lraa,1676,on,407,1195,1,1,0.995354413986206
lraa,1676,on,408,1556,1,1,0.9939963817596436
lraa,1676,on,409,2470,1,1,0.9951325058937073
lraa,1676,on,410,1378,1,1,0.9899863600730896
lraa,1676,on,411,295,0,0,0.09670579433441162
lraa,1676,on,412,1195,1,1,0.9904406070709229
lraa,1676,on,413,675,0,0,0.014392335899174213
lraa,1676,on,414,150,0,0,0.0045384312979876995
lraa,1676,on,415,2756,0,0,0.005685906391590834
lraa,1676,on,416,618,0,0,0.01065251138061285
lraa,1676,on,417,944,1,1,0.9935117363929749
lraa,1676,on,418,2120,1,1,0.9862577319145203
lraa,1676,on,419,2479,1,1,0.9910145401954651
lraa,1676,on,420,2506,0,0,0.006289901677519083
lraa,1676,on,421,1918,1,1,0.9238675236701965
lraa,1676,on,422,266,0,0,0.012288596481084824
lraa,1676,on,423,2181,0,0,0.22776979207992554
lraa,1676,on,424,1267,1,1,0.9953904151916504
lraa,1676,on,425,21,0,0,0.008187909610569477
lraa,1676,on,426,931,0,0,0.14414885640144348
lraa,1676,on,427,768,0,0,0.048136770725250244
lraa,1676,on,428,2660,1,1,0.9951702952384949
lraa,1676,on,429,2414,1,0,0.03346293419599533
lraa,1676,on,430,1866,1,1,0.9616600871086121
lraa,1676,on,431,1264,1,1,0.8397339582443237
lraa,1676,on,432,1317,1,1,0.980728805065155
lraa,1676,on,433,2376,0,0,0.006850480102002621
lraa,1676,on,434,383,0,0,0.1276526302099228
lraa,1676,on,435,445,0,1,0.9945307374000549
lraa,1676,on,436,482,0,0,0.006388320587575436
lraa,1676,on,437,742,1,1,0.9817357659339905
lraa,1676,on,438,1976,1,1,0.988447368144989
lraa,1676,on,439,2585,1,1,0.9951702952384949
lraa,1676,on,440,1549,0,0,0.015072628855705261
lraa,1676,on,441,1179,1,1,0.8670357465744019
lraa,1676,on,442,1957,1,1,0.9940428137779236
lraa,1676,on,443,955,1,1,0.9947799444198608
lraa,1676,on,444,2672,1,1,0.977022647857666
lraa,1676,on,445,403,1,1,0.9543930292129517
lraa,1676,on,446,2583,0,1,0.8976953029632568
lraa,1676,on,447,2003,1,1,0.9900636076927185
lraa,1676,on,448,1161,1,0,0.3253061771392822
lraa,1676,on,449,2451,0,1,0.531209409236908
lraa,1676,on,450,1106,0,1,0.8679338097572327
lraa,1676,on,451,271,1,1,0.9882221817970276
lraa,1676,on,452,8,0,0,0.03567855432629585
lraa,1676,on,453,526,1,1,0.9883127808570862
lraa,1676,on,454,562,1,1,0.9917484521865845
lraa,1676,on,455,84,1,1,0.9669140577316284
lraa,1676,on,456,1280,0,0,0.10521053522825241
lraa,1676,on,457,1405,1,1,0.9944451451301575
lraa,1676,on,458,948,1,1,0.5597714185714722
lraa,1676,on,459,2357,1,1,0.949669361114502
lraa,1676,on,460,2218,1,0,0.20260089635849
lraa,1676,on,461,1160,1,1,0.980205237865448
lraa,1676,on,462,1867,1,1,0.9813107252120972
lraa,1676,on,463,541,0,0,0.01621503196656704
lraa,1676,on,464,2784,0,0,0.037326883524656296
lraa,1676,on,465,2390,1,1,0.9121235609054565
lraa,1676,on,466,2902,1,0,0.39466747641563416
lraa,1676,on,467,2375,0,0,0.008187909610569477
lraa,1676,on,468,2876,1,1,0.9933071732521057
lraa,1676,on,469,285,1,1,0.9837225079536438
lraa,1676,on,470,1480,1,1,0.8747207522392273
lraa,1676,on,471,1150,1,1,0.8255897164344788
lraa,1676,on,472,736,1,1,0.9814534187316895
lraa,1676,on,473,2699,1,1,0.9866748452186584
lraa,1676,on,474,1358,1,1,0.966156005859375
lraa,1676,on,475,2904,1,1,0.9897513389587402
lraa,1676,on,476,867,0,1,0.8108536005020142
lraa,1676,on,477,788,1,1,0.9755768775939941
lraa,1676,on,478,1370,0,1,0.9883127808570862
lraa,1676,on,479,825,0,0,0.0060503981076180935
lraa,1676,on,480,2047,0,0,0.2743513584136963
lraa,1676,on,481,1206,0,0,0.027954399585723877
lraa,1676,on,482,215,1,1,0.9916841983795166
lraa,1676,on,483,1857,0,0,0.005260852165520191
lraa,1676,on,484,1822,1,1,0.834811270236969
lraa,1676,on,485,2170,1,1,0.9904406070709229
lraa,1676,on,486,596,0,1,0.9489172697067261
lraa,1676,on,487,1740,1,1,0.9961456060409546
lraa,1676,on,488,1299,0,0,0.019794780761003494
lraa,1676,on,489,2147,0,0,0.01065251138061285
lraa,1676,on,490,486,0,0,0.014392335899174213
lraa,1676,on,491,271,1,1,0.9951702952384949
lraa,1676,on,492,845,1,1,0.9946568012237549
lraa,1676,on,493,1779,0,0,0.004264634568244219
lraa,1676,on,494,1909,1,1,0.788257360458374
lraa,1676,on,495,1723,1,1,0.9949788451194763
lraa,1676,on,496,2210,1,0,0.21109139919281006
lraa,1676,on,497,1030,1,1,0.9896718263626099
lraa,1676,on,498,593,0,0,0.010693758726119995
lraa,1676,on,499,2348,0,0,0.009633652865886688
lraa,1676,on,500,2685,0,0,0.004867417272180319
lraa,1676,on,501,1457,1,1,0.9838472008705139
lraa,1676,on,502,849,1,1,0.9962345957756042
lraa,1676,on,503,1060,1,0,0.026355354115366936
lraa,1676,on,504,237,0,0,0.02849004417657852
lraa,1676,on,505,2252,1,1,0.9599125981330872
lraa,1676,on,506,2325,0,0,0.006145091727375984
lraa,1676,on,507,978,0,0,0.010013571009039879
lraa,1676,on,508,2018,0,1,0.9642710089683533
lraa,1676,on,509,2255,0,0,0.007460643537342548
lraa,1676,on,510,732,1,1,0.9885804057121277
lraa,1676,on,511,404,0,0,0.16238002479076385
lraa,1676,on,512,2045,0,0,0.017712296918034554
lraa,1676,on,513,1543,1,1,0.986828088760376
lraa,1676,on,514,724,1,1,0.9876639246940613
lraa,1676,on,515,521,0,0,0.020023440942168236
lraa,1676,on,516,2033,0,1,0.9475754499435425
lraa,1676,on,517,682,0,0,0.0060503981076180935
lraa,1676,on,518,462,1,1,0.9962638020515442
lraa,1676,on,519,2240,1,1,0.9887554049491882
lraa,1676,on,520,2227,0,0,0.007460643537342548
lraa,1676,on,521,1089,1,1,0.9950562715530396
lraa,1676,on,522,2442,1,1,0.8031737804412842
lraa,1676,on,523,2375,1,1,0.957912266254425
lraa,1676,on,524,470,1,1,0.9943581223487854
lraa,1676,on,525,1676,0,0,0.005301894620060921
lraa,1676,on,526,1375,0,0,0.009340024553239346
lraa,1676,on,527,992,1,1,0.9974491000175476
lraa,1676,on,528,288,1,1,0.9869794845581055
lraa,1676,on,529,378,1,1,0.9927109479904175
lraa,1676,on,530,1832,0,0,0.009485714137554169
lraa,1676,on,531,1565,0,0,0.011158030480146408
lraa,1676,on,532,1297,0,0,0.006903838366270065
lraa,1676,on,533,1052,0,1,0.8757869601249695
lraa,1676,on,534,1349,1,1,0.9835969805717468
lraa,1676,on,535,1609,1,1,0.9803562164306641
lraa,1676,on,536,727,0,0,0.36387285590171814
lraa,1676,on,537,793,1,1,0.9802808165550232
lraa,1676,on,538,1774,1,1,0.7057850360870361
lraa,1676,on,539,504,1,1,0.995866060256958
lraa,1676,on,540,363,1,0,0.11338309943675995
lraa,1676,on,541,2487,1,0,0.017576882615685463
lraa,1676,on,542,1068,1,1,0.9869794845581055
lraa,1676,on,543,2078,0,0,0.003824483836069703
lraa,1676,on,544,2828,1,1,0.9553191661834717
lraa,1676,on,545,2129,1,0,0.033716537058353424
lraa,1676,on,546,2381,1,1,0.9855521321296692
lraa,1676,on,547,2428,1,1,0.9918121099472046
lraa,1676,on,548,1364,0,0,0.12678517401218414
lraa,1676,on,549,339,1,1,0.992452085018158
lraa,1676,on,550,338,0,0,0.004365325439721346
lraa,1676,on,551,2247,0,0,0.005641908850520849
lraa,1676,on,552,1070,0,1,0.6352224349975586
lraa,1676,on,553,451,1,1,0.9886682629585266
lraa,1676,on,554,381,1,1,0.9905874133110046
lraa,1676,on,555,1831,0,0,0.04430721700191498
lraa,1676,on,556,343,1,1,0.9939496517181396
lraa,1676,on,557,963,1,1,0.9930961728096008
lraa,1676,on,558,1240,1,1,0.9939024448394775
lraa,1676,on,559,419,0,0,0.020645931363105774
lraa,1676,on,560,368,0,0,0.017309095710515976
lraa,1676,on,561,147,1,1,0.86910480260849
lraa,1676,on,562,2890,0,0,0.008124709129333496
lraa,1676,on,563,439,0,0,0.00985985528677702
lraa,1676,on,564,1050,0,0,0.02964750863611698
lraa,1676,on,565,1601,0,0,0.015072628855705261
lraa,1676,on,566,2513,0,0,0.007403014227747917
lraa,1676,on,567,2286,0,0,0.007937993854284286
lraa,1676,on,568,2625,0,0,0.00391482375562191
lraa,1676,on,569,1249,0,0,0.0037072531413286924
lraa,1676,on,570,1462,1,0,0.0699218362569809
lraa,1676,on,571,666,0,0,0.03993731737136841
lraa,1676,on,572,309,1,1,0.9864678382873535
lraa,1676,on,573,1342,1,1,0.9416541457176208
lraa,1676,on,574,393,1,1,0.9932025074958801
lraa,1676,on,575,2690,1,1,0.7122321724891663
lraa,1676,on,576,80,1,1,0.9039745330810547
lraa,1676,on,577,1824,1,1,0.9835969805717468
lraa,1676,on,578,1704,0,1,0.8220463395118713
lraa,1676,on,579,484,1,0,0.4902355968952179
lraa,1676,on,580,667,0,0,0.02790137566626072
lraa,1676,on,581,578,0,0,0.023021256551146507
lraa,1676,on,582,958,1,1,0.9323918223381042
lraa,1676,on,583,538,1,1,0.9830850958824158
lraa,1676,on,584,2877,1,0,0.10970577597618103
lraa,1676,on,585,607,0,0,0.0050211502239108086
lraa,1676,on,586,2322,1,1,0.8563323616981506
lraa,1676,on,587,506,1,1,0.6587468981742859
lraa,1676,on,588,1456,0,0,0.0572819747030735
lraa,1676,on,589,1778,1,1,0.9783847332000732
lraa,1676,on,590,1777,1,1,0.9914886951446533
lraa,1676,on,591,1144,0,0,0.004198795184493065
lraa,1676,on,592,1746,0,0,0.015276945196092129
lraa,1676,on,593,890,0,0,0.4001045823097229
lraa,1676,on,594,1572,1,1,0.9934101700782776
lraa,1676,on,595,1821,0,0,0.05070536211133003
lraa,1676,on,596,1798,1,1,0.9890130758285522
lraa,1676,on,597,2615,1,1,0.9841545820236206
lraa,1676,on,598,1147,1,1,0.9800530076026917
lraa,1676,on,599,2131,1,1,0.9919379353523254
lraa,1676,on,600,793,1,1,0.879561185836792
lraa,1676,on,601,840,1,1,0.9260365962982178
lraa,1676,on,602,1084,0,0,0.008445627987384796
lraa,1676,on,603,1669,1,1,0.703345775604248
lraa,1676,on,604,2288,0,0,0.01640303246676922
lraa,1676,on,605,2233,0,1,0.9822876453399658
lraa,1676,on,606,729,1,1,0.994401752948761
lraa,1676,on,607,349,1,1,0.9291837811470032
lraa,1676,on,608,1289,1,1,0.9898303151130676
lraa,1676,on,609,1573,0,1,0.6884684562683105
lraa,1676,on,610,597,1,1,0.9899086952209473
lraa,1676,on,611,2400,1,1,0.7306743860244751
lraa,1676,on,612,2789,1,1,0.8826303482055664
lraa,1676,on,613,1494,1,1,0.9822876453399658
lraa,1676,on,614,1184,0,0,0.004573863931000233
lraa,1676,on,615,639,1,1,0.989591658115387
lraa,1676,on,616,2544,1,1,0.9843363761901855
lraa,1676,on,617,952,1,1,0.9927109479904175
lraa,1676,on,618,1497,1,1,0.637030839920044
lraa,1676,on,619,448,1,1,0.9902915358543396
lraa,1676,on,620,892,0,0,0.04716186970472336
lraa,1676,on,621,1236,1,1,0.9956685304641724
lraa,1676,on,622,331,1,0,0.3063195049762726
lraa,1676,on,623,633,1,1,0.9966233968734741
lraa,1676,on,624,917,1,1,0.937325656414032
lraa,1676,on,625,1314,1,1,0.8524448275566101
lraa,1676,on,626,1168,1,1,0.9443824291229248
lraa,1676,on,627,1480,1,1,0.9856076240539551
lraa,1676,on,628,818,1,1,0.974190354347229
lraa,1676,on,629,1009,0,1,0.6071974039077759
lraa,1676,on,630,222,0,1,0.9887554049491882
lraa,1676,on,631,769,1,1,0.9845753908157349
lraa,1676,on,632,2519,1,1,0.9868786931037903
lraa,1676,on,633,2361,0,0,0.22439520061016083
lraa,1676,on,634,400,0,0,0.4436004161834717
lraa,1676,on,635,277,1,1,0.9799765348434448
lraa,1676,on,636,660,1,1,0.966156005859375
lraa,1676,on,637,1692,1,1,0.6876299977302551
lraa,1676,on,638,1934,0,0,0.0072890776209533215
lraa,1676,on,639,1460,0,0,0.022201228886842728
lraa,1676,on,640,1230,1,1,0.9888418912887573
lraa,1676,on,641,1645,0,0,0.005865338258445263
lraa,1676,on,642,1475,1,1,0.7590468525886536
lraa,1676,on,643,96,1,1,0.9817357659339905
lraa,1676,on,644,1136,0,0,0.006903838366270065
lraa,1676,on,645,2809,1,1,0.9829546809196472
lraa,1676,on,646,1501,1,0,0.02585877664387226
lraa,1676,on,647,264,0,0,0.005957154091447592
lraa,1676,on,648,1594,1,1,0.9941347241401672
lraa,1676,on,649,587,1,1,0.993854820728302
lraa,1676,on,650,414,1,1,0.995566189289093
lraa,1676,on,651,942,0,0,0.003945406526327133
lraa,1676,on,652,2641,1,1,0.9959613680839539
lraa,1676,on,653,436,0,1,0.7231139540672302
lraa,1676,on,654,1717,1,1,0.9925969839096069
lraa,1676,on,655,1877,1,1,0.9958980679512024
lraa,1676,on,656,1626,1,1,0.6740504503250122
lraa,1676,on,657,2040,0,0,0.06418264657258987
lraa,1676,on,658,2420,1,1,0.9964063763618469
lraa,1676,on,659,2521,1,1,0.9942697286605835
lraa,1676,on,660,158,1,1,0.9894295334815979
lraa,1676,on,661,1312,1,1,0.8289388418197632
lraa,1676,on,662,31,0,1,0.9066531658172607
lraa,1676,on,663,1151,1,1,0.9925393462181091
lraa,1676,on,664,2815,1,1,0.9806548357009888
lraa,1676,on,665,1195,0,0,0.03963884338736534
lraa,1676,on,666,1141,1,1,0.9956005811691284
lraa,1676,on,667,2024,0,0,0.03514484688639641
lraa,1676,on,668,1842,1,1,0.9815951585769653
lraa,1676,on,669,1345,1,1,0.9944880604743958
lraa,1676,on,670,2783,1,1,0.997065007686615
lraa,1676,on,671,1873,1,1,0.9437636137008667
lraa,1676,on,672,1905,1,1,0.9451974034309387
lraa,1676,on,673,2834,1,1,0.9941347241401672
lraa,1676,on,674,1853,0,0,0.008315779268741608
lraa,1676,on,675,1407,1,1,0.7969253659248352
lraa,1676,on,676,2148,0,0,0.01578456163406372
lraa,1676,on,677,1186,0,0,0.022889841347932816
lraa,1676,on,678,1845,0,0,0.02025469020009041
lraa,1676,on,679,273,0,0,0.005301894620060921
lraa,1676,on,680,764,1,1,0.992061972618103
lraa,1676,on,681,2673,1,0,0.1755380630493164
lraa,1676,on,682,1649,1,1,0.980728805065155
lraa,1676,on,683,820,1,0,0.4263215959072113
lraa,1676,on,684,1694,0,0,0.008251599036157131
lraa,1676,on,685,860,1,1,0.9757624268531799
lraa,1676,on,686,2730,0,0,0.012527933344244957
lraa,1676,on,687,1685,0,0,0.01930808648467064
lraa,1676,on,688,887,1,1,0.9927672147750854
lraa,1676,on,689,2009,1,1,0.9711290597915649
lraa,1676,on,690,1397,0,0,0.010013571009039879
lraa,1676,on,691,2430,1,1,0.9954615235328674
lraa,1676,on,692,1892,1,1,0.9895108342170715
lraa,1676,on,693,174,1,1,0.994401752948761
lraa,1676,on,694,2096,1,1,0.9795114994049072
lraa,1676,on,695,1138,0,0,0.008916126564145088
lraa,1676,on,696,364,1,1,0.8518295884132385
lraa,1676,on,697,120,0,0,0.0064882696606218815
lraa,1676,on,698,1735,0,0,0.005911068990826607
lraa,1676,on,699,468,1,1,0.9912885427474976
lraa,1676,on,700,1421,1,1,0.9736446738243103
lraa,1676,on,701,2849,1,1,0.9844563603401184
lraa,1676,on,702,1578,0,0,0.021044565364718437
lraa,1676,on,703,1448,1,1,0.9702399373054504
lraa,1676,on,704,203,1,1,0.9930961728096008
lraa,1676,on,705,1975,0,0,0.11194311827421188
lraa,1676,on,706,2926,1,1,0.9946568012237549
lraa,1676,on,707,751,0,0,0.01016965787857771
lraa,1676,on,708,2583,0,1,0.9082930684089661
lraa,1676,on,709,2093,0,0,0.005139611195772886
lraa,1676,on,710,334,1,1,0.9801293015480042
lraa,1676,on,711,783,1,1,0.9944451451301575
lraa,1676,on,712,1822,0,1,0.6649755239486694
lraa,1676,on,713,611,1,0,0.032344330102205276
lraa,1676,on,714,1994,1,1,0.9933071732521057
lraa,1676,on,715,1882,1,1,0.974628746509552
lraa,1676,on,716,795,1,1,0.9108630418777466
lraa,1676,on,717,407,1,1,0.9871788024902344
lraa,1676,on,718,2313,1,1,0.9640516638755798
lraa,1676,on,719,625,1,1,0.9801293015480042
lraa,1676,on,720,746,0,0,0.004718369338661432
lraa,1676,on,721,1281,1,1,0.9921537041664124
lraa,1676,on,722,1614,1,1,0.9923043847084045
lraa,1676,on,723,2,0,0,0.07146149128675461
lraa,1676,on,724,466,1,1,0.9946568012237549
lraa,1676,on,725,143,1,1,0.9872281551361084
lraa,1676,on,726,2273,1,1,0.9938070178031921
lraa,1676,on,727,2285,0,0,0.006097561679780483
lraa,1676,on,728,1113,0,0,0.008124709129333496
lraa,1676,on,729,2499,1,1,0.9930423498153687
lraa,1676,on,730,2500,0,0,0.024053553119301796
lraa,1676,on,731,1582,1,1,0.9886682629585266
lraa,1676,on,732,1835,1,1,0.9943140745162964
lraa,1676,on,733,557,1,1,0.9930961728096008
lraa,1676,on,734,2882,1,1,0.8386797308921814
lraa,1676,on,735,2707,1,1,0.9870795607566833
lraa,1676,on,736,1499,0,0,0.3910570442676544
lraa,1676,on,737,2025,0,0,0.004133968148380518
lraa,1676,on,738,1379,1,1,0.9952448010444641
lraa,1676,on,739,412,1,1,0.9887554049491882
lraa,1676,on,740,969,0,0,0.3624331057071686
lraa,1676,on,741,483,1,1,0.9961755275726318
lraa,1676,on,742,1062,1,1,0.9661240577697754
lraa,1676,on,743,9,1,1,0.851952850818634
lraa,1676,on,744,2061,1,1,0.9872773289680481
lraa,1676,on,745,683,1,1,0.9963215589523315
lraa,1676,on,746,2482,0,1,0.9887554049491882
lraa,1676,on,747,2452,0,0,0.10922977328300476
lraa,1676,on,748,2396,0,1,0.5409238338470459
lraa,1676,on,749,1191,1,1,0.9951702952384949
lraa,1676,on,750,1055,1,0,0.0534033328294754
lraa,1676,on,751,2893,1,0,0.34510529041290283
lraa,1676,on,752,325,0,0,0.014728613197803497
lraa,1676,on,753,875,1,1,0.9912208914756775
lraa,1676,on,754,2720,0,0,0.036908067762851715
lraa,1676,on,755,1411,1,1,0.6364660859107971
lraa,1676,on,756,1071,1,1,0.9845753908157349
lraa,1676,on,757,1811,1,1,0.8891444206237793
lraa,1676,on,758,161,0,0,0.006903838366270065
lraa,1676,on,759,2760,1,1,0.9963215589523315
lraa,1676,on,760,621,1,1,0.9798997044563293
lraa,1676,on,761,2132,0,0,0.12635333836078644
lraa,1676,on,762,2836,0,0,0.007066401187330484
lraa,1676,on,763,399,1,0,0.41869691014289856
lraa,1676,on,764,2243,1,1,0.8665847778320312
lraa,1676,on,765,686,1,0,0.34092390537261963
lraa,1676,on,766,2910,1,1,0.9788748621940613
lraa,1676,on,767,2674,1,1,0.8899121284484863
lraa,1676,on,768,1515,1,1,0.9946980476379395
lraa,1676,on,769,2384,1,1,0.9960851669311523
lraa,1676,on,770,1836,0,0,0.022116590291261673
lraa,1676,on,771,198,1,1,0.9889278411865234
lraa,1676,on,772,2749,1,1,0.9830850958824158
lraa,1676,on,773,1699,1,1,0.9940428137779236
lraa,1676,on,774,69,0,1,0.8489722013473511
lraa,1676,on,775,1139,0,0,0.0792103260755539
lraa,1676,on,776,950,0,0,0.052814025431871414
lraa,1676,on,777,1234,1,1,0.6053325533866882
lraa,1676,on,778,1018,1,1,0.7098243832588196
lraa,1676,on,779,2304,1,1,0.9905142784118652
lraa,1676,on,780,386,1,1,0.9818752408027649
lraa,1676,on,781,2646,1,1,0.9950177073478699
lraa,1676,on,782,1269,0,0,0.01542455144226551
lraa,1676,on,783,232,0,0,0.4975586235523224
lraa,1676,on,784,450,0,0,0.4030968248844147
lraa,1676,on,785,1576,1,0,0.30569732189178467
lraa,1676,on,786,1759,0,0,0.07613248378038406
lraa,1676,on,787,1268,0,0,0.011777843348681927
lraa,1676,on,788,223,1,1,0.9834068417549133
lraa,1676,on,789,2162,0,0,0.019756920635700226
lraa,1676,on,790,974,0,0,0.005911068990826607
lraa,1676,on,791,1620,1,1,0.9930961728096008
lraa,1676,on,792,2067,1,1,0.9383503198623657
lraa,1676,on,793,2736,1,1,0.910306453704834
lraa,1676,on,794,784,0,0,0.11707911640405655
lraa,1676,on,795,262,1,1,0.9926542043685913
lraa,1676,on,796,1747,1,1,0.9348725080490112
lraa,1676,on,797,728,0,0,0.14780102670192719
lraa,1676,on,798,263,1,1,0.9907320141792297
lraa,1676,on,799,1208,1,1,0.5428633093833923
lraa,1676,on,800,292,0,0,0.005220125894993544
lraa,1676,on,801,1333,1,1,0.9920002222061157
lraa,1676,on,802,619,1,1,0.9863894581794739
lraa,1676,on,803,2616,1,1,0.7813306450843811
lraa,1676,on,804,279,0,0,0.009196553379297256
lraa,1676,on,805,935,1,1,0.8837887048721313
lraa,1676,on,806,452,1,1,0.9702399373054504
lraa,1676,on,807,362,0,0,0.020332353189587593
lraa,1676,on,808,1320,1,1,0.851212203502655
lraa,1676,on,809,2605,1,0,0.10447731614112854
lraa,1676,on,810,2716,1,1,0.9942697286605835
lraa,1676,on,811,1900,1,1,0.9874721169471741
lraa,1676,on,812,1961,1,1,0.9842759370803833
lraa,1676,on,813,2785,1,1,0.9941800832748413
lraa,1676,on,814,985,1,1,0.9933589100837708
lraa,1676,on,815,2433,0,0,0.012624949216842651
lraa,1676,on,816,1629,0,0,0.03810662403702736
lraa,1676,on,817,2870,1,1,0.9841545820236206
lraa,1676,on,818,1270,1,1,0.9790357351303101
lraa,1676,on,819,12,1,0,0.10650458931922913
lraa,1676,on,820,2597,1,1,0.9946150183677673
lraa,1676,on,821,454,1,0,0.03919513151049614
lraa,1676,on,822,2086,0,0,0.006589771248400211
lraa,1676,on,823,512,1,1,0.9910838603973389
lraa,1676,on,824,2755,0,0,0.011463796719908714
lraa,1676,on,825,2276,1,1,0.9728307723999023
lraa,1676,on,826,1125,1,1,0.9933071732521057
lraa,1676,on,827,351,1,1,0.9265698790550232
lraa,1676,on,828,899,0,1,0.8175744414329529
lraa,1676,on,829,122,1,1,0.788257360458374
lraa,1676,on,830,1547,1,1,0.9917484521865845
lraa,1676,on,831,148,0,1,0.9697853922843933
lraa,1676,on,832,1096,0,0,0.03155902028083801
lraa,1676,on,833,2815,1,1,0.9959298968315125
lraa,1676,on,834,943,1,1,0.9862577319145203
lraa,1676,on,835,1430,1,1,0.9883127808570862
lraa,1676,on,836,2693,1,1,0.9665370583534241
lraa,1676,on,837,2425,1,1,0.9778834581375122
lraa,1676,on,838,906,0,0,0.005469274707138538
lraa,1676,on,839,458,0,0,0.007815889082849026
lraa,1676,on,840,913,0,0,0.09670579433441162
lraa,1676,on,841,2724,1,1,0.9901401400566101
lraa,1676,on,842,689,1,1,0.9549844264984131
lraa,1676,on,843,1366,1,1,0.9885804057121277
lraa,1676,on,844,2644,1,0,0.010570487938821316
lraa,1676,on,845,209,1,1,0.8334941267967224
lraa,1676,on,846,473,1,1,0.9950946569442749
lraa,1676,on,847,770,1,1,0.9526017308235168
lraa,1676,on,848,503,0,0,0.004905405919998884
lraa,1676,on,849,178,0,0,0.029535336419939995
lraa,1676,on,850,114,0,0,0.13614831864833832
lraa,1676,on,851,2602,0,0,0.09073548763990402
lraa,1676,on,852,13,0,0,0.043691057711839676
lraa,1676,on,853,224,0,1,0.8178656101226807
lraa,1676,on,854,699,1,1,0.9324532747268677
lraa,1676,on,855,550,1,1,0.994401752948761
lraa,1676,on,856,1959,0,0,0.005139611195772886
lraa,1676,on,857,2668,1,1,0.9882221817970276
lraa,1676,on,858,2719,0,0,0.014728613197803497
lraa,1676,on,859,2846,1,1,0.9817357659339905
lraa,1676,on,860,1346,0,0,0.05964694544672966
lraa,1676,on,861,854,0,0,0.007577240467071533
lraa,1676,on,862,1887,0,0,0.005685906391590834
lraa,1676,on,863,1410,1,1,0.992061972618103
lraa,1676,on,864,2884,0,0,0.015306354500353336
lraa,1676,on,865,2435,1,1,0.9869794845581055
lraa,1676,on,866,960,0,0,0.003976228181272745
lraa,1676,on,867,1980,0,1,0.8935883641242981
lraa,1676,on,868,919,1,1,0.9930423498153687
lraa,1676,on,869,743,0,0,0.006641112733632326
lraa,1676,on,870,1504,1,1,0.9736446738243103
lraa,1676,on,871,85,0,0,0.04328484833240509
lraa,1676,on,872,1085,1,1,0.9681411385536194
lraa,1676,on,873,853,0,0,0.06465348601341248
lraa,1676,on,874,964,1,1,0.740174412727356
lraa,1676,on,875,2197,1,1,0.9956005811691284
lraa,1676,on,876,2345,0,0,0.06284669786691666
lraa,1676,on,877,1363,1,0,0.38630029559135437
lraa,1676,on,878,1599,0,0,0.13730096817016602
lraa,1676,on,879,814,0,0,0.011687257327139378
lraa,1676,on,880,1822,1,1,0.9463988542556763
lraa,1676,on,881,740,1,1,0.9616780281066895
lraa,1676,on,882,274,1,1,0.9929609894752502
lraa,1676,on,883,20,0,0,0.004792316816747189
lraa,1676,on,884,819,0,0,0.004905405919998884
lraa,1676,on,885,2649,0,0,0.005384937860071659
lraa,1676,on,886,420,1,1,0.993854820728302
lraa,1676,on,887,337,0,0,0.0699218362569809
lraa,1676,on,888,2578,1,1,0.8098781704902649
lraa,1676,on,889,1664,1,1,0.9936116337776184
lraa,1676,on,890,2323,0,0,0.010328153148293495
lraa,1676,on,891,274,0,0,0.18053969740867615
lraa,1676,on,892,715,1,1,0.9870296716690063
lraa,1676,on,893,1757,1,1,0.9789553880691528
lraa,1676,on,894,2580,0,0,0.004867417272180319
lraa,1676,on,895,1473,1,1,0.9949396848678589
lraa,1676,on,896,900,0,0,0.01542455144226551
lraa,1676,on,897,1558,0,0,0.01615283451974392
lraa,1676,on,898,2012,1,1,0.9924227595329285
lraa,1676,on,899,2363,0,0,0.2785020172595978
lraa,1676,on,900,2413,1,1,0.9910838603973389
lraa,1676,on,901,2282,1,1,0.9869794845581055
lraa,1676,on,902,741,1,1,0.9758545756340027
lraa,1676,on,903,780,0,0,0.007755536586046219
lraa,1676,on,904,2494,1,1,0.9956346154212952
lraa,1676,on,905,2248,1,1,0.9921233057975769
lraa,1676,on,906,2789,0,0,0.41869691014289856
lraa,1676,on,907,275,0,0,0.09105828404426575
lraa,1676,on,908,1027,1,1,0.9884918928146362
lraa,1676,on,909,1476,1,1,0.989591658115387
lraa,1676,on,910,1175,0,0,0.006145091727375984
lraa,1676,on,911,1666,1,1,0.9863104820251465
lraa,1676,on,912,2850,0,0,0.005511933472007513
lraa,1676,on,913,1124,0,0,0.04107588902115822
lraa,1676,on,914,2128,1,1,0.9860442876815796
lraa,1676,on,915,511,1,1,0.8028648495674133
lraa,1676,on,916,1886,1,1,0.9924227595329285
lraa,1676,on,917,2878,0,0,0.012821214273571968
lraa,1676,on,918,1233,1,1,0.8991213440895081
lraa,1676,on,919,894,1,1,0.9890130758285522
lraa,1676,on,920,1691,0,0,0.042245496064424515
lraa,1676,on,921,737,1,0,0.1755380630493164
lraa,1676,on,922,2375,1,1,0.9369805455207825
lraa,1676,on,923,2436,1,1,0.9773707389831543
lraa,1676,on,924,1799,0,0,0.004433765076100826
lraa,1676,on,925,2740,0,0,0.009055264294147491
lraa,1676,on,926,202,1,1,0.9940890073776245
lraa,1676,on,927,2512,1,1,0.986151397228241
lraa,1676,on,928,1961,1,1,0.9779677391052246
lraa,1676,on,929,2919,1,1,0.9690910577774048
lraa,1676,on,930,2679,1,1,0.9892648458480835
lraa,1676,on,931,1482,0,0,0.14511536061763763
lraa,1676,on,932,1697,0,0,0.05070536211133003
lraa,1676,on,933,1996,1,1,0.5646986961364746
lraa,1676,on,934,2889,1,1,0.9944451451301575
lraa,1676,on,935,2011,1,1,0.9950946569442749
lraa,1676,on,936,1449,0,0,0.014063626527786255
lraa,1676,on,937,405,0,0,0.06097518280148506
lraa,1676,on,938,595,1,1,0.9789553880691528
lraa,1676,on,939,982,1,1,0.9893474578857422
lraa,1676,on,940,1051,1,1,0.9794329404830933
lraa,1676,on,941,1637,1,1,0.942081868648529
lraa,1676,on,942,1780,0,1,0.8925625681877136
lraa,1676,on,943,89,0,1,0.8272706270217896
lraa,1676,on,944,756,1,1,0.9367494583129883
lraa,1676,on,945,1138,1,1,0.96051424741745
lraa,1676,on,946,916,1,1,0.8656789064407349
lraa,1676,on,947,1764,1,0,0.07613248378038406
lraa,1676,on,948,1522,1,1,0.9965435862541199
lraa,1676,on,949,522,1,1,0.9917484521865845
lraa,1676,on,950,2630,1,1,0.9963215589523315
lraa,1676,on,951,2069,1,0,0.05834583565592766
lraa,1676,on,952,2000,0,0,0.004133968148380518
lraa,1676,on,953,789,0,0,0.018264278769493103
lraa,1676,on,954,568,0,0,0.006241259630769491
lraa,1676,on,955,994,0,0,0.4436004161834717
lraa,1676,on,956,1010,1,1,0.9908744096755981
lraa,1676,on,957,2558,1,1,0.7178037762641907
lraa,1676,on,958,2467,1,1,0.9915544390678406
lraa,1676,on,959,2888,1,0,0.01332514826208353
lraa,1676,on,960,128,1,1,0.9863104820251465
lraa,1676,on,961,2741,1,1,0.9880388379096985
lraa,1676,on,962,164,0,0,0.11516223102807999
lraa,1676,on,963,2787,1,1,0.987375020980835
lraa,1676,on,964,2117,1,1,0.9724147915840149
lraa,1676,on,965,2320,1,1,0.9856076240539551
lraa,1676,on,966,2225,1,1,0.8889517188072205
lraa,1676,on,967,653,1,1,0.9683812260627747
lraa,1676,on,968,2478,1,1,0.9865199327468872
lraa,1676,on,969,1058,1,1,0.9690910577774048
lraa,1676,on,970,662,1,1,0.9367494583129883
lraa,1676,on,971,602,1,1,0.9923638105392456
lraa,1676,on,972,1857,0,0,0.006003595422953367
lraa,1676,on,973,1002,1,1,0.996292769908905
lraa,1676,on,974,1514,1,1,0.9862046241760254
lraa,1676,on,975,476,1,1,0.9962051510810852
lraa,1676,on,976,2873,0,1,0.949669361114502
lraa,1676,on,977,1546,1,1,0.532181978225708
lraa,1676,on,978,1935,1,1,0.7657685875892639
lraa,1676,on,979,2301,0,0,0.053206201642751694
lraa,1676,on,980,52,0,1,0.9764904975891113
lraa,1676,on,981,59,1,1,0.986151397228241
lraa,1676,on,982,2244,1,1,0.9961755275726318
lraa,1676,on,983,2196,0,0,0.056548137217760086
lraa,1676,on,984,2471,0,0,0.02262919954955578
lraa,1676,on,985,2752,0,0,0.30404165387153625
lraa,1676,on,986,1195,1,1,0.9899863600730896
lraa,1676,on,987,284,1,1,0.9929881691932678
lraa,1676,on,988,1933,1,1,0.982624351978302
lraa,1676,on,989,2733,0,0,0.007577240467071533
lraa,1676,on,990,894,1,1,0.9905142784118652
lraa,1676,on,991,1560,1,1,0.9912208914756775
lraa,1676,on,992,2221,0,0,0.004331502132117748
lraa,1676,on,993,660,1,0,0.1885479837656021
lraa,1676,on,994,1466,0,0,0.00695760827511549
lraa,1676,on,995,2822,0,0,0.04146227240562439
lraa,1676,on,996,2569,0,0,0.169956237077713
lraa,1676,on,997,1276,1,1,0.966156005859375
lraa,1676,on,998,1638,0,0,0.006589771248400211
lraa,1676,on,999,142,1,1,0.9869794845581055
lraa,1676,on,1000,2385,1,1,0.9893885254859924
lraa,1676,on,1001,1318,0,0,0.05182147026062012
lraa,1676,on,1002,2758,0,0,0.14706452190876007
lraa,1676,on,1003,1094,1,1,0.9882221817970276
lraa,1676,on,1004,1623,1,1,0.950456976890564
lraa,1676,on,1005,706,0,0,0.011597362346947193
lraa,1676,on,1006,1213,1,1,0.9946568012237549
lraa,1676,on,1007,2629,1,1,0.9940890073776245
lraa,1676,on,1008,1401,1,1,0.9681411385536194
lraa,1676,on,1009,1239,1,0,0.2422056347131729
lraa,1676,on,1010,2706,0,1,0.9012274742126465
lraa,1676,on,1011,821,1,1,0.9950177073478699
lraa,1676,on,1012,938,0,0,0.07185126841068268
lraa,1676,on,1013,491,1,0,0.10185714811086655
lraa,1676,on,1014,2886,1,1,0.9928231239318848
lraa,1676,on,1015,2125,1,1,0.9207897186279297
lraa,1676,on,1016,1135,1,0,0.2114168256521225
lraa,1676,on,1017,1359,0,0,0.022889841347932816
lraa,1676,on,1018,313,1,1,0.9787126779556274
lraa,1676,on,1019,2731,0,0,0.004982269834727049
lraa,1676,on,1020,497,0,0,0.016277460381388664
lraa,1676,on,1021,2212,1,1,0.9944451451301575
lraa,1676,on,1022,804,1,1,0.9925393462181091
lraa,1676,on,1023,1782,1,1,0.9914886951446533
lraa,1676,on,1024,2307,0,0,0.003376612439751625
lraa,1676,on,1025,2292,1,1,0.9951702952384949
lraa,1676,on,1026,1816,0,0,0.034358687698841095
lraa,1676,on,1027,1916,0,0,0.039048291742801666
lraa,1676,on,1028,2192,1,1,0.9934611320495605
lraa,1676,on,1029,21,0,0,0.009783875197172165
lraa,1676,on,1030,543,1,0,0.14342747628688812
lraa,1676,on,1031,606,1,1,0.9905142784118652
lraa,1676,on,1032,2851,1,1,0.9872773289680481
lraa,1676,on,1033,2347,1,1,0.9942697286605835
lraa,1676,on,1034,754,1,1,0.7514657974243164
lraa,1676,on,1035,286,1,1,0.9950177073478699
lraa,1676,on,1036,962,0,1,0.9856076240539551
lraa,1676,on,1037,290,1,0,0.0918697863817215
lraa,1676,on,1038,990,1,1,0.9899863600730896
lraa,1676,on,1039,771,1,1,0.9927672147750854
lraa,1676,on,1040,166,0,0,0.07081619650125504
lraa,1676,on,1041,1257,0,0,0.0762699693441391
lraa,1676,on,1042,1855,0,1,0.7793218493461609
lraa,1676,on,1043,1660,1,1,0.9940428137779236
lraa,1676,on,1044,2568,1,1,0.5851011276245117
lraa,1676,on,1045,1968,1,1,0.9485372304916382
lraa,1676,on,1046,1694,1,0,0.1114344522356987
lraa,1676,on,1047,2472,1,1,0.9957352876663208
lraa,1676,on,1048,490,0,0,0.09467770159244537
lraa,1676,on,1049,1807,0,0,0.013020489364862442
lraa,1676,on,1050,168,1,1,0.9610980749130249
lraa,1676,on,1051,1021,1,1,0.9881309270858765
lraa,1676,on,1052,1321,0,1,0.7310585379600525
lraa,1676,on,1053,1557,0,0,0.004365325439721346
lraa,1676,on,1054,2401,1,1,0.9858275651931763
lraa,1676,on,1055,1758,1,1,0.9895108342170715
lraa,1676,on,1056,1402,1,1,0.9942697286605835
lraa,1676,on,1057,2240,1,1,0.9707987308502197
lraa,1676,on,1058,2511,1,1,0.9874235987663269
lraa,1676,on,1059,1801,1,1,0.9917484521865845
lraa,1676,on,1060,2794,0,0,0.010013571009039879
lraa,1676,on,1061,1856,1,1,0.9839708209037781
lraa,1676,on,1062,745,0,0,0.008847354911267757
lraa,1676,on,1063,877,1,1,0.8068526387214661
lraa,1676,on,1064,2036,1,1,0.9429286122322083
lraa,1676,on,1065,2144,1,1,0.941149115562439
lraa,1676,on,1066,650,1,1,0.9917803406715393
lraa,1676,on,1067,995,0,0,0.0064381021074950695
lraa,1676,on,1068,1465,1,0,0.43782350420951843
lraa,1676,on,1069,1100,1,1,0.9865716695785522
lraa,1676,on,1070,528,1,1,0.9958337545394897
lraa,1676,on,1071,144,0,0,0.005598248448222876
lraa,1676,on,1072,428,0,0,0.006241259630769491
lraa,1676,on,1073,2781,1,1,0.9939024448394775
lraa,1676,on,1074,610,1,0,0.09170696884393692
lraa,1676,on,1075,1505,0,0,0.3225260078907013
lraa,1676,on,1076,1792,1,0,0.4527778923511505
lraa,1676,on,1077,572,1,1,0.9636005163192749
lraa,1676,on,1078,1869,0,0,0.008251599036157131
lraa,1676,on,1079,558,1,1,0.9946150183677673
lraa,1676,on,1080,1540,1,1,0.9874721169471741
lraa,1676,on,1081,22,1,1,0.9856076240539551
lraa,1676,on,1082,925,0,0,0.022889841347932816
lraa,1676,on,1083,2534,1,1,0.6992543935775757
lraa,1676,on,1084,86,1,1,0.9879462122917175
lraa,1676,on,1085,2236,1,1,0.646683394908905
lraa,1676,on,1086,43,1,1,0.8529354333877563
lraa,1676,on,1087,2043,0,1,0.6039317846298218
lraa,1676,on,1088,905,1,1,0.9916841983795166
lraa,1676,on,1089,551,0,0,0.026963500306010246
lraa,1676,on,1090,2534,1,1,0.7704647779464722
lraa,1676,on,1091,153,0,0,0.008644177578389645
lraa,1676,on,1092,1962,0,0,0.05184547230601311
lraa,1676,on,1093,951,0,1,0.9591543078422546
lraa,1676,on,1094,1469,1,1,0.9902161359786987
lraa,1676,on,1095,2920,1,1,0.995866060256958
lraa,1676,on,1096,1770,1,1,0.9925393462181091
lraa,1676,on,1097,2734,1,1,0.9874235987663269
lraa,1676,on,1098,2885,1,1,0.9905142784118652
lraa,1676,on,1099,2799,1,1,0.9658352136611938
lraa,1676,on,1100,2416,0,1,0.9594592452049255
lraa,1676,on,1101,1844,0,0,0.02595735713839531
lraa,1676,on,1102,1931,0,1,0.6486889719963074
lraa,1676,on,1103,862,0,0,0.0534033328294754
lraa,1676,on,1104,1903,0,0,0.2950267791748047
lraa,1676,on,1105,2844,1,1,0.9890130758285522
lraa,1676,on,1106,2525,0,0,0.013121270574629307
lraa,1676,on,1107,2522,1,1,0.8479677438735962
lraa,1676,on,1108,2215,1,1,0.7318258285522461
lraa,1676,on,1109,2415,1,1,0.9886682629585266
lraa,1676,on,1110,2603,1,1,0.9918121099472046
lraa,1676,on,1111,959,0,1,0.8386797308921814
lraa,1676,on,1112,898,1,1,0.9926542043685913
lraa,1676,on,1113,1608,1,1,0.9930423498153687
lraa,1676,on,1114,677,1,1,0.9687971472740173
lraa,1676,on,1115,229,1,1,0.9802808165550232
lraa,1676,on,1116,2466,1,1,0.9947799444198608
lraa,1676,on,1117,2757,1,1,0.949669361114502
lraa,1676,on,1118,1074,0,1,0.980728805065155
lraa,1676,on,1119,2170,1,1,0.8104788661003113
lraa,1676,on,1120,2153,0,0,0.17133831977844238
lraa,1676,on,1121,165,0,1,0.907394289970398
lraa,1676,on,1122,25,1,1,0.7132319211959839
lraa,1676,on,1123,355,1,1,0.9808759689331055
lraa,1676,on,1124,1500,1,1,0.9842759370803833
lraa,1676,on,1125,1091,0,0,0.30404165387153625
lraa,1676,on,1126,1347,0,0,0.026355354115366936
lraa,1676,on,1127,1215,1,1,0.9942250847816467
lraa,1676,on,1128,2833,1,1,0.9867772459983826
lraa,1676,on,1129,90,1,1,0.9922444224357605
lraa,1676,on,1130,1404,1,1,0.9032942056655884
lraa,1676,on,1131,1512,1,1,0.7110297679901123
lraa,1676,on,1132,1600,0,1,0.9896718263626099
lraa,1676,on,1133,1251,1,1,0.9729595184326172
lraa,1676,on,1134,807,0,0,0.007345826365053654
lraa,1676,on,1135,921,1,1,0.9189906120300293
lraa,1676,on,1136,2432,1,1,0.9916195869445801
lraa,1676,on,1137,2177,1,1,0.9960237741470337
lraa,1676,on,1138,2424,1,1,0.993854820728302
lraa,1676,on,1139,220,1,1,0.9958337545394897
lraa,1676,on,1140,952,1,1,0.9848109483718872
lraa,1676,on,1141,2371,0,0,0.00712142838165164
lraa,1676,on,1142,1474,1,1,0.9928231239318848
lraa,1676,on,1143,126,1,1,0.9941347241401672
lraa,1676,on,1144,1952,1,1,0.9931495785713196
lraa,1676,on,1145,626,1,1,0.7937461733818054
lraa,1676,on,1146,811,0,0,0.007876706309616566
lraa,1676,on,1147,1625,0,0,0.00851130299270153
lraa,1676,on,1148,2713,1,1,0.8781053423881531
lraa,1676,on,1149,2097,1,1,0.8344069123268127
lraa,1676,on,1150,2666,0,0,0.03588069602847099
lraa,1676,on,1151,2180,1,1,0.9916841983795166
lraa,1676,on,1152,2892,1,1,0.9777138829231262
lraa,1676,on,1153,2008,0,0,0.01615283451974392
lraa,1676,on,1154,2268,1,1,0.7442848086357117
lraa,1676,on,1155,138,1,1,0.9902915358543396
lraa,1676,on,1156,2864,1,1,0.9914224743843079
lraa,1676,on,1157,2610,0,0,0.017176710069179535
lraa,1676,on,1158,1804,1,1,0.896975576877594
lraa,1676,on,1159,1588,1,1,0.9951325058937073
lraa,1676,on,1160,1095,0,1,0.8690492510795593
lraa,1676,on,1161,2852,1,1,0.9932025074958801
lraa,1676,on,1162,2722,1,1,0.9946150183677673
lraa,1676,on,1163,2746,1,1,0.9569571614265442
lraa,1676,on,1164,1662,1,1,0.7905303239822388
lraa,1676,on,1165,2631,1,1,0.9853278994560242
lraa,1676,on,1166,2201,1,1,0.9918753504753113
lraa,1676,on,1167,1103,1,1,0.936051607131958
lraa,1676,on,1168,1330,1,1,0.9942697286605835
lraa,1676,on,1169,1546,1,1,0.9943140745162964
lraa,1676,on,1170,1324,1,1,0.9872281551361084
lraa,1676,on,1171,980,0,0,0.01798621006309986
lraa,1676,on,1172,1517,0,0,0.12357699871063232
lraa,1676,on,1173,2441,1,1,0.9912885427474976
lraa,1676,on,1174,1814,0,1,0.7122321724891663
lraa,1676,on,1175,418,1,1,0.9776285290718079
lraa,1676,on,1176,2108,1,1,0.9958980679512024
lraa,1676,on,1177,1511,0,1,0.9734434485435486
lraa,1676,on,1178,1742,1,0,0.40544870495796204
lraa,1676,on,1179,1942,1,1,0.9944880604743958
lraa,1676,on,1180,1897,1,0,0.07913912832736969
lraa,1676,on,1181,1858,1,1,0.9729852676391602
lraa,1676,on,1182,958,1,1,0.9227524995803833
lraa,1676,on,1183,1195,1,1,0.994401752948761
lraa,1676,on,1184,1677,1,1,0.9962638020515442
lraa,1676,on,1185,1442,1,1,0.9892232418060303
lraa,1676,on,1186,1056,1,1,0.9815951585769653
lraa,1676,on,1187,438,0,0,0.011642225086688995
lraa,1676,on,1188,911,1,1,0.9683213829994202
lraa,1676,on,1189,382,0,0,0.007999754510819912
lraa,1676,on,1190,537,0,0,0.021287351846694946
lraa,1676,on,1191,2327,1,1,0.9912208914756775
lraa,1676,on,1192,379,1,0,0.0792103260755539
lraa,1676,on,1193,1263,1,1,0.8128673434257507
lraa,1676,on,1194,1163,1,1,0.9851576089859009
lraa,1676,on,1195,823,0,0,0.012241275981068611
lraa,1676,on,1196,1658,1,1,0.9871788024902344
lraa,1676,on,1197,477,1,1,0.9768466353416443
lraa,1676,on,1198,2090,1,1,0.9899086952209473
lraa,1676,on,1199,2191,1,1,0.9800530076026917
lraa,1676,on,1200,851,1,1,0.9246877431869507
lraa,1676,on,1201,2077,1,1,0.9936610460281372
lraa,1676,on,1202,2051,1,1,0.6098582148551941
lraa,1676,on,1203,816,1,1,0.7520125508308411
lraa,1676,on,1204,1643,0,1,0.5888891220092773
lraa,1676,on,1205,2161,0,0,0.21568095684051514
lraa,1676,on,1206,2143,1,1,0.9880388379096985
lraa,1676,on,1207,858,0,0,0.05387426167726517
lraa,1676,on,1208,1381,1,1,0.9950946569442749
lraa,1676,on,1209,2334,1,1,0.7083134651184082
lraa,1676,on,1210,946,0,0,0.005060331895947456
lraa,1676,on,1211,2689,0,0,0.05623634159564972
lraa,1676,on,1212,920,0,1,0.6247515082359314
lraa,1676,on,1213,2331,1,1,0.987375020980835
lraa,1676,on,1214,544,1,1,0.986415684223175
lraa,1676,on,1215,2632,1,1,0.9828232526779175
lraa,1676,on,1216,1776,1,1,0.8889517188072205
lraa,1676,on,1217,2820,1,1,0.9960851669311523
lraa,1676,on,1218,1027,0,0,0.020177319645881653
lraa,1676,on,1219,1972,1,1,0.8910549879074097
lraa,1676,on,1220,1525,0,0,0.04008735716342926
lraa,1676,on,1221,1506,0,0,0.030329259112477303
lraa,1676,on,1222,1863,1,1,0.9912885427474976
lraa,1676,on,1223,2573,1,1,0.8423450589179993
lraa,1676,on,1224,2065,1,1,0.8233283758163452
lraa,1676,on,1225,2110,1,1,0.9769347906112671
lraa,1676,on,1226,301,0,0,0.004573863931000233
lraa,1676,on,1227,130,1,1,0.9934101700782776
lraa,1676,on,1228,2022,0,1,0.9877586960792542
lraa,1676,on,1229,1413,1,1,0.9840936064720154
lraa,1676,on,1230,973,0,0,0.005060331895947456
lraa,1676,on,1231,1484,1,1,0.9908034801483154
lraa,1676,on,1232,23,1,1,0.9351099133491516
lraa,1676,on,1233,1092,0,1,0.7327831387519836
lraa,1676,on,1234,2163,0,0,0.019531236961483955
lraa,1676,on,1235,488,0,0,0.23810699582099915
lraa,1676,on,1236,2058,0,0,0.007846239022910595
lraa,1676,on,1237,2374,0,0,0.004905405919998884
lraa,1676,on,1238,635,1,0,0.047337718307971954
lraa,1676,on,1239,429,0,0,0.47852882742881775
lraa,1676,on,1240,896,0,0,0.19482697546482086
lraa,1676,on,1241,2606,0,0,0.03358950465917587
lraa,1676,on,1242,18,1,1,0.9976769089698792
lraa,1676,on,1243,2658,0,0,0.008577484637498856
lraa,1676,on,1244,1926,0,0,0.022457055747509003
lraa,1676,on,1245,739,1,1,0.9918753504753113
lraa,1676,on,1246,2447,1,1,0.9939024448394775
lraa,1676,on,1247,140,1,1,0.974821150302887
lraa,1676,on,1248,2754,0,0,0.0360160693526268
lraa,1676,on,1249,1057,1,1,0.9946980476379395
lraa,1676,on,1250,2890,1,1,0.9399133324623108
lraa,1676,on,1251,2395,1,1,0.9942697286605835
lraa,1676,on,1252,838,1,1,0.9906600117683411
lraa,1676,on,1253,2100,0,0,0.009783875197172165
lraa,1676,on,1254,2619,1,1,0.9878528118133545
lraa,1676,on,1255,2007,1,1,0.9948603510856628
lraa,1676,on,1256,1178,0,0,0.006797531619668007
lraa,1676,on,1257,1003,0,0,0.17981843650341034
lraa,1676,on,1258,1214,1,1,0.9866748452186584
lraa,1676,on,1259,2933,1,1,0.9890975952148438
lraa,1676,on,1260,1137,0,0,0.04130730405449867
lraa,1676,on,1261,2652,1,1,0.9553191661834717
lraa,1676,on,1262,1855,1,1,0.9726234674453735
lraa,1676,on,1263,385,1,1,0.9769347906112671
lraa,1676,on,1264,474,0,0,0.016657039523124695
lraa,1676,on,1265,1683,0,0,0.05823862925171852
lraa,1676,on,1266,2107,0,0,0.008380454033613205
lraa,1676,on,1267,2900,1,1,0.6943026781082153
lraa,1676,on,1268,97,0,0,0.009936418384313583
lraa,1676,on,1269,766,0,1,0.9571177959442139
lraa,1676,on,1270,124,0,0,0.07524432986974716
lraa,1676,on,1271,1262,1,1,0.9961155652999878
lraa,1676,on,1272,1993,0,0,0.3557748794555664
lraa,1676,on,1273,2452,1,1,0.9759464263916016
lraa,1676,on,1274,830,0,0,0.012821214273571968
lraa,1676,on,1275,67,0,0,0.01584536023437977
lraa,1676,on,1276,1322,1,1,0.9477691650390625
lraa,1676,on,1277,267,1,1,0.9950177073478699
lraa,1676,on,1278,1613,1,0,0.018124720081686974
lraa,1676,on,1279,2365,1,1,0.9763556718826294
lraa,1676,on,1280,2711,1,1,0.9757624268531799
lraa,1676,on,1281,54,0,0,0.011072160676121712
lraa,1676,on,1282,1047,1,1,0.8406559228897095
lraa,1676,on,1283,1686,1,1,0.5865228176116943
lraa,1676,on,1284,1745,0,0,0.007403014227747917
lraa,1676,on,1285,546,0,0,0.01287075038999319
lraa,1676,on,1286,464,1,1,0.9629528522491455
lraa,1676,on,1287,2906,1,1,0.9942250847816467
lraa,1676,on,1288,1129,0,0,0.006003595422953367
lraa,1676,on,1289,396,0,0,0.05749327689409256
lraa,1676,on,1290,2581,1,0,0.009936418384313583
lraa,1676,on,1291,2542,1,1,0.9937100410461426
lraa,1676,on,1292,45,0,1,0.9509603977203369
lraa,1676,on,1293,2141,1,1,0.9515040516853333
lraa,1676,on,1294,60,1,1,0.9830526113510132
lraa,1676,on,1295,2183,1,1,0.9957020878791809
lraa,1676,on,1296,1037,0,0,0.14608724415302277
lraa,1676,on,1297,2931,1,1,0.985496461391449
lraa,1676,on,1298,1752,1,1,0.9868786931037903
lraa,1676,on,1299,1759,1,1,0.9710193276405334
lraa,1676,on,1300,2566,1,0,0.21866938471794128
lraa,1676,on,1301,926,1,1,0.9743373394012451
lraa,1676,on,1302,2753,0,0,0.00955939944833517
lraa,1676,on,1303,260,0,0,0.010013571009039879
lraa,1676,on,1304,1984,1,1,0.896975576877594
lraa,1676,on,1305,1696,0,0,0.3328523337841034
lraa,1676,on,1306,1220,1,1,0.9953181147575378
lraa,1676,on,1307,2930,0,0,0.016466174274683
lraa,1676,on,1308,1277,1,1,0.9950562715530396
lraa,1676,on,1309,136,1,1,0.9958011507987976
lraa,1676,on,1310,1387,1,0,0.11436852067708969
lraa,1676,on,1311,2875,1,0,0.2925953269004822
lraa,1676,on,1312,1130,1,1,0.9937100410461426
lraa,1676,on,1313,912,1,1,0.9812389612197876
lraa,1676,on,1314,1919,1,1,0.9910145401954651
lraa,1676,on,1315,822,1,1,0.9930961728096008
lraa,1676,on,1316,350,0,0,0.008380454033613205
lraa,1676,on,1317,2768,1,1,0.9914886951446533
lraa,1676,on,1318,435,0,0,0.005260852165520191
lraa,1676,on,1319,1961,1,1,0.9834068417549133
lraa,1676,on,1320,613,1,1,0.9956685304641724
lraa,1676,on,1321,344,1,1,0.9899086952209473
lraa,1676,on,1322,698,1,1,0.9972637891769409
lraa,1676,on,1323,2264,1,1,0.9859364032745361
lraa,1676,on,1324,1365,1,0,0.16667540371418
lraa,1676,on,1325,1855,0,0,0.00955939944833517
lraa,1676,on,1326,573,0,0,0.009633652865886688
lraa,1676,on,1327,1940,1,0,0.3363310396671295
lraa,1676,on,1328,82,0,0,0.005730246659368277
lraa,1676,on,1329,498,1,1,0.9947799444198608
lraa,1676,on,1330,204,1,1,0.9910838603973389
lraa,1676,on,1331,1261,0,0,0.009412589482963085
lraa,1676,on,1332,1325,1,1,0.9863631129264832
lraa,1676,on,1333,1026,0,0,0.018124720081686974
lraa,1676,on,1334,1971,0,0,0.009412589482963085
lraa,1676,on,1335,2113,1,1,0.9837225079536438
lraa,1676,on,1336,191,1,0,0.03704717382788658
lraa,1676,on,1337,1969,1,1,0.958304226398468
lraa,1676,on,1338,2601,1,1,0.9302051067352295
lraa,1676,on,1339,1803,1,1,0.9778834581375122
lraa,1676,on,1340,2534,1,0,0.2146914154291153
lraa,1676,on,1341,1241,0,0,0.005343256518244743
lraa,1676,on,1342,1690,1,1,0.9851576089859009
lraa,1676,on,1343,1602,1,1,0.7371581792831421
lraa,1676,on,1344,2350,0,0,0.023164456710219383
lraa,1676,on,1345,1385,0,1,0.8267117738723755
lraa,1676,on,1346,73,1,1,0.9943140745162964
lraa,1676,on,1347,686,1,1,0.9518632292747498
lraa,1676,on,1348,432,1,1,0.9917484521865845
lraa,1676,on,1349,1668,1,1,0.9928231239318848
lraa,1676,on,1350,2202,0,0,0.008577484637498856
lraa,1676,on,1351,380,1,1,0.9809491038322449
lraa,1676,on,1352,1527,1,1,0.9687380790710449
lraa,1676,on,1353,2642,0,0,0.013848611153662205
lraa,1676,on,1354,1718,1,0,0.34886690974235535
lraa,1676,on,1355,725,1,1,0.9938070178031921
lraa,1676,on,1356,1309,0,0,0.005099818110466003
lraa,1676,on,1357,354,1,1,0.9878528118133545
lraa,1676,on,1358,1880,0,1,0.873214840888977
lraa,1676,on,1359,1729,0,1,0.8665847778320312
lraa,1676,on,1360,2454,0,1,0.5727227926254272
lraa,1676,on,1361,2692,1,1,0.9791954755783081
lraa,1676,on,1362,218,1,1,0.9958011507987976
lraa,1676,on,1363,2449,0,0,0.02517884224653244
lraa,1676,on,1364,2237,0,0,0.003649987280368805
lraa,1676,on,1365,2031,0,0,0.03384403511881828
lraa,1676,on,1366,1231,0,0,0.011777843348681927
lraa,1676,on,1367,1986,1,1,0.9883578419685364
lraa,1676,on,1368,2508,0,0,0.006289901677519083
lraa,1676,on,1369,249,1,1,0.665410578250885
lraa,1676,on,1370,581,0,0,0.034358687698841095
lraa,1676,on,1371,373,1,0,0.024237636476755142
lraa,1676,on,1372,1237,0,0,0.005911068990826607
lraa,1676,on,1373,2092,1,1,0.9904406070709229
lraa,1676,on,1374,571,1,1,0.9916841983795166
lraa,1676,on,1375,1192,1,1,0.9828891754150391
lraa,1676,on,1376,2140,1,1,0.9856076240539551
lraa,1676,on,1377,679,0,0,0.13939638435840607
lraa,1676,on,1378,312,1,1,0.9905142784118652
lraa,1676,on,1379,1205,1,1,0.9900250434875488
lraa,1676,on,1380,2299,1,1,0.9437636137008667
lraa,1676,on,1381,2387,0,0,0.07276838272809982
lraa,1676,on,1382,803,0,0,0.02964750863611698
lraa,1676,on,1383,2548,1,1,0.808672308921814
lraa,1676,on,1384,1716,0,0,0.11456651240587234
lraa,1676,on,1385,2126,1,1,0.9848400950431824
lraa,1676,on,1386,35,1,1,0.9964893460273743
lraa,1676,on,1387,1086,0,1,0.7238954305648804
lraa,1676,on,1388,510,0,1,0.9757624268531799
lraa,1676,on,1389,347,1,1,0.9856076240539551
lraa,1676,on,1390,2922,0,0,0.053206201642751694
lraa,1676,on,1391,2182,0,0,0.02228618785738945
lraa,1676,on,1392,643,1,1,0.9952077269554138
lraa,1676,on,1393,1259,0,0,0.012920473702251911
lraa,1676,on,1394,2194,1,1,0.9451214671134949
lraa,1676,on,1395,68,0,0,0.007665874436497688
lraa,1676,on,1396,1104,1,1,0.9933589100837708
lraa,1676,on,1397,549,1,1,0.9857181310653687
lraa,1676,on,1398,2715,1,1,0.8524448275566101
lraa,1676,on,1399,2552,0,0,0.16940587759017944
lraa,1676,on,1400,949,1,1,0.9682613611221313
lraa,1676,on,1401,2135,0,1,0.5279858708381653
lraa,1676,on,1402,459,0,0,0.008644177578389645
lraa,1676,on,1403,441,0,0,0.07978201657533646
lraa,1676,on,1404,1404,1,1,0.9511421918869019
lraa,1676,on,1405,2792,0,0,0.11838509887456894
lraa,1676,on,1406,2639,1,1,0.9939024448394775
lraa,1676,on,1407,1568,1,1,0.9500414729118347
lraa,1676,on,1408,1611,1,1,0.9610980749130249
lraa,1676,on,1409,1589,1,1,0.9920926690101624
lraa,1676,on,1410,108,1,1,0.9268352389335632
lraa,1676,on,1411,2274,0,0,0.009412589482963085
lraa,1676,on,1412,1903,1,0,0.09799297899007797
lraa,1676,on,1413,1156,1,1,0.9921233057975769
lraa,1676,on,1414,1217,1,1,0.974821150302887
lraa,1676,on,1415,1840,0,0,0.0076066721230745316
lraa,1676,on,1416,1520,1,1,0.9927109479904175
lraa,1676,on,1417,360,1,1,0.9947391152381897
lraa,1676,on,1418,2563,1,1,0.9963215589523315
lraa,1676,on,1419,1308,1,1,0.9945730566978455
lraa,1676,on,1420,624,1,1,0.9833430051803589
lraa,1676,on,1421,547,0,0,0.009268012829124928
lraa,1676,on,1422,1443,0,1,0.9669140577316284
lraa,1676,on,1423,570,0,1,0.7371581792831421
lraa,1676,on,1424,151,1,1,0.9729852676391602
lraa,1676,on,1425,2665,1,1,0.9964893460273743
lraa,1676,on,1426,95,1,1,0.9469902515411377
lraa,1676,on,1427,214,0,0,0.010328153148293495
lraa,1676,on,1428,1727,1,1,0.9803186058998108
lraa,1676,on,1429,712,1,1,0.9934101700782776
lraa,1676,on,1430,759,0,0,0.004573863931000233
lraa,1676,on,1431,2360,1,1,0.6706082820892334
lraa,1676,on,1432,532,1,1,0.934155285358429
lraa,1676,on,1433,1048,1,1,0.963949978351593
lraa,1676,on,1434,2520,1,1,0.9771973490715027
lraa,1676,on,1435,100,0,0,0.005511933472007513
lraa,1676,on,1436,2186,1,1,0.9768466353416443
lraa,1676,on,1437,2510,1,0,0.18535663187503815
lraa,1676,on,1438,685,0,0,0.006850480102002621
lraa,1676,on,1439,2015,0,1,0.6057990789413452
lraa,1676,on,1440,2164,1,1,0.9922444224357605
lraa,1676,on,1441,665,1,1,0.9947799444198608
lraa,1676,on,1442,433,0,0,0.004399413242936134
lraa,1676,on,1443,1195,1,1,0.9539660811424255
lraa,1676,on,1444,643,1,1,0.9926542043685913
lraa,1676,on,1445,1118,1,1,0.5583269596099854
lraa,1676,on,1446,1746,0,0,0.007345826365053654
lraa,1676,on,1447,248,1,1,0.9003546833992004
lraa,1676,on,1448,1673,1,1,0.9899863600730896
lraa,1676,on,1449,415,0,0,0.01016965787857771
lraa,1676,on,1450,718,1,1,0.9695556163787842
lraa,1676,on,1451,2419,0,0,0.019946934655308723
lraa,1676,on,1452,908,1,1,0.9866748452186584
lraa,1676,on,1453,2475,0,0,0.021368887275457382
lraa,1676,on,1454,421,1,1,0.9197867512702942
lraa,1676,on,1455,2459,0,0,0.06512755155563354
lraa,1676,on,1456,1256,0,0,0.005511933472007513
lraa,1676,on,1457,792,0,0,0.008577484637498856
lraa,1676,on,1458,1352,1,1,0.993854820728302
lraa,1676,on,1459,1166,0,0,0.027611490339040756
lraa,1676,on,1460,1426,0,0,0.019568676128983498
lraa,1676,on,1461,1391,1,1,0.9959298968315125
lraa,1676,on,1462,2656,1,1,0.992061972618103
lraa,1676,on,1463,1519,0,0,0.009936418384313583
lraa,1676,on,1464,2208,1,1,0.9319595694541931
lraa,1676,on,1465,2703,1,1,0.9879462122917175
lraa,1676,on,1466,192,1,0,0.48090532422065735
lraa,1676,on,1467,216,0,0,0.034100428223609924
lraa,1676,on,1468,1141,1,1,0.9927109479904175
lraa,1676,on,1469,1408,1,1,0.9713473320007324
lraa,1676,on,1470,2434,0,0,0.010902373120188713
lraa,1676,on,1471,1288,0,0,0.004867417272180319
lraa,1676,on,1472,225,1,1,0.9955315589904785
lraa,1676,on,1473,1489,1,1,0.886322021484375
lraa,1676,on,1474,2206,0,0,0.32423537969589233
lraa,1676,on,1475,257,1,1,0.9935117363929749
lraa,1676,on,1476,1705,1,1,0.9937100410461426
lraa,1676,on,1477,2237,0,0,0.0035380860790610313
lraa,1676,on,1478,431,1,1,0.9917484521865845
lraa,1676,on,1479,156,1,1,0.9942697286605835
lraa,1676,on,1480,2575,1,1,0.9927109479904175
lraa,1676,on,1481,676,1,0,0.45423004031181335
lraa,1676,on,1482,1967,0,0,0.08601587265729904
lraa,1676,on,1483,697,1,1,0.875361442565918
lraa,1676,on,1484,2425,1,1,0.9788748621940613
lraa,1676,on,1485,1311,1,1,0.9603611826896667
lraa,1676,on,1486,1361,1,1,0.9749168753623962
lraa,1676,on,1487,2801,1,0,0.018617801368236542
lraa,1676,on,1488,1204,1,0,0.438785195350647
lraa,1676,on,1489,2072,0,0,0.4339814782142639
lraa,1676,on,1490,321,0,0,0.32723814249038696
lraa,1676,on,1491,1250,0,1,0.8958876132965088
lraa,1676,on,1492,1435,1,1,0.9864678382873535
lraa,1676,on,1493,2740,1,0,0.01353214867413044
lraa,1676,on,1494,2538,0,0,0.010902373120188713
lraa,1676,on,1495,1194,1,1,0.994820237159729
lraa,1676,on,1496,2816,1,1,0.9949001669883728
lraa,1676,on,1497,180,1,1,0.9874721169471741
lraa,1676,on,1498,2901,1,1,0.9832144975662231
lraa,1676,on,1499,658,1,0,0.004297938663512468
lraa,1676,on,1500,929,1,1,0.9884918928146362
lraa,1676,on,1501,2354,1,1,0.9969245791435242
lraa,1676,on,1502,1756,0,0,0.005685906391590834
lraa,1676,on,1503,2791,0,0,0.0030278353951871395
lraa,1676,on,1504,1597,1,1,0.9515040516853333
lraa,1676,on,1505,1763,1,1,0.9648551344871521
lraa,1676,on,1506,945,0,0,0.010091315023601055
lraa,1676,on,1507,813,0,1,0.9954261183738708
lraa,1676,on,1508,638,0,0,0.01065251138061285
lraa,1676,on,1509,281,1,1,0.974821150302887
lraa,1676,on,1510,1591,1,1,0.8311430811882019
lraa,1676,on,1511,964,1,1,0.9089417457580566
lraa,1676,on,1512,2388,1,1,0.9857181310653687
lraa,1676,on,1513,2595,1,0,0.16158466041088104
lraa,1676,on,1514,1920,0,0,0.3643251061439514
lraa,1676,on,1515,339,1,1,0.9954261183738708
lraa,1676,on,1516,2696,1,1,0.9842759370803833
lraa,1676,on,1517,2577,0,1,0.5789243578910828
lraa,1676,on,1518,1029,0,0,0.0032986511941999197
lraa,1676,on,1519,2037,1,1,0.9854404330253601
lraa,1676,on,1520,1017,0,1,0.9438672661781311
lraa,1676,on,1521,2718,1,1,0.9800530076026917
lraa,1676,on,1522,1153,0,0,0.03718677535653114
lraa,1676,on,1523,2230,0,0,0.005774930119514465
lraa,1676,on,1524,688,1,1,0.9752018451690674
lraa,1676,on,1525,886,1,1,0.976669192314148
lraa,1676,on,1526,1744,1,1,0.982355535030365
lraa,1676,on,1527,1369,1,0,0.19042274355888367
lraa,1676,on,1528,1614,1,1,0.958304226398468
lraa,1676,on,1529,2187,1,1,0.9925393462181091
lraa,1676,on,1530,58,0,0,0.0037362207658588886
lraa,1676,on,1531,308,1,1,0.9246877431869507
lraa,1676,on,1532,1748,0,0,0.22815649211406708
lraa,1676,on,1533,2763,0,1,0.9792749285697937
lraa,1676,on,1534,2431,0,0,0.007518718484789133
lraa,1676,on,1535,2571,1,1,0.9901401400566101
lraa,1676,on,1536,720,1,0,0.12378869205713272
lraa,1676,on,1537,1343,0,0,0.013222822919487953
lraa,1676,on,1538,1195,1,1,0.9928786158561707
lraa,1676,on,1539,2604,1,1,0.8365545868873596
lraa,1676,on,1540,1556,1,0,0.1465752124786377
lraa,1676,on,1541,408,1,1,0.6783269047737122
lraa,1676,on,1542,274,1,1,0.6645402908325195
lraa,1676,on,1543,1395,0,0,0.02280263602733612
lraa,1676,on,1544,146,1,1,0.9736195802688599
lraa,1676,on,1545,333,1,1,0.974531888961792
lraa,1676,on,1546,657,0,0,0.01634012721478939
lraa,1676,on,1547,989,1,1,0.9844563603401184
lraa,1676,on,1548,2662,1,1,0.9605096578598022
lraa,1676,on,1549,702,0,0,0.007518718484789133
lraa,1676,on,1550,1015,0,0,0.007876706309616566
lraa,1676,on,1551,422,1,1,0.6279512047767639
lraa,1676,on,1552,928,1,1,0.9828232526779175
lraa,1676,on,1553,2289,0,0,0.017309095710515976
lraa,1676,on,1554,2179,1,1,0.9581479430198669
lraa,1676,on,1555,1838,1,1,0.9138304591178894
lraa,1676,on,1556,957,0,0,0.12291747331619263
lraa,1676,on,1557,2808,0,0,0.01214717049151659
lraa,1676,on,1558,0,0,1,0.9802808165550232
lraa,1676,on,1559,1815,1,1,0.9918753504753113
lraa,1676,on,1560,258,1,1,0.9792749285697937
lraa,1676,on,1561,2300,1,0,0.08850466459989548
lraa,1676,on,1562,181,0,0,0.09113914519548416
lraa,1676,on,1563,2111,1,1,0.9955315589904785
lraa,1676,on,1564,1847,1,1,0.9553191661834717
lraa,1676,on,1565,1468,1,1,0.9880388379096985
lraa,1676,on,1566,2686,0,0,0.007176882121711969
lraa,1676,on,1567,1730,1,0,0.1856517493724823
lraa,1676,on,1568,2502,1,1,0.991355836391449
lraa,1676,on,1569,2516,1,1,0.9830850958824158
lraa,1676,on,1570,92,0,0,0.009485714137554169
lraa,1676,on,1571,2265,0,0,0.05019078403711319
lraa,1676,on,1572,1190,0,0,0.05834583565592766
lraa,1676,on,1573,1077,1,1,0.9956685304641724
lraa,1676,on,1574,1956,0,1,0.9808759689331055
lraa,1676,on,1575,1034,1,1,0.9671630263328552
lraa,1676,on,1576,934,0,0,0.2781587243080139
lraa,1676,on,1577,93,1,1,0.9881309270858765
lraa,1676,on,1578,1886,1,1,0.9893474578857422
lraa,1676,on,1579,1682,0,0,0.01374232117086649
lraa,1676,on,1580,2843,1,1,0.9910145401954651
lraa,1676,on,1581,520,1,1,0.9922444224357605
lraa,1676,on,1582,2074,1,1,0.6057990789413452
lraa,1676,on,1583,2497,0,0,0.004038591403514147
lraa,1676,on,1584,2905,1,1,0.9905874133110046
lraa,1676,on,1585,983,1,1,0.9955315589904785
lraa,1676,on,1586,1961,1,1,0.9746769666671753
lraa,1676,on,1587,1090,0,0,0.09704755991697311
lraa,1676,on,1588,2811,0,0,0.013636834919452667
lraa,1676,on,1589,2055,1,1,0.6636689305305481
lraa,1676,on,1590,669,1,1,0.6242935061454773
lraa,1676,on,1591,2062,1,1,0.9895108342170715
lraa,1676,on,1592,107,0,1,0.9263036847114563
lraa,1676,on,1593,2146,1,0,0.25832599401474
lraa,1676,on,1594,2795,0,0,0.012722709216177464
lraa,1676,on,1595,221,1,1,0.9885804057121277
lraa,1676,on,1596,1082,1,1,0.6242935061454773
lraa,1676,on,1597,2306,0,0,0.19132769107818604
lraa,1676,on,1598,2391,0,0,0.150849848985672
lraa,1676,on,1599,2083,1,1,0.9757624268531799
lraa,1676,on,1600,1302,1,1,0.9931495785713196
lraa,1676,on,1601,2897,1,1,0.9086179733276367
lraa,1676,on,1602,2547,0,1,0.9232459664344788
lraa,1676,on,1603,1772,0,0,0.019568676128983498
lraa,1676,on,1604,2333,0,0,0.1252792626619339
lraa,1676,on,1605,2648,1,1,0.9907320141792297
lraa,1676,on,1606,1524,1,1,0.9908744096755981
lraa,1676,on,1607,879,1,1,0.9951325058937073
lraa,1676,on,1608,2629,1,0,0.40615516901016235
lraa,1676,on,1609,2861,0,0,0.4882833957672119
lraa,1676,on,1610,1274,1,1,0.9954615235328674
lraa,1676,on,1611,2064,1,1,0.9910492897033691
lraa,1676,on,1612,847,0,0,0.005685906391590834
lraa,1676,on,1613,1278,0,0,0.0022518474142998457
lraa,1676,on,1614,2228,1,1,0.9921841025352478
lraa,1676,on,1615,2854,0,0,0.022371459752321243
lraa,1676,on,1616,2242,1,1,0.9865716695785522
lraa,1676,on,1617,1809,0,0,0.009708477184176445
lraa,1676,on,1618,2705,0,0,0.02280263602733612
lraa,1676,on,1619,177,1,1,0.9898303151130676
lraa,1676,on,1620,2917,0,0,0.010529711842536926
lraa,1676,on,1621,1141,1,1,0.9941347241401672
lraa,1676,on,1622,882,1,1,0.9946150183677673
lraa,1676,on,1623,316,1,1,0.9962051510810852
lraa,1676,on,1624,393,1,1,0.9910838603973389
lraa,1676,on,1625,1850,1,0,0.326244592666626
lraa,1676,on,1626,2923,0,0,0.021287351846694946
lraa,1676,on,1627,416,1,1,0.9891815781593323
lraa,1676,on,1628,1440,1,1,0.9918121099472046
lraa,1676,on,1629,2651,1,1,0.8784186244010925
lraa,1676,on,1630,1218,1,1,0.9901401400566101
lraa,1676,on,1631,410,1,1,0.859663724899292
lraa,1676,on,1632,2925,1,1,0.5409238338470459
lraa,1676,on,1633,1242,1,1,0.9921841025352478
lraa,1676,on,1634,1035,1,1,0.9965969920158386
lraa,1676,on,1635,2659,1,1,0.9796287417411804
lraa,1676,on,1636,72,1,1,0.959582507610321
lraa,1676,on,1637,2338,1,1,0.9844563603401184
lraa,1676,on,1638,2359,0,0,0.005819959565997124
lraa,1676,on,1639,1906,0,0,0.021287351846694946
lraa,1676,on,1640,663,1,1,0.9926542043685913
lraa,1676,on,1641,846,1,1,0.9840936064720154
lraa,1676,on,1642,1537,0,0,0.4941408932209015
lraa,1676,on,1643,2890,1,1,0.9823216199874878
lraa,1676,on,1644,1064,0,0,0.00806199200451374
lraa,1676,on,1645,39,1,1,0.9843363761901855
lraa,1676,on,1646,397,1,1,0.9619649052619934
lraa,1676,on,1647,833,1,1,0.9912885427474976
lraa,1676,on,1648,2747,0,0,0.020884215831756592
lraa,1676,on,1649,1071,1,0,0.08586245775222778
lraa,1676,on,1650,1781,0,0,0.008251599036157131
lraa,1676,on,1651,485,1,1,0.9805806875228882
lraa,1676,on,1652,1445,0,0,0.009708477184176445
lraa,1676,on,1653,11,0,0,0.007460643537342548
lraa,1676,on,1654,2935,0,0,0.026056304574012756
lraa,1676,on,1655,445,1,1,0.992061972618103
lraa,1676,on,1656,2624,0,0,0.013636834919452667
lraa,1676,on,1657,2399,1,1,0.9095862507820129
lraa,1676,on,1658,2466,1,1,0.9905874133110046
lraa,1676,on,1659,1155,0,0,0.0037654137704521418
lraa,1676,on,1660,500,1,1,0.9383503198623657
lraa,1676,on,1661,1521,1,1,0.9410611987113953
lraa,1676,on,1662,903,1,1,0.9710193276405334
lraa,1676,on,1663,722,1,1,0.9803562164306641
lraa,1676,on,1664,296,1,1,0.9902161359786987
lraa,1676,on,1665,1817,1,1,0.9914886951446533
lraa,1676,on,1666,99,0,1,0.9190633296966553
lraa,1676,on,1667,1888,1,1,0.961533784866333
lraa,1676,on,1668,2862,0,0,0.01400956604629755
lraa,1676,on,1669,302,0,0,0.007695647422224283
lraa,1676,on,1670,1110,1,1,0.9734434485435486
lraa,1676,on,1671,2521,1,1,0.994820237159729
lraa,1676,on,1672,531,1,1,0.9918753504753113
lraa,1676,on,1673,2697,0,1,0.665410578250885
lraa,1676,on,1674,790,0,0,0.006797531619668007
lraa,1676,on,1675,1518,0,0,0.017309095710515976
lraa,1676,on,1676,1036,1,1,0.9900636076927185
lraa,1676,on,1677,2903,1,1,0.9822537302970886
lraa,1676,on,1678,690,1,1,0.9946150183677673
lraa,1676,on,1679,812,0,0,0.01711089164018631
lraa,1676,on,1680,2101,1,0,0.16465073823928833
lraa,1676,on,1681,1382,1,1,0.97334223985672
lraa,1676,on,1682,791,1,1,0.9664421677589417
lraa,1676,on,1683,2278,0,0,0.004007288720458746
lraa,1676,on,1684,2704,0,0,0.49609383940696716
lraa,1676,on,1685,2328,0,0,0.01332514826208353
lraa,1676,on,1686,2094,0,0,0.014447852969169617
lraa,1676,on,1687,2729,1,1,0.9566342234611511
lraa,1676,on,1688,876,1,1,0.9872773289680481
lraa,1676,on,1689,2677,1,1,0.9859364032745361
lraa,1676,on,1690,790,0,0,0.0064381021074950695
lraa,1676,on,1691,424,0,0,0.01243165135383606
lraa,1676,on,1692,317,1,0,0.47073662281036377
lraa,1676,on,1693,2229,1,1,0.9631439447402954
lraa,1676,on,1694,2855,1,1,0.9811668992042542
lraa,1676,on,1695,1372,1,1,0.9971103668212891
lraa,1676,on,1696,1924,1,1,0.9939963817596436
lraa,1676,on,1697,2358,0,1,0.8469578623771667
lraa,1676,on,1698,1337,0,0,0.015543648041784763
lraa,1676,on,1699,344,1,1,0.9902915358543396
lraa,1676,on,1700,2173,1,1,0.9213575720787048
lraa,1676,on,1701,1108,0,0,0.05910154804587364
lraa,1676,on,1702,1063,1,1,0.9945307374000549
lraa,1676,on,1703,2695,1,0,0.031143832951784134
lraa,1676,on,1704,61,1,1,0.8164063692092896
lraa,1676,on,1705,2004,1,1,0.6320486664772034
lraa,1676,on,1706,2528,1,0,0.16559311747550964
lraa,1676,on,1707,2832,0,0,0.007403014227747917
lraa,1676,on,1708,1315,0,0,0.4455295503139496
lraa,1676,on,1709,1254,1,1,0.9815244078636169
lraa,1676,on,1710,1570,0,0,0.28937169909477234
lraa,1676,on,1711,578,0,0,0.04008735716342926
lraa,1676,on,1712,2063,0,1,0.5039061903953552
lraa,1676,on,1713,16,1,1,0.9531006813049316
lraa,1676,on,1714,2246,0,0,0.10894504189491272
lraa,1676,on,1715,2823,0,0,0.004503272473812103
lraa,1676,on,1716,456,1,1,0.9941347241401672
lraa,1676,on,1717,1122,0,0,0.03541072458028793
lraa,1676,on,1718,831,0,0,0.007876706309616566
lraa,1676,on,1719,2156,1,1,0.9881309270858765
lraa,1676,on,1720,1702,1,1,0.9834704995155334
lraa,1676,on,1721,314,1,1,0.9886682629585266
lraa,1676,on,1722,195,0,0,0.008315779268741608
lraa,1676,on,1723,1936,1,1,0.9962051510810852
lraa,1676,on,1724,870,1,1,0.9623913168907166
lraa,1676,on,1725,2343,0,1,0.9865716695785522
lraa,1676,on,1726,272,1,1,0.9645892381668091
lraa,1676,on,1727,2251,1,1,0.9867772459983826
lraa,1676,on,1728,2021,1,1,0.8638516664505005
lraa,1676,on,1729,1491,1,1,0.9921841025352478
lraa,1676,on,1730,283,1,1,0.8654516339302063
lraa,1676,on,1731,2916,1,1,0.9790357351303101
lraa,1676,on,1732,1152,1,0,0.13028542697429657
lraa,1676,on,1733,1797,1,1,0.9903663396835327
lraa,1676,on,1734,2496,1,1,0.9902915358543396
lraa,1676,on,1735,1200,0,0,0.105486661195755
lraa,1676,on,1736,1157,1,1,0.9674717783927917
lraa,1676,on,1737,1561,1,1,0.9963783621788025
lraa,1676,on,1738,513,0,0,0.01233610138297081
lraa,1676,on,1739,6,1,1,0.9910838603973389
lraa,1676,on,1740,2119,1,1,0.9909447431564331
lraa,1676,on,1741,2627,1,1,0.9911527037620544
lraa,1676,on,1742,1615,0,0,0.4843800961971283
lraa,1676,on,1743,1127,1,1,0.9912208914756775
lraa,1676,on,1744,2612,0,0,0.10266400873661041
lraa,1676,on,1745,848,0,0,0.11556088179349899
lraa,1676,on,1746,2654,1,1,0.8984104990959167
lraa,1676,on,1747,2683,0,0,0.025371313095092773
lraa,1676,on,1748,430,1,1,0.9718325734138489
lraa,1676,on,1749,592,0,0,0.013020489364862442
lraa,1676,on,1750,1083,0,0,0.0064381021074950695
lraa,1676,on,1751,2682,1,1,0.9939496517181396
lraa,1676,on,1752,139,0,0,0.008315779268741608
lraa,1676,on,1753,2560,1,1,0.9914224743843079
lraa,1676,on,1754,1581,1,0,0.1214771568775177
lraa,1676,on,1755,884,1,1,0.9678993225097656
lraa,1676,on,1756,1109,1,1,0.9688562154769897
lraa,1676,on,1757,2599,1,1,0.801314651966095
lraa,1676,on,1758,649,1,1,0.9902915358543396
lraa,1676,on,1759,1355,1,1,0.9879462122917175
lraa,1676,on,1760,1371,1,1,0.9718057513237
lraa,1676,on,1761,2188,1,1,0.9949396848678589
lraa,1676,on,1762,390,1,0,0.027169233188033104
lraa,1676,on,1763,1590,1,1,0.9891815781593323
lraa,1676,on,1764,1173,1,0,0.2137051820755005
lraa,1676,on,1765,517,1,1,0.9911527037620544
lraa,1676,on,1766,1646,1,1,0.9907320141792297
lraa,1676,on,1767,2664,0,0,0.04858620837330818
lraa,1676,on,1768,1703,1,1,0.7552762031555176
lraa,1676,on,1769,2655,1,1,0.9952077269554138
lraa,1676,on,1770,261,1,1,0.9683812260627747
lraa,1676,on,1771,907,1,1,0.9405717849731445
lraa,1676,on,1772,1101,1,1,0.9531006813049316
lraa,1676,on,1773,298,1,1,0.9899086952209473
lraa,1676,on,1774,2854,0,0,0.01971912570297718
lraa,1676,on,1775,2319,0,0,0.004231587518006563
lraa,1676,on,1776,2787,1,1,0.987129271030426
lraa,1676,on,1777,2019,0,0,0.005139611195772886
lraa,1676,on,1778,2623,0,0,0.005554925184696913
lraa,1676,on,1779,2551,1,1,0.6495786309242249
lraa,1676,on,1780,1414,1,1,0.9933589100837708
lraa,1676,on,1781,320,0,0,0.18010665476322174
lraa,1676,on,1782,824,1,1,0.9216048717498779
lraa,1676,on,1783,2825,0,0,0.005819959565997124
lraa,1676,on,1784,2223,1,1,0.929440438747406
lraa,1676,on,1785,841,1,1,0.9949788451194763
lraa,1676,on,1786,1567,1,1,0.9960237741470337
lraa,1676,on,1787,265,1,0,0.14854055643081665
lraa,1676,on,1788,548,0,0,0.28736767172813416
lraa,1676,on,1789,684,0,0,0.005099818110466003
lraa,1676,on,1790,1992,0,0,0.009485714137554169
lraa,1676,on,1791,735,1,1,0.858244001865387
lraa,1676,on,1792,2118,1,1,0.9928231239318848
lraa,1676,on,1793,872,1,1,0.9912208914756775
lraa,1676,on,1794,689,1,1,0.9599877595901489
lraa,1676,on,1795,1827,0,0,0.055310651659965515
lraa,1676,on,1796,189,0,1,0.9927109479904175
lraa,1676,on,1797,2837,1,1,0.9947391152381897
lraa,1676,on,1798,402,1,1,0.983020007610321
lraa,1676,on,1799,2138,1,1,0.8840392827987671
lraa,1676,on,1800,326,1,1,0.9939963817596436
lraa,1676,on,1801,2200,1,1,0.9752018451690674
lraa,1676,on,1802,1800,1,1,0.9947799444198608
lraa,1676,on,1803,318,1,1,0.851952850818634
lraa,1676,on,1804,1950,0,0,0.012673734687268734
lraa,1676,on,1805,1975,0,0,0.03173859044909477
lraa,1676,on,1806,65,0,0,0.008251599036157131
lraa,1676,on,1807,2524,1,1,0.9918121099472046
lraa,1676,on,1808,1162,1,1,0.9949001669883728
lraa,1676,on,1809,94,0,0,0.004399413242936134
lraa,1676,on,1810,567,1,1,0.9709092378616333
lraa,1676,on,1811,2907,1,1,0.9706043004989624
lraa,1676,on,1812,1838,1,1,0.9942250847816467
lraa,1676,on,1813,2398,0,0,0.024053553119301796
lraa,1676,on,1814,1542,1,1,0.9779677391052246
lraa,1676,on,1815,1883,0,0,0.019197450950741768
lraa,1676,on,1816,2014,1,1,0.9952448010444641
lraa,1676,on,1817,2011,1,1,0.9961155652999878
lraa,1676,on,1818,1353,0,0,0.2537916600704193
lraa,1676,on,1819,640,1,1,0.9910838603973389
lraa,1676,on,1820,1495,1,1,0.8106288909912109
lraa,1676,on,1821,1418,1,0,0.018833130598068237
lraa,1676,on,1822,2675,1,0,0.3123700022697449
lraa,1676,on,1823,1868,1,0,0.05465104058384895
lraa,1676,on,1824,481,0,0,0.012722709216177464
lraa,1676,on,1825,394,1,1,0.9145963191986084
lraa,1676,on,1826,2771,0,0,0.4248892068862915
lraa,1676,on,1827,842,0,1,0.9704646468162537
lraa,1676,on,1828,489,1,1,0.9829546809196472
lraa,1676,on,1829,1999,1,1,0.9893062710762024
lraa,1676,on,1830,1245,1,1,0.9901401400566101
lraa,1676,on,1831,187,0,0,0.008124709129333496
lraa,1676,on,1832,1126,1,1,0.9838472008705139
lraa,1676,on,1833,1416,1,1,0.8686040639877319
lraa,1676,on,1834,2203,1,1,0.9479621648788452
lraa,1676,on,1835,2207,1,1,0.9866748452186584
lraa,1676,on,1836,1939,0,0,0.35398629307746887
lraa,1676,on,1837,1852,1,1,0.9687971472740173
lraa,1676,on,1838,1020,1,1,0.8244618773460388
lraa,1676,on,1839,2543,0,0,0.012771868146955967
lraa,1676,on,1840,398,1,1,0.987129271030426
lraa,1676,on,1841,213,0,0,0.07585817575454712
lraa,1676,on,1842,2213,1,0,0.004331502132117748
lraa,1676,on,1843,777,1,1,0.9089417457580566
lraa,1676,on,1844,2691,1,1,0.987129271030426
lraa,1676,on,1845,2804,1,1,0.9862577319145203
lraa,1676,on,1846,1663,0,0,0.02588338777422905
lraa,1676,on,1847,1300,1,1,0.934155285358429
lraa,1676,on,1848,268,1,1,0.977022647857666
lraa,1676,on,1849,1292,0,0,0.00851130299270153
lraa,1676,on,1850,961,0,1,0.9921841025352478
lraa,1676,on,1851,2663,1,1,0.9407896995544434
lraa,1676,on,1852,681,1,1,0.9952448010444641
lraa,1676,on,1853,242,0,0,0.046378206461668015
lraa,1676,on,1854,2476,0,1,0.9890975952148438
lraa,1676,on,1855,1915,1,1,0.867260754108429
lraa,1676,on,1856,630,0,0,0.09235979616641998
lraa,1676,on,1857,2899,1,1,0.9905874133110046
lraa,1676,on,1858,1290,0,0,0.01024860143661499
lraa,1676,on,1859,2608,0,0,0.02615562081336975
lraa,1676,on,1860,2805,1,1,0.9700134992599487
lraa,1676,on,1861,270,0,0,0.01243165135383606
lraa,1676,on,1862,2634,0,0,0.34842339158058167
lraa,1676,on,1863,2827,1,0,0.007518718484789133
lraa,1676,on,1864,674,1,1,0.9875683188438416
lraa,1676,on,1865,1884,1,1,0.9840936064720154
lraa,1676,on,1866,1380,0,0,0.013955710455775261
lraa,1676,on,1867,1498,1,1,0.9858275651931763
lraa,1676,on,1868,2889,1,1,0.9951702952384949
lraa,1676,on,1869,1291,1,1,0.9529258608818054
lraa,1676,on,1870,2515,0,0,0.02615562081336975
lraa,1676,on,1871,828,1,0,0.10017222166061401
lraa,1676,on,1872,1210,1,0,0.0835532695055008
lraa,1676,on,1873,15,1,1,0.796609103679657
lraa,1676,on,1874,2222,1,1,0.9767580628395081
lraa,1676,on,1875,2154,0,0,0.03649376705288887
lraa,1676,on,1876,2773,0,1,0.5161076784133911
lraa,1676,on,1877,576,1,1,0.9758776426315308
lraa,1676,on,1878,228,1,1,0.9879926443099976
lraa,1676,on,1879,2894,1,0,0.3705669939517975
lraa,1676,on,1880,1486,1,1,0.9531006813049316
lraa,1676,on,1881,878,0,0,0.005641908850520849
lraa,1676,on,1882,1574,0,0,0.11581064015626907
lraa,1676,on,1883,964,0,0,0.19436782598495483
lraa,1676,on,1884,1006,1,1,0.9871788024902344
lraa,1676,on,1885,2826,1,1,0.9930961728096008
lraa,1676,on,1886,1890,0,0,0.007636216469109058
lraa,1676,on,1887,2687,1,1,0.9785493016242981
lraa,1676,on,1888,608,1,0,0.17895591259002686
lraa,1676,on,1889,1246,1,1,0.9941800832748413
lraa,1676,on,1890,779,1,1,0.9899086952209473
lraa,1676,on,1891,1912,0,0,0.01098694372922182
lraa,1676,on,1892,449,1,1,0.8441522121429443
lraa,1676,on,1893,1431,0,0,0.3912242352962494
lraa,1676,on,1894,395,1,0,0.029760094359517097
lraa,1676,on,1895,1149,0,0,0.028761589899659157
lraa,1676,on,1896,346,1,1,0.9678993225097656
lraa,1676,on,1897,893,1,1,0.9668827652931213
lraa,1676,on,1898,1630,1,1,0.9950946569442749
lraa,1676,on,1899,749,0,1,0.8047130703926086
lraa,1676,on,1900,1338,0,0,0.028707075864076614
lraa,1676,on,1901,1945,1,1,0.9933071732521057
lraa,1676,on,1902,1209,0,0,0.009055264294147491
lraa,1676,on,1903,2830,1,1,0.5832033753395081
lraa,1676,on,1904,2740,0,0,0.02615562081336975
lraa,1676,on,1905,303,0,0,0.00695760827511549
lraa,1676,on,1906,289,1,1,0.9832144975662231
lraa,1676,on,1907,1111,0,0,0.005060331895947456
lraa,1676,on,1908,738,1,1,0.993561863899231
lraa,1676,on,1909,1415,1,1,0.986151397228241
lraa,1676,on,1910,2519,0,0,0.007403014227747917
lraa,1676,on,1911,2709,0,0,0.0067449901252985
lraa,1676,on,1912,734,1,1,0.9899086952209473
lraa,1676,on,1913,2744,1,1,0.9760379791259766
lraa,1676,on,1914,2422,0,0,0.10287787020206451
lraa,1676,on,1915,2817,1,1,0.9946568012237549
lraa,1676,on,1916,159,0,0,0.06465348601341248
lraa,1676,on,1917,286,1,1,0.5234203934669495
lraa,1676,on,1918,2205,1,1,0.9933071732521057
lraa,1676,on,1919,1530,1,1,0.9928231239318848
lraa,1676,on,1920,98,1,1,0.9854404330253601
lraa,1676,on,1921,964,1,1,0.9521309733390808
lraa,1676,on,1922,361,1,1,0.9386884570121765
lraa,1676,on,1923,1579,1,0,0.3593641519546509
lraa,1676,on,1924,2484,0,0,0.1761041283607483
lraa,1676,on,1925,342,0,0,0.045268092304468155
lraa,1676,on,1926,2761,1,1,0.9953904151916504
lraa,1676,on,1927,357,1,1,0.9582261443138123
lraa,1676,on,1928,2005,1,1,0.9812029004096985
lraa,1676,on,1929,1406,1,1,0.9900636076927185
lraa,1676,on,1930,2710,1,1,0.9845753908157349
lraa,1676,on,1931,1143,0,0,0.007755536586046219
lraa,1676,on,1932,691,0,0,0.0027576221618801355
lraa,1676,on,1933,240,1,1,0.9940890073776245
lraa,1676,on,1934,254,1,1,0.9966756105422974
lraa,1676,on,1935,1169,1,1,0.9940890073776245
lraa,1676,on,1936,1997,1,1,0.9649212956428528
lraa,1676,on,1937,395,0,0,0.024423090741038322
lraa,1676,on,1938,2929,0,0,0.048136770725250244
lraa,1676,on,1939,1577,0,0,0.008315779268741608
lraa,1676,on,1940,2732,0,0,0.01678549125790596
lraa,1676,on,1941,87,1,1,0.94629967212677
lraa,1676,on,1942,2279,0,0,0.007011795416474342
lraa,1676,on,1943,1470,1,1,0.9687380790710449
lraa,1676,on,1944,21,0,0,0.00955939944833517
lraa,1676,on,1945,1998,0,0,0.01584536023437977
lraa,1676,on,1946,1224,0,0,0.02186455763876438
lraa,1676,on,1947,2678,1,1,0.6959583163261414
lraa,1676,on,1948,2318,0,0,0.03448852524161339
lraa,1676,on,1949,672,0,1,0.9908034801483154
lraa,1676,on,1950,1893,0,0,0.026355354115366936
lraa,1676,on,1951,787,1,0,0.09025324136018753
lraa,1676,on,1952,1710,1,0,0.2891709506511688
lraa,1676,on,1953,1229,0,0,0.01971912570297718
lraa,1676,on,1954,2524,1,1,0.9944880604743958
lraa,1676,on,1955,278,0,0,0.005060331895947456
lraa,1676,on,1956,673,0,0,0.006241259630769491
lraa,1676,on,1957,2122,0,0,0.03718677535653114
lraa,1676,on,1958,1368,1,1,0.9453993439674377
lraa,1676,on,1959,2070,0,0,0.019568676128983498
lraa,1676,on,1960,1243,1,1,0.9838472008705139
lraa,1676,on,1961,2056,0,0,0.01233610138297081
lraa,1676,on,1962,717,1,0,0.42250463366508484
lraa,1676,on,1963,1538,1,1,0.941439151763916
lraa,1676,on,1964,2044,1,1,0.9831499457359314
lraa,1676,on,1965,1632,0,1,0.5535053014755249
lraa,1676,on,1966,1080,1,1,0.8000679016113281
lraa,1676,on,1967,2155,1,0,0.12549345195293427
lraa,1676,on,1968,1004,0,1,0.9933071732521057
lraa,1676,on,1969,2351,1,1,0.9911527037620544
lraa,1676,on,1970,714,0,0,0.005730246659368277
lraa,1676,on,1971,400,0,0,0.49218812584877014
lraa,1676,on,1972,1260,1,1,0.9959298968315125
lraa,1676,on,1973,2458,0,0,0.03704717382788658
lraa,1676,on,1974,1960,1,1,0.9924227595329285
lraa,1676,on,1975,1140,1,0,0.31869715452194214
lraa,1676,on,1976,1056,0,0,0.005469274707138538
lraa,1676,on,1977,2423,1,1,0.756717324256897
lraa,1676,on,1978,1120,1,1,0.9891815781593323
lraa,1676,on,1979,188,1,1,0.9944451451301575
lraa,1676,on,1980,1388,0,0,0.006850480102002621
lraa,1676,on,1981,1164,0,0,0.009633652865886688
lraa,1676,on,1982,806,1,1,0.989591658115387
lraa,1676,on,1983,2190,1,1,0.9889705181121826
lraa,1676,on,1984,2074,1,0,0.24077460169792175
lraa,1676,on,1985,487,0,0,0.006388320587575436
lraa,1676,on,1986,199,0,0,0.05070536211133003
lraa,1676,on,1987,2234,1,1,0.9755768775939941
lraa,1676,on,1988,1093,1,1,0.5650587677955627
lraa,1676,on,1989,2324,1,1,0.9938070178031921
lraa,1676,on,1990,1175,0,0,0.0030994152184575796
lraa,1676,on,1991,659,1,1,0.9911527037620544
lraa,1676,on,1992,1948,0,0,0.004433765076100826
lraa,1676,on,1993,2209,1,1,0.9945730566978455
lraa,1676,on,1994,1605,1,1,0.9845753908157349
lraa,1676,on,1995,2749,0,0,0.01196109876036644
lraa,1676,on,1996,1493,1,1,0.9898303151130676
lraa,1676,on,1997,1165,0,0,0.00851130299270153
lraa,1676,on,1998,1622,1,1,0.992061972618103
lraa,1676,on,1999,2028,0,0,0.09706895053386688
lraa,1676,on,2000,62,0,0,0.06853749603033066
lraa,1676,on,2001,871,1,1,0.9634374976158142
lraa,1676,on,2002,632,1,1,0.9890975952148438
lraa,1676,on,2003,372,1,1,0.9964893460273743
lraa,1676,on,2004,2308,0,0,0.03004336915910244
lraa,1676,on,2005,1791,1,1,0.9877113699913025
lraa,1676,on,2006,599,1,1,0.9952077269554138
lraa,1676,on,2007,2815,1,1,0.9843363761901855
lraa,1676,on,2008,2701,0,0,0.03711691126227379
lraa,1676,on,2009,238,1,1,0.956308901309967
lraa,1676,on,2010,1008,0,0,0.02080448903143406
lraa,1676,on,2011,2151,1,1,0.9911527037620544
lraa,1676,on,2012,894,1,1,0.9910838603973389
lraa,1676,on,2013,1535,1,1,0.9783018827438354
lraa,1676,on,2014,2305,1,1,0.5204963088035583
lraa,1676,on,2015,1848,0,0,0.11104825884103775
lraa,1676,on,2016,963,1,1,0.9879462122917175
lraa,1676,on,2017,2772,1,1,0.9523531198501587
lraa,1676,on,2018,1275,1,1,0.9959613680839539
lraa,1676,on,2019,190,1,1,0.9952816367149353
lraa,1676,on,2020,1961,1,1,0.9805060625076294
lraa,1676,on,2021,719,0,0,0.008380454033613205
lraa,1676,on,2022,1895,0,0,0.003976228181272745
lraa,1676,on,2023,2491,0,0,0.16277891397476196
lraa,1676,on,2024,1334,0,0,0.024237636476755142
lraa,1676,on,2025,1011,1,1,0.9920002222061157
lraa,1676,on,2026,2743,0,0,0.005554925184696913
lraa,1676,on,2027,205,1,1,0.9954967498779297
lraa,1676,on,2028,1891,1,1,0.9796676635742188
lraa,1676,on,2029,2272,1,1,0.9719393253326416
lraa,1676,on,2030,255,1,1,0.9005298018455505
lraa,1676,on,2031,1830,1,1,0.9875683188438416
lraa,1676,on,2032,120,0,0,0.009268012829124928
lraa,1676,on,2033,2312,1,1,0.9957020878791809
lraa,1676,on,2034,1634,1,1,0.985496461391449
lraa,1676,on,2035,590,1,1,0.993561863899231
lraa,1676,on,2036,2786,1,1,0.9948603510856628
lraa,1676,on,2037,2116,1,1,0.9522504806518555
lraa,1676,on,2038,1481,1,0,0.006692850962281227
lraa,1676,on,2039,1119,1,1,0.9753431081771851
lraa,1676,on,2040,671,1,1,0.9928231239318848
lraa,1676,on,2041,2749,0,0,0.007876706309616566
lraa,1676,on,2042,1864,1,1,0.5039061903953552
lraa,1676,on,2043,600,0,0,0.005099818110466003
lraa,1676,on,2044,169,1,1,0.970687747001648
lraa,1676,on,2045,1115,0,0,0.00912563782185316
lraa,1676,on,2046,2737,1,1,0.9514589309692383
lraa,1676,on,2047,2813,1,1,0.9491298794746399
lraa,1676,on,2048,601,1,1,0.9937587976455688
lraa,1676,on,2049,104,1,1,0.8638516664505005
lraa,1676,on,2050,2887,0,0,0.015573563054203987
lraa,1676,on,2051,1606,1,1,0.9931495785713196
lraa,1676,on,2052,645,0,0,0.31426095962524414
lraa,1676,on,2053,117,1,1,0.9906600117683411
lraa,1676,on,2054,1171,1,1,0.9846936464309692
lraa,1676,on,2055,1529,1,1,0.9792153835296631
lraa,1676,on,2056,927,0,0,0.005641908850520849
lraa,1676,on,2057,471,1,1,0.9900636076927185
lraa,1676,on,2058,1248,1,0,0.2073751986026764
lraa,1676,on,2059,680,0,0,0.007011795416474342
lraa,1676,on,2060,1196,0,0,0.035813190042972565
lraa,1676,on,2061,1751,0,0,0.13330234587192535
lraa,1676,on,2062,2727,1,1,0.9924813508987427
lraa,1676,on,2063,2362,0,1,0.6406359076499939
lraa,1676,on,2064,1591,1,1,0.9272316098213196
lraa,1676,on,2065,2002,1,1,0.9842154383659363
lraa,1676,on,2066,531,1,1,0.9899086952209473
lraa,1676,on,2067,167,1,1,0.8894329071044922
lraa,1676,on,2068,1719,1,0,0.13857834041118622
lraa,1676,on,2069,2814,0,0,0.008315779268741608
lraa,1676,on,2070,53,1,1,0.994820237159729
lraa,1676,on,2071,2283,0,0,0.006145091727375984
lraa,1676,on,2072,2474,0,0,0.005426943302154541
lraa,1676,on,2073,2490,0,1,0.7950222492218018
lraa,1676,on,2074,2302,1,1,0.8104788661003113
lraa,1676,on,2075,478,0,0,0.011869121342897415
lraa,1676,on,2076,2402,1,1,0.5428633093833923
lraa,1676,on,2077,1447,0,1,0.9869794845581055
lraa,1676,on,2078,2412,1,1,0.9924227595329285
lraa,1676,on,2079,1786,1,0,0.1710611879825592
lraa,1676,on,2080,2463,1,0,0.18359363079071045
lraa,1676,on,2081,41,1,1,0.9967774748802185
lraa,1676,on,2082,2669,1,0,0.4035668969154358
lraa,1676,on,2083,2046,0,1,0.6918097138404846
lraa,1676,on,2084,832,1,1,0.9610249400138855
lraa,1676,on,2085,607,0,0,0.004982269834727049
lraa,1676,on,2086,2295,0,0,0.007937993854284286
lraa,1676,on,2087,88,0,0,0.01233610138297081
lraa,1676,on,2088,2517,0,0,0.011687257327139378
lraa,1676,on,2089,2509,1,1,0.9458011984825134
lraa,1676,on,2090,1306,0,1,0.7541915774345398
lraa,1676,on,2091,2075,1,1,0.9857181310653687
lraa,1676,on,2092,967,1,1,0.9621075391769409
lraa,1676,on,2093,2363,0,1,0.9926542043685913
lraa,1676,on,2094,152,1,1,0.9881309270858765
lraa,1676,on,2095,10,0,0,0.011158030480146408
lraa,1676,on,2096,1619,1,1,0.9667888283729553
lraa,1676,on,2097,1541,1,1,0.973036527633667
lraa,1676,on,2098,1749,1,1,0.9555686116218567
lraa,1676,on,2099,2797,1,1,0.9511421918869019
lraa,1676,on,2100,2841,1,1,0.9844563603401184
lraa,1676,on,2101,1562,1,1,0.9920002222061157
lraa,1676,on,2102,829,0,0,0.023509450256824493
lraa,1676,on,2103,1734,0,1,0.977022647857666
lraa,1676,on,2104,1725,1,0,0.10034841299057007
lraa,1676,on,2105,1961,1,1,0.9832467436790466
lraa,1676,on,2106,2469,1,1,0.8980981707572937
lraa,1676,on,2107,2468,0,0,0.004133968148380518
lraa,1676,on,2108,875,0,0,0.01065251138061285
lraa,1676,on,2109,1910,1,1,0.9862046241760254
lraa,1676,on,2110,730,1,1,0.993561863899231
lraa,1676,on,2111,231,1,1,0.9761291742324829
lraa,1676,on,2112,1808,0,1,0.7025300860404968
lraa,1676,on,2113,849,1,1,0.9962051510810852
lraa,1676,on,2114,1793,0,0,0.020527787506580353
lraa,1676,on,2115,2165,0,0,0.07793769240379333
lraa,1676,on,2116,2657,1,1,0.9867261648178101
lraa,1676,on,2117,1271,1,1,0.75743567943573
lraa,1676,on,2118,276,1,1,0.9941800832748413
lraa,1676,on,2119,2881,0,0,0.06187598407268524
lraa,1676,on,2120,1142,0,0,0.0065388246439397335
lraa,1676,on,2121,2303,1,1,0.989591658115387
lraa,1676,on,2122,2452,1,1,0.9502266049385071
lraa,1676,on,2123,782,0,0,0.4148988127708435
lraa,1676,on,2124,574,1,1,0.9636604189872742
lraa,1676,on,2125,546,1,1,0.9902915358543396
lraa,1676,on,2126,970,1,0,0.20898495614528656
lraa,1676,on,2127,2650,0,0,0.003565736347809434
lraa,1676,on,2128,74,1,1,0.9950177073478699
lraa,1676,on,2129,103,1,1,0.9950946569442749
lraa,1676,on,2130,2728,0,0,0.057918086647987366
lraa,1676,on,2131,1911,0,0,0.01243165135383606
lraa,1676,on,2132,2293,1,1,0.9896718263626099
lraa,1676,on,2133,2559,1,1,0.9678841233253479
lraa,1676,on,2134,234,1,1,0.9121235609054565
lraa,1676,on,2135,2572,1,1,0.9959613680839539
lraa,1676,on,2136,83,0,0,0.016277460381388664
lraa,1676,on,2137,861,1,1,0.9832144975662231
lraa,1676,on,2138,333,0,0,0.005957154091447592
lraa,1676,on,2139,1444,1,1,0.9860442876815796
lraa,1676,on,2140,2032,1,1,0.9952077269554138
lraa,1676,on,2141,1992,0,0,0.01233610138297081
lraa,1676,on,2142,2455,1,1,0.9777987599372864
lraa,1676,on,2143,627,0,0,0.005301894620060921
lraa,1676,on,2144,2824,0,0,0.0627892017364502
lraa,1676,on,2145,2452,1,1,0.9724147915840149
lraa,1676,on,2146,930,0,0,0.016466174274683
lraa,1676,on,2147,1335,0,0,0.008156249299645424
lraa,1676,on,2148,1595,1,1,0.9956685304641724
lraa,1676,on,2149,2158,0,1,0.9859364032745361
lraa,1676,on,2150,1117,0,0,0.0065642488189041615
lraa,1676,on,2151,748,1,0,0.04586266726255417
lraa,1676,on,2152,17,1,1,0.956308901309967
lraa,1676,on,2153,29,1,1,0.974628746509552
lraa,1676,on,2154,1202,1,1,0.9890975952148438
lraa,1676,on,2155,1823,0,0,0.02909075655043125
lraa,1676,on,2156,733,1,1,0.9671630263328552
lraa,1676,on,2157,553,0,0,0.005865338258445263
lraa,1676,on,2158,726,1,0,0.029035642743110657
lraa,1676,on,2159,2435,1,1,0.9785493016242981
lraa,1676,on,2160,2488,0,0,0.4204806089401245
lraa,1676,on,2161,2549,0,0,0.015513790771365166
lraa,1676,on,2162,318,1,1,0.9874721169471741
lraa,1676,on,2163,515,1,1,0.9845753908157349
lraa,1676,on,2164,2176,0,0,0.003794834017753601
lraa,1676,on,2165,2681,1,1,0.6052742004394531
lraa,1676,on,2166,1583,1,1,0.8757869601249695
lraa,1676,on,2167,389,0,0,0.018689308315515518
lraa,1676,on,2168,446,0,0,0.21933749318122864
lraa,1676,on,2169,1908,0,0,0.007066401187330484
lraa,1676,on,2170,1195,0,0,0.07290027290582657
lraa,1676,on,2171,2107,0,1,0.9224823713302612
lraa,1676,on,2172,1700,1,1,0.9695556163787842
lraa,1676,on,2173,286,0,0,0.004755199886858463
lraa,1676,on,2174,1148,0,0,0.1083303764462471
lraa,1676,on,2175,1153,0,0,0.04401865229010582
lraa,1676,on,2176,2375,0,0,0.01065251138061285
lraa,1676,on,2177,590,1,1,0.9932550191879272
lraa,1676,on,2178,1225,0,0,0.006192990578711033
lraa,1676,on,2179,2725,0,0,0.007176882121711969
lraa,1676,on,2180,440,1,1,0.9937100410461426
lraa,1676,on,2181,1188,1,1,0.9937587976455688
lraa,1676,on,2182,392,1,1,0.9934611320495605
lraa,1676,on,2183,479,0,0,0.18111832439899445
lraa,1676,on,2184,1907,0,1,0.5573635101318359
lraa,1676,on,2185,1197,1,0,0.2776688039302826
lraa,1676,on,2186,1157,1,1,0.9866234660148621
lraa,1676,on,2187,1592,1,1,0.9916841983795166
lraa,1676,on,2188,1014,1,1,0.9967013001441956
lraa,1676,on,2189,885,1,1,0.9799765348434448
lraa,1676,on,2190,936,1,1,0.9958011507987976
lraa,1676,on,2191,1323,0,0,0.019271135330200195
lraa,1676,on,2192,1450,1,1,0.9862577319145203
lraa,1676,on,2193,1618,1,1,0.9719924926757812
lraa,1676,on,2194,2394,1,1,0.9941347241401672
lraa,1676,on,2195,2636,0,0,0.22000709176063538
lraa,1676,on,2196,2105,1,1,0.9954615235328674
lraa,1676,on,2197,1810,0,0,0.04484790563583374
lraa,1676,on,2198,1434,1,1,0.9947391152381897
lraa,1676,on,2199,774,0,0,0.005099818110466003
lraa,1676,on,2200,909,1,1,0.9945307374000549
lraa,1676,on,2201,977,1,1,0.9912885427474976
lraa,1676,on,2202,1386,0,0,0.037326883524656296
lraa,1676,on,2203,2567,1,1,0.9216402173042297
lraa,1676,on,2204,365,0,0,0.0067449901252985
lraa,1676,on,2205,1332,0,0,0.052545975893735886
lraa,1676,on,2206,2220,1,1,0.9768466353416443
lraa,1676,on,2207,1189,1,1,0.942081868648529
lraa,1676,on,2208,329,0,1,0.5273165106773376
lraa,1676,on,2209,1828,1,1,0.9914886951446533
lraa,1676,on,2210,1995,0,1,0.9276259541511536
lraa,1676,on,2211,427,1,1,0.9920002222061157
lraa,1676,on,2212,606,1,1,0.9374975562095642
lraa,1676,on,2213,965,1,1,0.9930961728096008
lraa,1676,on,2214,2596,0,0,0.06891250610351562
lraa,1676,on,2215,976,1,1,0.9852713346481323
lraa,1676,on,2216,2778,0,0,0.025620009750127792
lraa,1676,on,2217,323,0,0,0.022371459752321243
lraa,1676,on,2218,106,1,1,0.9939963817596436
lraa,1676,on,2219,2605,0,0,0.03308597952127457
lraa,1676,on,2220,169,1,1,0.9945730566978455
lraa,1676,on,2221,1452,0,0,0.09401018917560577
lraa,1676,on,2222,1232,1,1,0.9962638020515442
lraa,1676,on,2223,2780,0,0,0.12064587324857712
lraa,1676,on,2224,64,1,1,0.9961155652999878
lraa,1676,on,2225,2546,1,1,0.9934611320495605
lraa,1676,on,2226,2332,1,1,0.9939024448394775
lraa,1676,on,2227,566,0,0,0.027637720108032227
lraa,1676,on,2228,2594,1,1,0.9938070178031921
lraa,1676,on,2229,527,1,1,0.9773707389831543
lraa,1676,on,2230,589,1,1,0.9946150183677673
lraa,1676,on,2231,2670,0,0,0.004755199886858463
lraa,1676,on,2232,1294,0,1,0.941439151763916
lraa,1676,on,2233,1996,0,0,0.025760561227798462
lraa,1676,on,2234,765,1,1,0.9939024448394775
lraa,1676,on,2235,212,0,0,0.012722709216177464
lraa,1676,on,2236,2617,0,0,0.018689308315515518
lraa,1676,on,2237,1158,1,1,0.9924227595329285
lraa,1676,on,2238,1586,1,0,0.49609383940696716
lraa,1676,on,2239,1765,1,1,0.9936610460281372
lraa,1676,on,2240,2150,0,0,0.008124709129333496
lraa,1676,on,2241,453,1,1,0.9844563603401184
lraa,1676,on,2242,2249,0,0,0.005426943302154541
lraa,1676,on,2243,2769,1,1,0.9358173608779907
lraa,1676,on,2244,709,1,1,0.9923043847084045
lraa,1676,on,2245,2554,0,0,0.007577240467071533
lraa,1676,on,2246,17,1,1,0.8227594494819641
lraa,1676,on,2247,2238,1,1,0.9880388379096985
lraa,1676,on,2248,397,1,1,0.9653811454772949
lraa,1676,on,2249,2865,1,1,0.9923638105392456
lraa,1676,on,2250,1954,1,1,0.9539660811424255
lraa,1676,on,2251,1610,0,0,0.010902373120188713
lraa,1676,on,2252,56,1,1,0.9886682629585266
lraa,1676,on,2253,585,1,1,0.9000037312507629
lraa,1676,on,2254,1982,1,1,0.9032942056655884
lraa,1676,on,2255,1099,1,1,0.9722043871879578
lraa,1676,on,2256,1071,1,0,0.33895182609558105
lraa,1676,on,2257,1989,1,1,0.9685154557228088
lraa,1676,on,2258,1773,0,0,0.010091315023601055
lraa,1676,on,2259,773,1,1,0.974821150302887
lraa,1676,on,2260,996,1,1,0.974531888961792
lraa,1676,on,2261,1818,0,0,0.006097561679780483
lraa,1676,on,2262,752,0,0,0.005865338258445263
lraa,1676,on,2263,2258,1,1,0.9637799859046936
lraa,1676,on,2264,367,0,0,0.006241259630769491
lraa,1676,on,2265,826,0,0,0.00851130299270153
lraa,1676,on,2266,580,1,1,0.9174137115478516
lraa,1676,on,2267,1741,0,0,0.005343256518244743
lraa,1676,on,2268,2353,1,1,0.9914224743843079
lraa,1676,on,2269,2123,1,1,0.9076402187347412
lraa,1676,on,2270,1788,1,1,0.9786311388015747
lraa,1676,on,2271,2539,1,1,0.9767580628395081
lraa,1676,on,2272,604,0,0,0.026355354115366936
lraa,1676,on,2273,1028,0,0,0.05165378749370575
lraa,1676,on,2274,2853,1,1,0.9818752408027649
lraa,1676,on,2275,1073,0,0,0.011687257327139378
lraa,1676,on,2276,2550,0,0,0.004264634568244219
lraa,1676,on,2277,173,0,0,0.007636216469109058
lraa,1676,on,2278,2591,1,1,0.9540517926216125
lraa,1676,on,2279,1554,1,0,0.03384403511881828
lraa,1676,on,2280,40,0,0,0.004645557142794132
lraa,1676,on,2281,1715,0,0,0.0838903859257698
lraa,1676,on,2282,1438,0,0,0.005554925184696913
lraa,1676,on,2283,2373,0,0,0.01542455144226551
lraa,1676,on,2284,424,1,1,0.9196425676345825
lraa,1676,on,2285,2138,1,1,0.9922444224357605
lraa,1676,on,2286,1820,1,1,0.9930961728096008
lraa,1676,on,2287,2483,1,0,0.11027936637401581
lraa,1676,on,2288,1477,0,0,0.012722709216177464
lraa,1676,on,2289,631,0,0,0.03676946461200714
lraa,1676,on,2290,298,1,1,0.993854820728302
lraa,1676,on,2291,2369,0,0,0.32338011264801025
lraa,1676,on,2292,14,1,1,0.9949001669883728
lraa,1676,on,2293,1621,1,1,0.9924813508987427
lraa,1676,on,2294,1040,1,0,0.4525359272956848
lraa,1676,on,2295,1478,1,1,0.966663122177124
lraa,1676,on,2296,1241,0,0,0.00806199200451374
lraa,1676,on,2297,561,1,1,0.9939024448394775
lraa,1676,on,2298,1653,1,1,0.991355836391449
lraa,1676,on,2299,2066,0,0,0.008711383678019047
lraa,1676,on,2300,49,0,0,0.016466174274683
lraa,1676,on,2301,345,1,0,0.14953137934207916
lraa,1676,on,2302,888,1,1,0.9537942409515381
lraa,1676,on,2303,390,1,0,0.2372223287820816
lraa,1676,on,2304,1302,1,1,0.9608049392700195
lraa,1676,on,2305,1305,1,1,0.9100669622421265
lraa,1676,on,2306,2765,1,1,0.9933589100837708
lraa,1676,on,2307,197,0,0,0.011687257327139378
lraa,1676,on,2308,670,0,0,0.06210312247276306
lraa,1676,on,2309,629,0,0,0.004101929254829884
lraa,1676,on,2310,782,0,0,0.04672496020793915
lraa,1676,on,2311,2356,0,0,0.031143832951784134
lraa,1676,on,2312,2609,1,1,0.9869794845581055
lraa,1676,on,2313,2142,1,1,0.9953904151916504
lraa,1676,on,2314,1636,1,1,0.9719924926757812
lraa,1676,on,2315,1390,1,1,0.9611709713935852
lraa,1676,on,2316,2755,0,0,0.008445627987384796
lraa,1676,on,2317,637,0,0,0.1859472095966339
lraa,1676,on,2318,1928,1,1,0.9852713346481323
lraa,1676,on,2319,1219,0,0,0.007937993854284286
lraa,1676,on,2320,196,0,0,0.004867417272180319
lraa,1676,on,2321,183,0,0,0.020023440942168236
lraa,1676,on,2322,540,0,0,0.019946934655308723
lraa,1676,on,2323,1698,1,1,0.9846936464309692
lraa,1676,on,2324,2856,1,1,0.945600688457489
lraa,1676,on,2325,2638,1,1,0.7341195344924927
lraa,1676,on,2326,44,1,1,0.9880849719047546
lraa,1676,on,2327,575,0,1,0.9149009585380554
lraa,1676,on,2328,1316,0,0,0.006145091727375984
lraa,1676,on,2329,692,1,1,0.9841545820236206
lraa,1676,on,2330,781,1,1,0.9924227595329285
lraa,1676,on,2331,2661,0,0,0.004399413242936134
lraa,1676,on,2332,2611,1,1,0.9954615235328674
lraa,1676,on,2333,2505,0,1,0.9362850189208984
lraa,1676,on,2334,415,0,0,0.010570487938821316
lraa,1676,on,2335,2858,1,1,0.9771101474761963
lraa,1676,on,2336,1259,0,0,0.013222822919487953
lraa,1676,on,2337,2464,1,0,0.09611029177904129
lraa,1676,on,2338,1287,0,0,0.0389750711619854
lraa,1676,on,2339,2733,0,0,0.005774930119514465
lraa,1676,on,2340,2874,1,1,0.9885804057121277
lraa,1676,on,2341,2782,0,0,0.006192990578711033
lraa,1676,on,2342,1000,0,0,0.013821961358189583
lraa,1676,on,2343,2137,1,1,0.9921233057975769
lraa,1676,on,2344,710,1,1,0.9937587976455688
lraa,1676,on,2345,1958,0,0,0.35220178961753845
lraa,1676,on,2346,2762,1,1,0.9933589100837708
lraa,1676,on,2347,47,1,1,0.6842640042304993
lraa,1676,on,2348,315,1,1,0.9845160245895386
lraa,1676,on,2349,902,0,0,0.45423004031181335
lraa,1676,on,2350,2807,1,1,0.994820237159729
lraa,1676,on,2351,2267,1,1,0.9932550191879272
lraa,1676,on,2352,1089,0,0,0.019568676128983498
lraa,1676,on,2353,1049,0,1,0.7096734642982483
lraa,1676,on,2354,1943,0,0,0.02280263602733612
lraa,1676,on,2355,330,1,1,0.9914224743843079
lraa,1676,on,2356,2721,1,1,0.8670357465744019
lraa,1676,on,2357,1987,1,1,0.9834704995155334
lraa,1676,on,2358,1388,1,1,0.9795114994049072
lraa,1676,on,2359,1930,0,0,0.006289901677519083
lraa,1676,on,2360,182,1,1,0.9864678382873535
lraa,1676,on,2361,2927,0,0,0.0035380860790610313
lraa,1676,on,2362,2112,0,0,0.004681822843849659
lraa,1676,on,2363,2653,0,0,0.23651622235774994
lraa,1676,on,2364,1433,1,1,0.9933071732521057
lraa,1676,on,2365,76,1,1,0.9951702952384949
lraa,1676,on,2366,239,1,1,0.9797694683074951
lraa,1676,on,2367,400,0,0,0.2689414322376251
lraa,1676,on,2368,2852,1,1,0.9944880604743958
lraa,1676,on,2369,2800,1,1,0.9955315589904785
lraa,1676,on,2370,2452,1,1,0.9732407331466675
lraa,1676,on,2371,993,1,1,0.9918753504753113
lraa,1676,on,2372,19,1,1,0.9814888834953308
lraa,1676,on,2373,1712,1,0,0.09113914519548416
lraa,1676,on,2374,1471,1,1,0.9959298968315125
lraa,1676,on,2375,2386,1,1,0.888372004032135
lraa,1676,on,2376,2160,1,1,0.8918110132217407
lraa,1676,on,2377,1199,1,1,0.9952077269554138
lraa,1676,on,2378,291,1,1,0.9934101700782776
lraa,1676,on,2379,1912,0,0,0.011158030480146408
lraa,1676,on,2380,501,1,1,0.9929881691932678
lraa,1676,on,2381,256,1,0,0.15228421986103058
lraa,1676,on,2382,1855,1,0,0.048496004194021225
lraa,1676,on,2383,755,0,0,0.06187598407268524
lraa,1676,on,2384,1439,1,1,0.9828232526779175
lraa,1676,on,2385,2099,0,0,0.018194368109107018
lraa,1676,on,2386,1851,1,1,0.9914224743843079
lraa,1676,on,2387,2329,0,1,0.5583269596099854
lraa,1676,on,2388,1896,1,1,0.9877586960792542
lraa,1676,on,2389,1266,0,1,0.9415467381477356
lraa,1676,on,2390,2102,0,0,0.052814025431871414
lraa,1676,on,2391,134,1,1,0.9915544390678406
lraa,1676,on,2392,2812,1,1,0.9957684278488159
lraa,1676,on,2393,2293,1,1,0.9796676635742188
lraa,1676,on,2394,1760,1,1,0.5864044427871704
lraa,1676,on,2395,525,1,0,0.3830641806125641
lraa,1676,on,2396,1223,1,1,0.9956346154212952
lraa,1676,on,2397,2570,1,1,0.9856076240539551
lraa,1676,on,2398,2803,1,1,0.9069831967353821
lraa,1676,on,2399,2411,1,1,0.9898303151130676
lraa,1676,on,2400,910,0,1,0.9693241715431213
lraa,1676,on,2401,155,1,1,0.9925969839096069
lraa,1676,on,2402,703,0,0,0.025565212592482567
lraa,1676,on,2403,274,1,1,0.8308687806129456
lraa,1676,on,2404,413,1,0,0.17781086266040802
lraa,1676,on,2405,280,1,0,0.2366926372051239
lraa,1676,on,2406,300,1,1,0.9863631129264832
lraa,1676,on,2407,206,1,1,0.6804540753364563
lraa,1676,on,2408,534,1,1,0.9852713346481323
lraa,1676,on,2409,269,1,0,0.25534364581108093
lraa,1676,on,2410,808,1,1,0.9895108342170715
lraa,1676,on,2411,1319,0,0,0.08501354604959488
lraa,1676,on,2412,1247,0,1,0.987375020980835
lraa,1676,on,2413,1593,1,1,0.9579908847808838
lraa,1676,on,2414,747,0,0,0.041695766150951385
lraa,1676,on,2415,2821,1,1,0.6249804496765137
lraa,1676,on,2416,2195,1,1,0.9910838603973389
lraa,1676,on,2417,2936,0,0,0.1561049073934555
lraa,1676,on,2418,852,1,1,0.9933071732521057
lraa,1676,on,2419,2038,1,1,0.9926542043685913
lraa,1676,on,2420,612,0,0,0.010902373120188713
lraa,1676,on,2421,1794,1,1,0.9908034801483154
lraa,1676,on,2422,1531,1,1,0.6261242032051086
lraa,1676,on,2423,2501,1,1,0.9957684278488159
lraa,1676,on,2424,2059,1,1,0.9877113699913025
lraa,1676,on,2425,116,0,0,0.02595735713839531
lraa,1676,on,2426,1376,1,1,0.9829546809196472
lraa,1676,on,2427,145,1,1,0.9910145401954651
lraa,1676,on,2428,1833,1,1,0.9398029446601868
lraa,1676,on,2429,679,1,1,0.9844563603401184
lraa,1676,on,2430,162,0,0,0.01678549125790596
lraa,1676,on,2431,172,1,1,0.9863237142562866
lraa,1676,on,2432,1584,0,0,0.00985985528677702
lraa,1676,on,2433,975,0,0,0.006003595422953367
lraa,1676,on,2434,874,1,1,0.9824230670928955
lraa,1676,on,2435,434,0,0,0.10650458931922913
lraa,1676,on,2436,63,1,1,0.9945307374000549
lraa,1676,on,2437,1227,1,1,0.9899086952209473
lraa,1676,on,2438,984,0,0,0.16885696351528168
lraa,1676,on,2439,794,0,0,0.016277460381388664
lraa,1676,on,2440,1043,0,1,0.954308032989502
lraa,1676,on,2441,1097,0,0,0.0035380860790610313
lraa,1676,on,2442,753,1,1,0.8980534672737122
lraa,1676,on,2443,105,0,0,0.007232763338834047
lraa,1676,on,2444,655,0,0,0.013955710455775261
lraa,1676,on,2445,338,1,1,0.9884026646614075
lraa,1676,on,2446,119,0,0,0.07772741466760635
lraa,1676,on,2447,593,0,0,0.005179713014513254
lraa,1676,on,2448,937,1,1,0.9893474578857422
lraa,1676,on,2449,2770,0,0,0.025565212592482567
lraa,1676,on,2450,805,1,1,0.9325762391090393
lraa,1676,on,2451,1253,1,1,0.9782188534736633
lraa,1676,on,2452,2298,0,1,0.8557305932044983
lraa,1676,on,2453,933,1,1,0.9900636076927185
lraa,1676,on,2454,1655,0,0,0.027169233188033104
lraa,1676,on,2455,2638,1,1,0.780662477016449
lraa,1676,on,2456,658,0,0,0.003376612439751625
lraa,1676,on,2457,542,1,1,0.8452411890029907
lraa,1676,on,2458,219,1,1,0.9945730566978455
lraa,1676,on,2459,2349,1,0,0.04161779209971428
lraa,1676,on,2460,1533,0,0,0.008644177578389645
lraa,1676,on,2461,2842,1,1,0.9864678382873535
lraa,1676,on,2462,2050,0,0,0.01061142049729824
lraa,1676,on,2463,1492,1,1,0.9937587976455688
lraa,1676,on,2464,2555,1,1,0.86200350522995
lraa,1676,on,2465,194,1,0,0.30569732189178467
lraa,1676,on,2466,1783,1,1,0.9927109479904175
lraa,1676,on,2467,110,1,1,0.9909447431564331
lraa,1676,on,2468,1340,1,1,0.9700134992599487
lraa,1676,on,2469,2297,0,1,0.9472348093986511
lraa,1676,on,2470,33,0,1,0.9488224983215332
lraa,1676,on,2471,307,1,0,0.4455295503139496
lraa,1676,on,2472,1964,1,0,0.028870906680822372
lraa,1676,on,2473,2667,0,0,0.2590751051902771
lraa,1676,on,2474,2714,0,0,0.026056304574012756
lraa,1676,on,2475,1624,1,1,0.9903663396835327
lraa,1676,on,2476,1067,1,1,0.9942250847816467
lraa,1676,on,2477,2364,0,0,0.022846197709441185
lraa,1676,on,2478,1627,0,0,0.01141961570829153
lraa,1676,on,2479,1795,1,1,0.9680808186531067
lraa,1676,on,2480,1966,1,1,0.982355535030365
lraa,1676,on,2481,2928,1,1,0.9934101700782776
lraa,1676,on,2482,2819,1,1,0.973036527633667
lraa,1676,on,2483,38,0,0,0.012383786030113697
lraa,1676,on,2484,340,1,1,0.9892648458480835
lraa,1676,on,2485,1339,1,1,0.9932025074958801
lraa,1676,on,2486,2049,1,1,0.9895108342170715
lraa,1676,on,2487,46,1,1,0.9909447431564331
lraa,1676,on,2488,2723,1,1,0.9964893460273743
lraa,1676,on,2489,1241,1,1,0.9923043847084045
lraa,1676,on,2490,716,1,0,0.02029348537325859
lraa,1676,on,2491,2533,0,1,0.9859364032745361
lraa,1676,on,2492,881,1,1,0.9939963817596436
lraa,1676,on,2493,230,1,1,0.9835969805717468
lraa,1676,on,2494,1539,1,1,0.9930961728096008
lraa,1676,on,2495,2375,0,0,0.011869121342897415
lraa,1676,on,2496,1544,1,1,0.9626730680465698
lraa,1676,on,2497,1865,1,1,0.9939963817596436
lraa,1676,on,2498,2017,0,0,0.005343256518244743
lraa,1676,on,2499,2091,0,0,0.005301894620060921
lraa,1676,on,2500,2404,1,1,0.9953181147575378
lraa,1676,on,2501,834,1,1,0.9910838603973389
lraa,1676,on,2502,492,0,0,0.006192990578711033
lraa,1676,on,2503,2613,0,0,0.04493164271116257
lraa,1676,on,2504,2541,0,0,0.03258974477648735
lraa,1676,on,2505,166,0,0,0.2080179899930954
lraa,1676,on,2506,2593,0,0,0.00955939944833517
lraa,1676,on,2507,2280,0,0,0.013222822919487953
lraa,1676,on,2508,287,1,1,0.9359345436096191
lraa,1676,on,2509,318,1,1,0.9856629967689514
lraa,1676,on,2510,1784,1,0,0.35756751894950867
lraa,1676,on,2511,77,0,0,0.03963884338736534
lraa,1676,on,2512,251,1,1,0.995566189289093
lraa,1676,on,2513,1283,1,1,0.996570348739624
lraa,1676,on,2514,2485,1,1,0.9905874133110046
lraa,1676,on,2515,687,0,0,0.03825005888938904
lraa,1676,on,2516,1098,0,0,0.017442483454942703
lraa,1676,on,2517,2589,1,1,0.9951325058937073
lraa,1676,on,2518,371,0,0,0.0067449901252985
lraa,1676,on,2519,1394,1,1,0.973036527633667
lraa,1676,on,2520,247,0,0,0.18476751446723938
lraa,1676,on,2521,762,0,0,0.005099818110466003
lraa,1676,on,2522,1785,1,1,0.9718859195709229
lraa,1676,on,2523,2537,0,0,0.011552671901881695
lraa,1676,on,2524,922,1,1,0.9941347241401672
lraa,1676,on,2525,1181,1,1,0.9757624268531799
lraa,1676,on,2526,237,0,0,0.039048291742801666
lraa,1676,on,2527,2549,0,0,0.023576801642775536
lraa,1676,on,2528,374,0,0,0.009196553379297256
lraa,1676,on,2529,564,1,1,0.9738444089889526
lraa,1676,on,2530,621,0,1,0.9841545820236206
lraa,1676,on,2531,1107,1,1,0.6984323263168335
lraa,1676,on,2532,2628,1,1,0.9935117363929749
lraa,1676,on,2533,1272,0,0,0.07185126841068268
lraa,1676,on,2534,2377,1,0,0.08570927381515503
lraa,1676,on,2535,1467,0,0,0.005957154091447592
lraa,1676,on,2536,551,0,0,0.018264278769493103
lraa,1676,on,2537,2068,0,0,0.03514484688639641
lraa,1676,on,2538,664,0,0,0.005598248448222876
lraa,1676,on,2539,2453,0,0,0.014559518545866013
lraa,1676,on,2540,1753,0,0,0.006903838366270065
lraa,1676,on,2541,1772,0,0,0.017176710069179535
lraa,1676,on,2542,507,1,1,0.9925969839096069
lraa,1676,on,2543,335,1,1,0.9945730566978455
lraa,1676,on,2544,149,1,1,0.9957020878791809
lraa,1676,on,2545,1709,1,1,0.9882676005363464
lraa,1676,on,2546,1708,1,1,0.9694401025772095
lraa,1676,on,2547,1206,0,0,0.008610767312347889
lraa,1676,on,2548,1454,0,0,0.006641112733632326
lraa,1676,on,2549,2840,1,1,0.8581252098083496
lraa,1676,on,2550,334,1,1,0.9943140745162964
lraa,1676,on,2551,1313,1,1,0.9825239777565002
lraa,1676,on,2552,2075,1,1,0.9822876453399658
lraa,1676,on,2553,2241,0,0,0.03308597952127457
lraa,1676,on,2554,810,0,0,0.10781264305114746
lraa,1676,on,2555,2217,1,1,0.9956685304641724
lraa,1676,on,2556,1286,1,1,0.6923300623893738
lraa,1676,on,2557,1469,1,1,0.9884026646614075
lraa,1676,on,2558,2275,1,1,0.9867772459983826
lraa,1676,on,2559,1069,1,0,0.012722709216177464
lraa,1676,on,2560,1421,0,1,0.9348725080490112
lraa,1676,on,2561,2053,0,0,0.2890831232070923
lraa,1676,on,2562,2052,1,1,0.9342753291130066
lraa,1676,on,2563,391,1,1,0.993561863899231
lraa,1676,on,2564,1885,1,1,0.9931495785713196
lraa,1676,on,2565,1555,0,0,0.10052487254142761
lraa,1676,on,2566,1825,1,1,0.9870795607566833
lraa,1676,on,2567,1902,1,1,0.859663724899292
lraa,1676,on,2568,1528,1,1,0.9658995866775513
lraa,1676,on,2569,924,1,0,0.21436232328414917
lraa,1676,on,2570,1041,0,0,0.2402394413948059
lraa,1676,on,2571,2598,0,0,0.003854363691061735
lraa,1676,on,2572,2633,0,0,0.02498779445886612
lraa,1676,on,2573,1761,1,1,0.9962051510810852
lraa,1676,on,2574,1240,1,1,0.9952448010444641
lraa,1676,on,2575,2139,0,0,0.008124709129333496
lraa,1676,on,2576,2034,0,0,0.024703869596123695
lraa,1676,on,2577,2545,0,0,0.06296183168888092
lraa,1676,on,2578,2693,1,1,0.9429286122322083
lraa,1676,on,2579,1755,0,0,0.027690257877111435
lraa,1676,on,2580,2361,0,0,0.032961245626211166
lraa,1676,on,2581,1109,1,1,0.9764904975891113
lraa,1676,on,2582,539,1,1,0.8687711358070374
lraa,1676,on,2583,1631,0,1,0.6261242032051086
lraa,1676,on,2584,2866,0,0,0.2422056347131729
lraa,1676,on,2585,1429,0,0,0.007577240467071533
lraa,1676,on,2586,2042,0,0,0.01233610138297081
lraa,1676,on,2587,2876,1,1,0.9962345957756042
lraa,1676,on,2588,939,1,0,0.13072869181632996
lraa,1676,on,2589,2218,1,0,0.04707418009638786
lraa,1676,on,2590,1768,1,1,0.9878058433532715
lraa,1676,on,2591,1513,0,0,0.008124709129333496
lraa,1676,on,2592,2700,0,0,0.014172364957630634
lraa,1676,on,2593,1226,0,1,0.9435559511184692
lraa,1676,on,2594,1273,0,0,0.0035936026833951473
lraa,1676,on,2595,1900,0,0,0.03843009099364281
lraa,1676,on,2596,311,1,1,0.9935117363929749
lraa,1676,on,2597,2426,1,1,0.9799765348434448
lraa,1676,on,2598,179,1,1,0.9925969839096069
lraa,1676,on,2599,2133,0,0,0.021948255598545074
lraa,1676,on,2600,837,0,0,0.003824483836069703
lraa,1676,on,2601,1534,0,0,0.31742629408836365
lraa,1676,on,2602,2027,1,0,0.12469518184661865
lraa,1676,on,2603,614,1,1,0.8341368436813354
lraa,1676,on,2604,2883,1,1,0.9903663396835327
lraa,1676,on,2605,1420,1,1,0.6912368535995483
lraa,1676,on,2606,524,1,1,0.9875683188438416
lraa,1676,on,2607,170,0,0,0.006388320587575436
lraa,1676,on,2608,1612,1,1,0.992061972618103
lraa,1676,on,2609,1357,1,1,0.991355836391449
lraa,1676,on,2610,2698,1,1,0.9851003289222717
lraa,1676,on,2611,2767,1,1,0.973036527633667
lraa,1676,on,2612,776,1,1,0.9956346154212952
lraa,1676,on,2613,1464,1,1,0.974821150302887
lraa,1676,on,2614,55,1,1,0.9947799444198608
lraa,1676,on,2615,1428,1,1,0.9915544390678406
lraa,1676,on,2616,1738,1,1,0.9942250847816467
lraa,1676,on,2617,2584,1,1,0.9896317720413208
lraa,1676,on,2618,1235,0,0,0.019946934655308723
lraa,1676,on,2619,252,1,1,0.9910145401954651
lraa,1676,on,2620,609,0,0,0.012722709216177464
lraa,1676,on,2621,36,0,0,0.010328153148293495
lraa,1676,on,2622,2287,1,0,0.3304711878299713
lraa,1676,on,2623,2540,0,0,0.1037486270070076
lraa,1676,on,2624,2880,0,1,0.5331543684005737
lraa,1676,on,2625,1746,0,0,0.22953520715236664
lraa,1676,on,2626,1303,1,1,0.9818752408027649
lraa,1676,on,2627,1088,0,0,0.007815889082849026
lraa,1676,on,2628,50,1,0,0.3361130952835083
lraa,1676,on,2629,1022,1,1,0.9828891754150391
lraa,1676,on,2630,388,1,1,0.9863631129264832
lraa,1676,on,2631,1633,1,1,0.9909447431564331
lraa,1676,on,2632,2446,1,1,0.9878058433532715
lraa,1676,on,2633,651,1,0,0.4073334336280823
lraa,1676,on,2634,757,0,0,0.13939638435840607
lraa,1676,on,2635,2702,1,0,0.023065226152539253
lraa,1676,on,2636,1644,1,1,0.9507778882980347
lraa,1676,on,2637,1259,0,0,0.014392335899174213
lraa,1676,on,2638,2486,1,0,0.01542455144226551
lraa,1676,on,2639,1362,1,0,0.4687906503677368
lraa,1676,on,2640,70,0,0,0.018404891714453697
lraa,1676,on,2641,111,0,0,0.18535663187503815
lraa,1676,on,2642,1684,0,0,0.01764446310698986
lraa,1676,on,2643,901,0,1,0.969956636428833
lraa,1676,on,2644,1754,1,1,0.9938070178031921
lraa,1676,on,2645,999,1,1,0.9937100410461426
lraa,1676,on,2646,2429,1,1,0.9881309270858765
lraa,1676,on,2647,2355,1,1,0.9903663396835327
lraa,1676,on,2648,1912,0,0,0.005554925184696913
lraa,1676,on,2649,615,0,0,0.005911068990826607
lraa,1676,on,2650,2347,0,0,0.027272667735815048
lraa,1676,on,2651,2688,0,0,0.006903838366270065
lraa,1676,on,2652,1929,1,1,0.9927109479904175
lraa,1676,on,2653,594,1,1,0.9941800832748413
lraa,1676,on,2654,1112,1,1,0.917302668094635
lraa,1676,on,2655,559,1,0,0.3250918984413147
lraa,1676,on,2656,2204,1,1,0.9844563603401184
lraa,1676,on,2657,518,0,0,0.003976228181272745
lraa,1676,on,2658,2682,1,1,0.9900636076927185
lraa,1676,on,2659,1654,1,1,0.9698996543884277
lraa,1676,on,2660,387,0,0,0.01182339433580637
lraa,1676,on,2661,2405,0,0,0.10123348236083984
lraa,1676,on,2662,1212,1,1,0.7902066707611084
lraa,1676,on,2663,713,0,1,0.7943849563598633
lraa,1676,on,2664,2372,1,1,0.9155072569847107
lraa,1676,on,2665,1559,0,0,0.08787643909454346
lraa,1676,on,2666,1170,1,1,0.9919379353523254
lraa,1676,on,2667,1654,1,1,0.9447402954101562
lraa,1676,on,2668,2104,1,1,0.8134608268737793
lraa,1676,on,2669,998,1,1,0.8652240633964539
lraa,1676,on,2670,1977,1,1,0.9805060625076294
lraa,1676,on,2671,293,0,0,0.014392335899174213
lraa,1676,on,2672,565,1,1,0.9891397356987
lraa,1676,on,2673,1901,1,1,0.9510854482650757
lraa,1676,on,2674,1968,1,1,0.9877586960792542
lraa,1676,on,2675,856,1,1,0.9656413197517395
lraa,1676,on,2676,1951,0,0,0.011687257327139378
lraa,1676,on,2677,426,0,0,0.005819959565997124
lraa,1676,on,2678,1001,1,1,0.8415654301643372
lraa,1676,on,2679,591,1,1,0.9968519806861877
lraa,1676,on,2680,648,0,0,0.01542455144226551
lraa,1676,on,2681,2189,0,0,0.01196109876036644
lraa,1676,on,2682,2911,1,1,0.9947799444198608
lraa,1676,on,2683,1585,1,1,0.9859364032745361
lraa,1676,on,2684,1338,0,0,0.0439981073141098
lraa,1676,on,2685,844,1,1,0.9912885427474976
lraa,1676,on,2686,1285,0,0,0.022116590291261673
lraa,1676,on,2687,865,1,1,0.9783018827438354
lraa,1676,on,2688,2460,0,0,0.04535257816314697
lraa,1676,on,2689,1834,1,0,0.055208683013916016
lraa,1676,on,2690,1566,0,0,0.009376238100230694
lraa,1676,on,2691,42,0,0,0.0762699693441391
lraa,1676,on,2692,1569,1,1,0.936051607131958
lraa,1676,on,2693,2702,1,1,0.9871788024902344
lraa,1676,on,2694,2132,0,0,0.14128142595291138
lraa,1676,on,2695,1736,1,1,0.9874235987663269
lraa,1676,on,2696,1360,1,1,0.9936116337776184
lraa,1676,on,2697,554,1,1,0.9466213583946228
lraa,1676,on,2698,2253,0,0,0.025760561227798462
lraa,1676,on,2699,2199,0,0,0.012527933344244957
lraa,1676,on,2700,2321,0,0,0.029774196445941925
lraa,1676,on,2701,1829,1,1,0.9950177073478699
lraa,1676,on,2702,1031,0,0,0.0028009270317852497
lraa,1676,on,2703,2796,0,0,0.169956237077713
lraa,1676,on,2704,1222,1,1,0.9906600117683411
lraa,1676,on,2705,786,1,1,0.9416541457176208
lraa,1676,on,2706,469,1,1,0.9868786931037903
lraa,1676,on,2707,2276,1,1,0.9950562715530396
lraa,1676,on,2708,2130,1,1,0.9735442399978638
lraa,1676,on,2709,2370,1,1,0.6020615696907043
lraa,1676,on,2710,1079,0,0,0.07978201657533646
lraa,1676,on,2711,2437,0,0,0.02498779445886612
lraa,1676,on,2712,2426,1,1,0.9860442876815796
lraa,1676,on,2713,1552,1,1,0.9915544390678406
lraa,1676,on,2714,508,1,1,0.9844862222671509
lraa,1676,on,2715,1679,1,1,0.9939963817596436
lraa,1676,on,2716,799,0,0,0.06210312247276306
lraa,1676,on,2717,516,1,1,0.9957020878791809
lraa,1676,on,2718,186,0,0,0.0035380860790610313
lraa,1676,on,2719,1739,1,1,0.9917163252830505
lraa,1676,on,2720,2838,1,1,0.9926542043685913
lraa,1676,on,2721,2835,1,1,0.9778834581375122
lraa,1676,on,2722,1105,1,1,0.9963783621788025
lraa,1676,on,2723,1990,1,0,0.11858910322189331
lraa,1676,on,2724,1420,0,0,0.025083141401410103
lraa,1676,on,2725,1721,1,1,0.9949001669883728
lraa,1676,on,2726,2149,0,1,0.8198933005332947
lraa,1676,on,2727,26,0,0,0.0038844766095280647
lraa,1676,on,2728,2806,1,0,0.333720326423645
lraa,1676,on,2729,1259,0,0,0.11357959359884262
lraa,1676,on,2730,1932,1,1,0.9943140745162964
lraa,1676,on,2731,1688,1,1,0.9362850189208984
lraa,1676,on,2732,1728,0,0,0.4678179919719696
lraa,1676,on,2733,2079,0,0,0.01609087362885475
lraa,1676,on,2734,1458,1,1,0.7772998809814453
lraa,1676,on,2735,2175,0,0,0.020725062116980553
lraa,1676,on,2736,809,1,1,0.9949001669883728
lraa,1676,on,2737,1639,0,0,0.0034030054230242968
lraa,1676,on,2738,2138,0,0,0.00912563782185316
lraa,1676,on,2739,2336,0,0,0.004681822843849659
lraa,1676,on,2740,2742,1,1,0.9937100410461426
lraa,1676,on,2741,57,1,1,0.5039061903953552
lraa,1676,on,2742,1012,0,0,0.006289901677519083
lraa,1676,on,2743,1389,1,1,0.9927109479904175
lraa,1676,on,2744,2262,0,0,0.009196553379297256
lraa,1676,on,2745,2367,1,1,0.9924227595329285
lraa,1676,on,2746,48,1,1,0.9732915163040161
lraa,1676,on,2747,2934,1,1,0.9244152307510376
lraa,1676,on,2748,1849,1,1,0.9930423498153687
lraa,1676,on,2749,1822,1,1,0.9505029916763306
lraa,1676,on,2750,2748,1,1,0.9795114994049072
lraa,1676,on,2751,981,0,0,0.01098694372922182
lraa,1676,on,2752,1769,0,0,0.006192990578711033
lraa,1676,on,2753,1341,1,1,0.9783018827438354
lraa,1676,on,2754,2027,0,0,0.42919009923934937
lraa,1676,on,2755,1095,0,0,0.4687906503677368
lraa,1676,on,2756,1282,1,1,0.9964063763618469
lraa,1676,on,2757,24,0,0,0.011915022507309914
lraa,1676,on,2758,1203,1,1,0.9903663396835327
lraa,1676,on,2759,1167,1,1,0.9886682629585266
lraa,1676,on,2760,69,1,1,0.9961456060409546
lraa,1676,on,2761,2439,1,1,0.9968273043632507
lraa,1676,on,2762,1182,1,1,0.994820237159729
lraa,1676,on,2763,375,1,1,0.9912208914756775
lraa,1676,on,2764,2450,1,1,0.9959298968315125
lraa,1676,on,2765,696,1,1,0.6531268954277039
lraa,1676,on,2766,1775,1,1,0.8766343593597412
lraa,1676,on,2767,1121,1,1,0.9943140745162964
lraa,1676,on,2768,2618,1,1,0.9780517220497131
lraa,1676,on,2769,465,1,1,0.8787311315536499
lraa,1676,on,2770,864,1,1,0.992061972618103
lraa,1676,on,2771,744,0,0,0.004231587518006563
lraa,1676,on,2772,1059,1,1,0.9927672147750854
lraa,1676,on,2773,1487,0,0,0.015663649886846542
lraa,1676,on,2774,1687,0,0,0.08632348477840424
lraa,1676,on,2775,2382,1,1,0.9949001669883728
lraa,1676,on,2776,1991,0,0,0.027532940730452538
lraa,1676,on,2777,1652,1,1,0.9837225079536438
lraa,1676,on,2778,2702,1,0,0.01764446310698986
lraa,1676,on,2779,1378,0,0,0.043691057711839676
lraa,1676,on,2780,157,0,0,0.036390893161296844
lraa,1676,on,2781,1889,0,0,0.005957154091447592
lraa,1676,on,2782,2409,0,0,0.005179713014513254
lraa,1676,on,2783,707,0,1,0.6406359076499939
lraa,1676,on,2784,2645,1,1,0.978260338306427
lraa,1676,on,2785,2847,1,1,0.9921841025352478
lraa,1676,on,2786,126,1,1,0.9959927201271057
lraa,1676,on,2787,2932,1,1,0.9953904151916504
lraa,1676,on,2788,1900,1,1,0.9944451451301575
lraa,1676,on,2789,1548,1,1,0.9906600117683411
lraa,1676,on,2790,895,1,0,0.02909075655043125
lraa,1676,on,2791,30,0,0,0.014615669846534729
lraa,1676,on,2792,1641,1,1,0.9930961728096008
lraa,1676,on,2793,1053,1,1,0.9928786158561707
lraa,1676,on,2794,246,1,1,0.9945307374000549
lraa,1676,on,2795,2790,0,0,0.18010665476322174
lraa,1676,on,2796,941,1,1,0.9972637891769409
lraa,1676,on,2797,1451,0,0,0.015189049765467644
lraa,1676,on,2798,305,1,1,0.9900636076927185
lraa,1676,on,2799,2621,0,0,0.023153411224484444
lraa,1676,on,2800,1979,1,1,0.9892648458480835
lraa,1676,on,2801,2084,1,1,0.9917484521865845
lraa,1676,on,2802,2635,1,1,0.9852713346481323
lraa,1676,on,2803,859,0,0,0.01332514826208353
lraa,1676,on,2804,2565,1,1,0.9437636137008667
lraa,1676,on,2805,1348,1,1,0.9918121099472046
lraa,1676,on,2806,701,1,1,0.87169349193573
lraa,1676,on,2807,973,0,0,0.003945406526327133
lraa,1676,on,2808,2883,1,1,0.6700417399406433
lraa,1676,on,2809,2029,1,1,0.7828078269958496
lraa,1676,on,2810,915,1,1,0.9874721169471741
lraa,1676,on,2811,131,0,0,0.067454494535923
lraa,1676,on,2812,738,1,1,0.9845753908157349
lraa,1676,on,2813,113,0,0,0.002889581024646759
lraa,1676,on,2814,2873,0,1,0.9600626826286316
lraa,1676,on,2815,603,0,0,0.28477486968040466
lraa,1676,on,2816,207,1,1,0.9890975952148438
lraa,1676,on,2817,2514,1,0,0.2146914154291153
lraa,1676,on,2818,2250,1,1,0.9443824291229248
lraa,1676,on,2819,2518,1,1,0.7577943801879883
lraa,1676,on,2820,2576,1,0,0.06656918674707413
lraa,1676,on,2821,734,1,1,0.9296960830688477
lraa,1676,on,2822,1837,0,0,0.04569203406572342
lraa,1676,on,2823,2440,0,0,0.010091315023601055
lraa,1676,on,2824,2909,1,1,0.9801673293113708
lraa,1676,on,2825,434,1,1,0.995566189289093
lraa,1676,on,2826,1259,0,0,0.018124720081686974
lraa,1676,on,2827,2921,0,0,0.010489091277122498
lraa,1676,on,2828,2640,0,0,0.0029349515680223703
lraa,1676,on,2829,1681,1,0,0.3259495198726654
lraa,1676,on,2830,2912,1,1,0.9918753504753113
lraa,1676,on,2831,1400,1,1,0.9941347241401672
lraa,1676,on,2832,545,0,1,0.8140527606010437
lraa,1676,on,2833,1180,1,1,0.9885361194610596
lraa,1676,on,2834,1076,0,0,0.039048291742801666
lraa,1676,on,2835,1485,1,1,0.9767580628395081
lraa,1676,on,2836,297,0,0,0.05033063143491745
lraa,1676,on,2837,2127,0,0,0.053206201642751694
lraa,1676,on,2838,226,0,0,0.01233610138297081
lraa,1676,on,2839,553,1,1,0.9830850958824158
lraa,1676,on,2840,400,1,1,0.9888418912887573
lraa,1676,on,2841,1925,1,1,0.9887554049491882
lraa,1676,on,2842,598,0,0,0.008577484637498856
lraa,1676,on,2843,2600,0,0,0.008847354911267757
lraa,1676,on,2844,417,1,1,0.9899086952209473
lraa,1676,on,2845,731,1,1,0.9829546809196472
lraa,1676,on,2846,932,1,1,0.8516445755958557
lraa,1676,on,2847,2157,1,1,0.9889278411865234
lraa,1676,on,2848,2503,1,1,0.9942250847816467
lraa,1676,on,2849,890,0,1,0.8095772862434387
lraa,1676,on,2850,1509,1,1,0.983502209186554
lraa,1676,on,2851,2224,0,0,0.0067449901252985
lraa,1676,on,2852,161,0,0,0.006338921375572681
lraa,1676,on,2853,1409,0,0,0.01098694372922182
lraa,1676,on,2854,101,1,1,0.9925393462181091
lraa,1676,on,2855,2891,0,0,0.00877910852432251
lraa,1676,on,2856,332,0,0,0.11008787900209427
lraa,1676,on,2857,2587,0,0,0.05360114574432373
lraa,1676,on,2858,894,0,1,0.9778834581375122
lraa,1676,on,2859,1974,1,1,0.996570348739624
lraa,1676,on,2860,2109,1,1,0.9773707389831543
lraa,1676,on,2861,2473,0,0,0.009485714137554169
lraa,1676,on,2862,1988,1,1,0.9413313865661621
lraa,1676,on,2863,241,0,0,0.012722709216177464
lraa,1676,on,2864,1412,1,1,0.982557475566864
lraa,1676,on,2865,606,1,1,0.9899086952209473
lraa,1676,on,2866,880,1,1,0.9697853922843933
lraa,1676,on,2867,972,0,0,0.0032224839087575674
lraa,1676,on,2868,586,0,0,0.008847354911267757
lraa,1676,on,2869,988,0,1,0.7364006042480469
lraa,1676,on,2870,502,0,1,0.7680380344390869
lraa,1676,on,2871,1211,0,0,0.0060503981076180935
lraa,1676,on,2872,1913,1,1,0.9969722032546997
lraa,1676,on,2873,1088,1,1,0.9930961728096008
lraa,1676,on,2874,1720,1,0,0.012920473702251911
lraa,1676,on,2875,1921,0,0,0.28616926074028015
lraa,1676,on,2876,2397,1,1,0.9882221817970276
lraa,1676,on,2877,2263,1,1,0.9949396848678589
lraa,1676,on,2878,29,1,1,0.9780517220497131
lraa,1676,on,2879,1507,0,0,0.21272224187850952
lraa,1676,on,2880,2684,1,1,0.9849852323532104
lraa,1676,on,2881,294,1,1,0.9904406070709229
lraa,1676,on,2882,127,1,1,0.9895108342170715
lraa,1676,on,2883,443,0,0,0.006692850962281227
lraa,1676,on,2884,2471,0,0,0.02080448903143406
lraa,1676,on,2885,425,1,1,0.9837225079536438
lraa,1676,on,2886,2521,1,0,0.013222822919487953
lraa,1676,on,2887,2326,1,1,0.993854820728302
lraa,1676,on,2888,2389,1,1,0.9874721169471741
lraa,1676,on,2889,536,0,0,0.008847354911267757
lraa,1676,on,2890,704,1,1,0.993561863899231
lraa,1676,on,2891,947,0,0,0.004101929254829884
lraa,1676,on,2892,2117,1,1,0.9818752408027649
lraa,1676,on,2893,245,1,0,0.050893720239400864
lraa,1676,on,2894,2526,1,1,0.9304582476615906
lraa,1676,on,2895,588,1,1,0.9934611320495605
lraa,1676,on,2896,2152,0,0,0.0427221953868866
lraa,1676,on,2897,583,1,1,0.927822470664978
lraa,1676,on,2898,2881,1,1,0.92889404296875
lraa,1676,on,2899,496,1,1,0.9609517455101013
lraa,1676,on,2900,1406,1,1,0.8688268065452576
lraa,1676,on,2901,1289,1,1,0.9900636076927185
lraa,1676,on,2902,2256,1,1,0.9969245791435242
lraa,1676,on,2903,1802,0,0,0.004867417272180319
lraa,1676,on,2904,1065,0,1,0.8333246111869812
lraa,1676,on,2905,1174,1,1,0.8055939674377441
lraa,1676,on,2906,2590,1,1,0.9015746116638184
lraa,1676,on,2907,1839,0,0,0.09619516879320145
lraa,1676,on,2908,2166,0,0,0.006641112733632326
lraa,1676,on,2909,1081,1,1,0.8349459171295166
lraa,1676,on,2910,866,0,0,0.004070138093084097
lraa,1676,on,2911,1953,1,1,0.957277774810791
lraa,1676,on,2912,617,1,1,0.9835337996482849
lraa,1676,on,2913,1900,1,1,0.9757624268531799
lraa,1676,on,2914,911,1,1,0.9820137619972229
lraa,1676,on,2915,2051,1,1,0.689723789691925
lraa,1676,on,2916,1154,1,1,0.9952448010444641
lraa,1676,on,2917,501,1,1,0.9891815781593323
lraa,1676,on,2918,2561,0,0,0.38769033551216125
lraa,1676,on,2919,348,1,1,0.7112303972244263
lraa,1676,on,2920,1221,0,0,0.004166256170719862
lraa,1676,on,2921,306,1,1,0.9826908707618713
lraa,1676,on,2922,2536,1,1,0.9943140745162964
lraa,1676,on,2923,2168,1,1,0.9849274158477783
lraa,1676,on,2924,1398,1,1,0.9968273043632507
lraa,1676,on,2925,2366,0,1,0.7683857679367065
lraa,1676,on,2926,336,1,1,0.9643214344978333
lraa,1676,on,2927,1973,1,1,0.9973269701004028
lraa,1676,on,2928,1874,1,0,0.053799644112586975
lraa,1676,on,2929,3,1,1,0.9838472008705139
lraa,1676,on,2930,616,1,1,0.8413047790527344
lraa,1676,on,2931,1843,1,1,0.9921537041664124
lraa,1676,on,2932,1102,0,1,0.6808785796165466
lraa,1676,on,2933,1019,1,1,0.9959298968315125
lraa,1676,on,2934,2277,0,0,0.009196553379297256
lraa,1676,on,2935,163,0,0,0.007460643537342548
lraa,1676,on,2936,1678,1,1,0.9866748452186584
lraa,1676,on,2937,1672,1,0,0.06608537584543228
lraa,1676,on,2938,1,1,1,0.9930423498153687
lraa,1676,on,2939,1007,1,1,0.9876639246940613
lraa,1676,on,2940,300,1,0,0.0062170778401196
lraa,1676,on,2941,2271,1,1,0.9897513389587402
lraa,1676,on,2942,1670,0,0,0.02446967177093029
lraa,1676,on,2943,2085,1,1,0.9921841025352478
lraa,1676,on,2944,2496,1,1,0.9944880604743958
lraa,1676,on,2945,324,0,0,0.01073516346514225
lraa,1676,on,2946,693,0,0,0.005343256518244743
lraa,1676,on,2947,1351,1,1,0.9924813508987427
lraa,1676,on,2948,1367,1,1,0.9915544390678406
lraa,1676,on,2949,2378,1,1,0.989591658115387
lraa,1676,on,2950,1380,0,0,0.00985985528677702
lraa,1676,on,2951,623,1,1,0.9934101700782776
lraa,1676,on,2952,1508,1,1,0.9960237741470337
lraa,1676,on,2953,1304,0,0,0.015663649886846542
lraa,1676,on,2954,1790,1,1,0.9740425944328308
lraa,1676,on,2955,1384,1,0,0.17023193836212158
lraa,1676,on,2956,2481,0,0,0.0060503981076180935
lraa,1676,on,2957,2281,1,1,0.9549003839492798
lraa,1676,on,2958,2879,0,0,0.004905405919998884
lraa,1676,on,2959,1551,1,1,0.9909447431564331
lraa,1676,on,2960,1046,1,1,0.703345775604248
lraa,1676,on,2961,1983,0,0,0.17866909503936768
lraa,1676,on,2962,1187,0,0,0.007999754510819912
lraa,1676,on,2963,1461,1,1,0.6566582322120667
lraa,1676,on,2964,1938,1,1,0.9643214344978333
lraa,1676,on,2965,1279,1,0,0.0072890776209533215
lraa,1676,on,2966,648,1,1,0.8976953029632568
lraa,1676,on,2967,2217,1,1,0.9966495633125305
lraa,1676,on,2968,2254,0,0,0.005685906391590834
lraa,1676,on,2969,7,1,1,0.9910145401954651
lraa,1676,on,2970,1657,1,1,0.9635062217712402
lraa,1676,on,2971,940,0,0,0.13262686133384705
lraa,1676,on,2972,2307,0,0,0.00307536986656487
lraa,1676,on,2973,2914,1,1,0.9968273043632507
lraa,1676,on,2974,2523,1,1,0.7828285694122314
lraa,1676,on,2975,582,1,1,0.9939963817596436
lraa,1676,on,2976,1074,1,1,0.9694401025772095
lraa,1676,on,2977,519,1,1,0.9868786931037903
lraa,1676,on,2978,656,1,1,0.9935117363929749
lraa,1676,on,2979,1564,1,1,0.9954967498779297
lraa,1676,on,2980,868,1,1,0.9908034801483154
lraa,1676,on,2981,971,1,0,0.023153411224484444
lraa,1676,on,2982,778,1,1,0.980205237865448
lraa,1676,on,2983,2593,0,0,0.013222822919487953
lraa,1676,on,2984,66,1,1,0.8904848694801331
lraa,1676,on,2985,2115,0,0,0.0060503981076180935
lraa,1676,on,2986,1329,0,0,0.004101929254829884
lraa,1676,on,2987,210,0,0,0.04177388176321983
lraa,1676,on,2988,2496,1,1,0.9946980476379395
lraa,1676,on,2989,253,1,1,0.9947799444198608
lraa,1676,on,2990,359,1,1,0.9933589100837708
lraa,1676,on,2991,1667,1,1,0.9951702952384949
lraa,1676,on,2992,1177,1,0,0.06136776879429817
lraa,1676,on,2993,2620,0,0,0.0064882696606218815
lraa,1676,on,2994,2259,0,0,0.005060331895947456
lraa,1676,on,2995,2492,1,1,0.6522414088249207
lraa,1676,on,2996,2307,0,0,0.003621685318648815
lraa,1676,on,2997,384,1,1,0.6113819479942322
lraa,1676,on,2998,584,0,0,0.020061802119016647
lraa,1676,on,2999,958,1,1,0.9207897186279297
lraa,1676,on,3000,1042,0,0,0.005819959565997124
lraa,1676,on,3001,1432,1,1,0.6787529587745667
lraa,1676,on,3002,1354,1,1,0.9967268705368042
lraa,1676,on,3003,1228,0,0,0.014615669846534729
lraa,1676,on,3004,647,0,0,0.17756116390228271
lraa,1676,on,3005,381,1,1,0.9882221817970276
lraa,1676,on,3006,979,1,1,0.8100284934043884
lraa,1676,on,3007,1656,0,0,0.2247353047132492
lraa,1676,on,3008,2087,1,1,0.9708540439605713
lraa,1676,on,3009,815,1,1,0.9936610460281372
lraa,1676,on,3010,1661,1,1,0.9813822507858276
lraa,1676,on,3011,1707,1,0,0.2925953269004822
lraa,1676,on,3012,507,1,1,0.9226218461990356
lraa,1676,on,3013,2493,0,0,0.027585284784436226
lraa,1676,on,3014,1722,1,0,0.08632348477840424
lraa,1676,on,3015,836,0,0,0.042245496064424515
lraa,1676,on,3016,1695,1,1,0.9763104915618896
lraa,1676,on,3017,2592,0,0,0.00955939944833517
lraa,1676,on,3018,2159,1,1,0.9937100410461426
lraa,1676,on,3019,678,0,1,0.9889278411865234
lraa,1676,on,3020,2553,1,1,0.9897513389587402
lraa,1676,on,3021,2465,0,0,0.03976915404200554
lraa,1676,on,3022,1637,1,1,0.9443815350532532
lraa,1676,on,3023,775,1,0,0.21933749318122864
lraa,1676,on,3024,622,1,1,0.9884026646614075
lraa,1676,on,3025,620,0,0,0.019419347867369652
lraa,1676,on,3026,1383,0,0,0.026380425319075584
lraa,1676,on,3027,2456,1,1,0.9852713346481323
lraa,1676,on,3028,1985,0,0,0.011331754736602306
lraa,1676,on,3029,1459,1,1,0.9594592452049255
lraa,1676,on,3030,533,1,1,0.9374402165412903
lraa,1676,on,3031,2379,1,1,0.9835969805717468
lraa,1676,on,3032,1860,0,0,0.011244560591876507
lraa,1676,on,3033,1045,0,0,0.006850480102002621
lraa,1676,on,3034,160,0,0,0.21958844363689423
lraa,1676,on,3035,2060,0,0,0.01542455144226551
lraa,1676,on,3036,2019,0,0,0.007460643537342548
lraa,1676,on,3037,2317,1,1,0.9954967498779297
lraa,1676,on,3038,723,0,0,0.04069295525550842
lraa,1676,on,3039,1131,0,1,0.9439706206321716
lraa,1676,on,3040,2448,0,0,0.007518718484789133
lraa,1676,on,3041,2169,0,0,0.03082132525742054
lraa,1676,on,3042,850,1,1,0.9964893460273743
lraa,1676,on,3043,1724,1,1,0.9522199034690857
lraa,1676,on,3044,2231,1,1,0.993854820728302
lraa,1676,on,3045,997,1,0,0.011597362346947193
lraa,1676,on,3046,1726,1,1,0.9865716695785522
lraa,1676,on,3047,1344,0,0,0.005301894620060921
lraa,1676,on,3048,1805,1,0,0.07555067539215088
lraa,1676,on,3049,2408,0,1,0.9704646468162537
lraa,1676,on,3050,605,1,1,0.9923638105392456
lraa,1676,on,3051,1421,0,1,0.9082930684089661
lraa,1676,on,3052,2582,1,1,0.9939024448394775
lraa,1676,on,3053,1961,1,1,0.9752018451690674
lraa,1676,on,3054,1714,1,1,0.9942250847816467
lraa,1676,on,3055,102,1,1,0.9918121099472046
lraa,1676,on,3056,1373,0,0,0.034618839621543884
lraa,1676,on,3057,1875,1,0,0.037573304027318954
lraa,1676,on,3058,2647,1,1,0.9678993225097656
lraa,1676,on,3059,2640,1,1,0.9717789888381958
lraa,1676,on,3060,200,1,1,0.9910838603973389
lraa,1676,on,3061,2314,0,0,0.006338921375572681
lraa,1676,on,3062,1510,0,0,0.008315779268741608
lraa,1676,on,3063,1336,1,1,0.982557475566864
lraa,1676,on,3064,1472,1,1,0.9800530076026917
lraa,1676,on,3065,1483,1,1,0.9837225079536438
lraa,1676,on,3066,1013,1,1,0.9787126779556274
lraa,1676,on,3067,1912,0,0,0.008187909610569477
lraa,1676,on,3068,945,0,0,0.01073516346514225
lraa,1676,on,3069,2257,1,1,0.9928231239318848
lraa,1676,on,3070,1767,1,1,0.9970190525054932
lraa,1676,on,3071,914,1,1,0.9838472008705139
lraa,1676,on,3072,327,0,0,0.17050801217556
lraa,1676,on,3073,2344,1,1,0.988711953163147
lraa,1676,on,3074,2802,0,0,0.009055264294147491
lraa,1676,on,3075,2568,1,1,0.9939496517181396
lraa,1676,on,3076,2738,1,1,0.9923043847084045
lraa,1676,on,3077,2026,1,1,0.9924227595329285
lraa,1676,on,3078,579,1,1,0.6210813522338867
lraa,1676,on,3079,1529,1,1,0.9914886951446533
lraa,1676,on,3080,2169,0,0,0.0684129074215889
lraa,1676,on,3081,1136,0,0,0.01678549125790596
lraa,1676,on,3082,1023,1,1,0.9616780281066895
lraa,1676,on,3083,1938,1,1,0.9901401400566101
lraa,1676,on,3084,987,0,0,0.1525365114212036
lraa,1676,on,3085,2535,0,0,0.008644177578389645
lraa,1676,on,3086,2368,0,0,0.017442483454942703
lraa,1676,on,3087,654,0,0,0.00712142838165164
lraa,1676,on,3088,2859,1,0,0.4668456017971039
lraa,1676,on,3089,475,0,0,0.006338921375572681
lraa,1676,on,3090,2226,0,0,0.008380454033613205
lraa,1676,on,3091,505,0,0,0.00912563782185316
lraa,1676,on,3092,2342,1,1,0.9897513389587402
lraa,1676,on,3093,243,0,0,0.01640303246676922
lraa,1676,on,3094,466,1,1,0.9941347241401672
lraa,1676,on,3095,509,0,0,0.012624949216842651
lraa,1676,on,3096,530,1,1,0.9890975952148438
lraa,1676,on,3097,2874,1,1,0.9905874133110046
lraa,1676,on,3098,1970,1,1,0.9905142784118652
lraa,1676,on,3099,236,0,0,0.004297938663512468
lraa,1676,on,3100,2073,1,1,0.9830850958824158
lraa,1676,on,3101,411,1,1,0.9178933501243591
lraa,1676,on,3102,2694,1,1,0.9937100410461426
lraa,1676,on,3103,1258,0,0,0.04672496020793915
lraa,1676,on,3104,569,1,1,0.9939963817596436
lraa,1676,on,3105,2896,1,1,0.9826908707618713
lraa,1676,on,3106,2039,1,1,0.9940428137779236
lraa,1676,on,3107,2764,0,0,0.03622005879878998
lraa,1676,on,3108,1423,1,1,0.9897513389587402
lraa,1676,on,3109,2779,1,1,0.7718434929847717
lraa,1676,on,3110,1571,1,1,0.9385759830474854
lraa,1676,on,3111,2708,0,0,0.1212688684463501
lraa,1676,on,3112,1944,0,0,0.004198795184493065
lraa,1676,on,3113,62,0,0,0.03622005879878998
lraa,1676,on,3114,708,1,1,0.9960545301437378
lraa,1676,on,3115,208,1,1,0.9758085012435913
lraa,1676,on,3116,1813,1,1,0.9674102663993835
lraa,1676,on,3117,2908,1,1,0.9938070178031921
lraa,1676,on,3118,1607,1,1,0.946793794631958
lraa,1676,on,3119,2171,1,1,0.9884026646614075
lraa,1676,on,3120,123,0,0,0.027376487851142883
lraa,1676,on,3121,2457,0,0,0.004007288720458746
lraa,1676,on,3122,299,0,0,0.004365325439721346
lraa,1676,on,3123,73,1,1,0.9933071732521057
lraa,1676,on,3124,2346,1,0,0.1525365114212036
lraa,1676,on,3125,1731,1,1,0.9946980476379395
lraa,1676,on,3126,2270,0,0,0.007815889082849026
lraa,1676,on,3127,1396,1,1,0.9477691650390625
lraa,1676,on,3128,1870,1,1,0.9965165853500366
lraa,1676,on,3129,1132,0,1,0.8258707523345947
lraa,1676,on,3130,1241,0,0,0.008315779268741608
lraa,1676,on,3131,358,1,1,0.9950946569442749
lraa,1676,on,3132,1563,1,1,0.9932025074958801
lraa,1676,on,3133,2403,0,0,0.005343256518244743
lraa,1676,on,3134,1587,1,1,0.9700134992599487
lraa,1676,on,3135,2690,1,1,0.7948033213615417
lraa,1676,on,3136,1651,1,1,0.9967268705368042
lraa,1676,on,3137,661,0,1,0.9653811454772949
lraa,1676,on,3138,2080,0,0,0.007876706309616566
lraa,1676,on,3139,2039,1,1,0.9882221817970276
lraa,1676,on,3140,2750,1,1,0.9941800832748413
lraa,1676,on,3141,1293,1,0,0.4743420481681824
lraa,1676,on,3142,1383,0,0,0.007403014227747917
lraa,1676,on,3143,1424,1,1,0.9922744631767273
lraa,1676,on,3144,1295,0,0,0.01098694372922182
lraa,1676,on,3145,800,1,1,0.9658995866775513
lraa,1676,on,3146,282,1,1,0.9833430051803589
lraa,1676,on,3147,2735,1,1,0.9909096360206604
lraa,1676,on,3148,2534,1,1,0.6706082820892334
lraa,1676,on,3149,1066,1,1,0.9884918928146362
lraa,1676,on,3150,1822,1,1,0.8875949382781982
lraa,1676,on,3151,2890,1,1,0.9790757894515991
lraa,1676,on,3152,2598,0,0,0.2351084053516388
lraa,1676,on,3153,1039,1,1,0.993854820728302
lraa,1676,on,3154,2030,1,1,0.9834585189819336
lraa,1676,on,3155,2586,0,0,0.12940272688865662
lraa,1676,on,3156,758,0,0,0.01332514826208353
lraa,1676,on,3157,129,1,1,0.9650533199310303
lraa,1676,on,3158,560,0,0,0.15027804672718048
lraa,1676,on,3159,2788,1,1,0.946793794631958
lraa,1676,on,3160,1503,0,0,0.01428193412721157
lraa,1676,on,3161,2057,1,1,0.9921841025352478
lraa,1676,on,3162,406,1,1,0.9105454087257385
lraa,1676,on,3163,1841,1,1,0.9963215589523315
lraa,1676,on,3164,2103,1,0,0.034749627113342285
lraa,1676,on,3165,2114,1,1,0.9928786158561707
lraa,1676,on,3166,2867,0,0,0.0067449901252985
lraa,1676,on,3167,370,1,0,0.01065251138061285
lraa,1676,on,3168,642,1,1,0.9956005811691284
lraa,1676,on,3169,1628,0,0,0.032466817647218704
lraa,1676,on,3170,1796,0,0,0.020964238792657852
lraa,1676,on,3171,1198,1,1,0.9952816367149353
lraa,1676,on,3172,956,0,1,0.6667138338088989
lraa,1676,on,3173,2383,1,1,0.7638362646102905
lraa,1676,on,3174,761,1,1,0.9418684244155884
lraa,1676,on,3175,1172,1,1,0.9950177073478699
lraa,1676,on,3176,1604,1,1,0.961533784866333
lraa,1676,on,3177,219,1,1,0.9230391979217529
lraa,1676,on,3178,2392,1,1,0.8694653511047363
lraa,1676,on,3179,1331,1,1,0.9908034801483154
lraa,1676,on,3180,1441,0,0,0.014337031170725822
lraa,1676,on,3181,2172,1,1,0.9925969839096069
lraa,1676,on,3182,1244,0,0,0.03308597952127457
lraa,1676,on,3183,2381,1,1,0.961605966091156
lraa,1676,on,3184,2239,1,1,0.9890975952148438
lraa,1676,on,3185,923,0,0,0.007066401187330484
lraa,1676,on,3186,2232,1,1,0.8433797955513
lraa,1676,on,3187,2010,1,1,0.9704646468162537
lraa,1676,on,3188,991,0,0,0.13568954169750214
lraa,1676,on,3189,2810,0,0,0.00851130299270153
lraa,1676,on,3190,2530,0,0,0.188323974609375
lraa,1676,on,3191,1523,0,0,0.09704755991697311
lraa,1676,on,3192,954,1,1,0.9930961728096008
lraa,1676,on,3193,1872,0,0,0.005819959565997124
lraa,1676,on,3194,1455,0,0,0.01590639166533947
lraa,1676,on,3195,1437,0,0,0.0067449901252985
lraa,1676,on,3196,2352,0,0,0.013902058824896812
lraa,1676,on,3197,137,1,1,0.9887554049491882
lraa,1676,on,3198,2745,1,1,0.9857181310653687
lraa,1676,on,3199,839,1,1,0.9903663396835327
lraa,1676,on,3200,1193,1,1,0.9219217896461487
lraa,1676,on,3201,2006,1,1,0.9701834917068481
lraa,1676,on,3202,1771,0,0,0.01542455144226551
lraa,1676,on,3203,1436,0,1,0.8647679686546326
lraa,1676,on,3204,2504,0,0,0.2458084672689438
lraa,1676,on,3205,133,1,1,0.9967268705368042
lraa,1676,on,3206,2320,1,1,0.9933589100837708
lraa,1676,on,3207,2871,0,0,0.007695647422224283
lraa,1676,on,3208,2214,1,1,0.9905142784118652
lraa,1676,on,3209,2564,1,1,0.9958337545394897
lraa,1676,on,3210,322,1,0,0.26511871814727783
lraa,1676,on,3211,401,1,1,0.9871788024902344
lraa,1676,on,3212,1078,0,0,0.005819959565997124
lraa,1676,on,3213,157,0,0,0.03403615579009056
lraa,1676,on,3214,2529,1,1,0.9956346154212952
lraa,1676,on,3215,889,1,1,0.9947391152381897
lraa,1676,on,3216,1871,0,0,0.08632348477840424
lraa,1676,on,3217,2340,1,1,0.9874721169471741
lraa,1676,on,3218,5,1,1,0.9830850958824158
lraa,1676,on,3219,121,1,1,0.9840169548988342
lraa,1676,on,3220,1479,0,0,0.022371459752321243
lraa,1676,on,3221,1526,0,0,0.02262919954955578
lraa,1676,on,3222,2438,1,0,0.30321577191352844
lraa,1676,on,3223,2751,0,1,0.6619228720664978
lraa,1676,on,3224,1113,0,0,0.006797531619668007
lraa,1676,on,3225,360,1,1,0.9946568012237549
lraa,1676,on,3226,2848,0,0,0.004905405919998884
lraa,1676,on,3227,767,1,0,0.016657039523124695
lraa,1676,on,3228,2682,1,1,0.9940428137779236
lraa,1676,on,3229,1819,1,1,0.9932550191879272
lraa,1676,on,3230,399,1,1,0.8238958716392517
lraa,1676,on,3231,115,1,1,0.9686195850372314
lraa,1676,on,3232,328,1,1,0.8633915781974792
lraa,1676,on,3233,2895,1,1,0.9834068417549133
lraa,1676,on,3234,897,0,0,0.010570487938821316
lraa,1676,on,3235,1846,0,0,0.0035106490831822157
lraa,1676,on,3236,2739,1,1,0.9465966820716858
lraa,1676,on,3237,1417,1,1,0.9598374962806702
lraa,1676,on,3238,1532,1,1,0.9232816100120544
lraa,1676,on,3239,1185,1,1,0.991355836391449
lraa,1676,on,3240,352,1,1,0.5708098411560059
lraa,1676,on,3241,817,1,1,0.9834704995155334
lraa,1676,on,3242,2898,1,1,0.9917484521865845
lraa,1676,on,3243,857,1,1,0.9928786158561707
lraa,1676,on,3244,495,0,0,0.024053553119301796
lraa,1676,on,3245,1255,1,1,0.9918753504753113
lraa,1676,on,3246,1490,1,1,0.9353464841842651
lraa,1676,on,3247,1035,1,1,0.9955315589904785
lraa,1676,on,3248,1732,0,0,0.008251599036157131
lraa,1676,on,3249,455,1,1,0.9893474578857422
lraa,1676,on,3250,2622,1,1,0.86200350522995
lraa,1676,on,3251,472,1,1,0.9923638105392456
lraa,1676,on,3252,1711,1,1,0.991355836391449
lraa,1676,on,3253,1365,1,0,0.1208532303571701
lraa,1676,on,3254,2557,1,1,0.9921841025352478
lraa,1676,on,3255,2887,0,0,0.03949040547013283
lraa,1676,on,3256,1422,0,0,0.010902373120188713
lraa,1676,on,3257,1133,1,1,0.9912885427474976
lraa,1676,on,3258,1216,0,0,0.005179713014513254
lraa,1676,on,3259,1603,0,0,0.01233610138297081
lraa,1676,on,3260,437,0,0,0.07793769240379333
lraa,1676,on,3261,1106,1,1,0.956308901309967
lraa,1676,on,3262,2134,0,0,0.2146914154291153
lraa,1676,on,3263,141,1,1,0.7599387168884277
lraa,1676,on,3264,2048,1,0,0.3904758393764496
lraa,1676,on,3265,1650,1,1,0.9887554049491882
lraa,1676,on,3266,1923,1,1,0.9915544390678406
lraa,1676,on,3267,1689,1,1,0.9884026646614075
lraa,1676,on,3268,37,1,1,0.9600626826286316
lraa,1676,on,3269,555,0,0,0.007204768247902393
lraa,1676,norm_only,0,2461,0,1,0.5
lraa,1676,norm_only,1,652,1,1,0.5331543684005737
lraa,1676,norm_only,2,694,1,1,0.5457699298858643
lraa,1676,norm_only,3,1750,1,1,0.5717666149139404
lraa,1676,norm_only,4,1356,1,1,0.5068355202674866
lraa,1676,norm_only,5,1061,0,0,0.4522939622402191
lraa,1676,norm_only,6,1159,1,1,0.5370413661003113
lraa,1676,norm_only,7,2712,1,1,0.543832540512085
lraa,1676,norm_only,8,741,1,1,0.5273165106773376
lraa,1676,norm_only,9,2320,1,1,0.5573635101318359
lraa,1676,norm_only,10,2845,1,1,0.5214711427688599
lraa,1676,norm_only,11,2427,0,0,0.46101680397987366
lraa,1676,norm_only,12,1377,1,0,0.438785195350647
lraa,1676,norm_only,13,2556,1,1,0.5
lraa,1676,norm_only,14,250,1,1,0.5563995838165283
lraa,1676,norm_only,15,366,1,1,0.5409238338470459
lraa,1676,norm_only,16,552,1,1,0.5389832258224487
lraa,1676,norm_only,17,1806,1,1,0.5669777989387512
lraa,1676,norm_only,18,2637,1,1,0.5165954232215881
lraa,1676,norm_only,19,1116,1,1,0.596433162689209
lraa,1676,norm_only,20,1854,0,0,0.4746311902999878
lraa,1676,norm_only,21,580,1,1,0.5107405185699463
lraa,1676,norm_only,22,460,1,1,0.5146442651748657
lraa,1676,norm_only,23,1326,1,1,0.5573635101318359
lraa,1676,norm_only,24,514,1,0,0.45810624957084656
lraa,1676,norm_only,25,2687,1,1,0.5554351806640625
lraa,1676,norm_only,26,760,1,1,0.531209409236908
lraa,1676,norm_only,27,2644,0,0,0.4639299511909485
lraa,1676,norm_only,28,2211,1,1,0.5669777989387512
lraa,1676,norm_only,29,319,1,1,0.5879430770874023
lraa,1676,norm_only,30,1904,1,1,0.5736784338951111
lraa,1676,norm_only,31,2776,1,1,0.5774953961372375
lraa,1676,norm_only,32,79,0,0,0.42536652088165283
lraa,1676,norm_only,33,2863,1,1,0.5009765625
lraa,1676,norm_only,34,2290,1,1,0.5544704794883728
lraa,1676,norm_only,35,466,1,1,0.5477060079574585
lraa,1676,norm_only,36,1201,0,0,0.4436004161834717
lraa,1676,norm_only,37,577,1,1,0.5496405959129333
lraa,1676,norm_only,38,2136,0,0,0.47950369119644165
lraa,1676,norm_only,39,2307,0,0,0.39793840050697327
lraa,1676,norm_only,40,2777,1,1,0.5496405959129333
lraa,1676,norm_only,41,2198,0,0,0.4359015226364136
lraa,1676,norm_only,42,2915,1,1,0.5029296278953552
lraa,1676,norm_only,43,2480,0,0,0.39793840050697327
lraa,1676,norm_only,44,51,1,1,0.5727227926254272
lraa,1676,norm_only,45,2020,1,1,0.531209409236908
lraa,1676,norm_only,46,2010,1,1,0.5746335387229919
lraa,1676,norm_only,47,193,1,1,0.5736784338951111
lraa,1676,norm_only,48,2614,1,1,0.5496405959129333
lraa,1676,norm_only,49,2184,1,0,0.4339814782142639
lraa,1676,norm_only,50,109,1,1,0.5224458575248718
lraa,1676,norm_only,51,2054,1,1,0.5736784338951111
lraa,1676,norm_only,52,2380,0,0,0.4484263062477112
lraa,1676,norm_only,53,1701,1,1,0.5214711427688599
lraa,1676,norm_only,54,904,0,0,0.4678179919719696
lraa,1676,norm_only,55,1675,0,1,0.5058591365814209
lraa,1676,norm_only,56,2023,1,1,0.5515737533569336
lraa,1676,norm_only,57,2337,1,1,0.5506073832511902
lraa,1676,norm_only,58,1693,0,0,0.4493926465511322
lraa,1676,norm_only,59,1596,1,1,0.5860491394996643
lraa,1676,norm_only,60,1648,0,0,0.4746311902999878
lraa,1676,norm_only,61,32,0,0,0.4073334336280823
lraa,1676,norm_only,62,274,0,0,0.4824291169643402
lraa,1676,norm_only,63,2462,1,1,0.5698526501655579
lraa,1676,norm_only,64,772,1,1,0.5563995838165283
lraa,1676,norm_only,65,747,1,0,0.4717099368572235
lraa,1676,norm_only,66,1981,1,0,0.4824291169643402
lraa,1676,norm_only,67,556,0,0,0.45713675022125244
lraa,1676,norm_only,68,135,0,0,0.46976351737976074
lraa,1676,norm_only,69,869,1,1,0.5360700488090515
lraa,1676,norm_only,70,523,1,1,0.5592900514602661
lraa,1676,norm_only,71,112,1,0,0.4931644797325134
lraa,1676,norm_only,72,2393,0,0,0.498046875
lraa,1676,norm_only,73,442,1,1,0.5631377100944519
lraa,1676,norm_only,74,986,1,1,0.5973730087280273
lraa,1676,norm_only,75,2269,1,1,0.5068355202674866
lraa,1676,norm_only,76,1195,0,0,0.46295860409736633
lraa,1676,norm_only,77,1647,0,0,0.43206340074539185
lraa,1676,norm_only,78,2589,1,1,0.543832540512085
lraa,1676,norm_only,79,2775,0,0,0.4330221712589264
lraa,1676,norm_only,80,1337,0,0,0.4263215959072113
lraa,1676,norm_only,81,2507,1,1,0.5832033753395081
lraa,1676,norm_only,82,1553,0,0,0.47073662281036377
lraa,1676,norm_only,83,2406,1,1,0.524394690990448
lraa,1676,norm_only,84,1087,0,1,0.5370413661003113
lraa,1676,norm_only,85,2355,1,1,0.5282900333404541
lraa,1676,norm_only,86,1965,1,1,0.5467381477355957
lraa,1676,norm_only,87,201,1,1,0.5755879878997803
lraa,1676,norm_only,88,750,1,1,0.5945512652397156
lraa,1676,norm_only,89,304,1,1,0.5602526664733887
lraa,1676,norm_only,90,1123,1,1,0.5107405185699463
lraa,1676,norm_only,91,1899,1,1,0.5146442651748657
lraa,1676,norm_only,92,91,1,1,0.5926666259765625
lraa,1676,norm_only,93,1659,1,1,0.5755879878997803
lraa,1676,norm_only,94,2311,1,1,0.5535053014755249
lraa,1676,norm_only,95,1298,0,0,0.4990234673023224
lraa,1676,norm_only,96,2443,1,1,0.5525397062301636
lraa,1676,norm_only,97,2913,1,1,0.5506073832511902
lraa,1676,norm_only,98,636,0,0,0.4590761363506317
lraa,1676,norm_only,99,863,0,0,0.46004629135131836
lraa,1676,norm_only,100,1427,1,1,0.5457699298858643
lraa,1676,norm_only,101,81,0,1,0.5302364826202393
lraa,1676,norm_only,102,835,1,1,0.5409238338470459
lraa,1676,norm_only,103,353,0,0,0.4717099368572235
lraa,1676,norm_only,104,517,1,1,0.532181978225708
lraa,1676,norm_only,105,1134,1,1,0.5409238338470459
lraa,1676,norm_only,106,634,0,0,0.4130035638809204
lraa,1676,norm_only,107,1207,0,0,0.45035937428474426
lraa,1676,norm_only,108,499,0,1,0.5380124449729919
lraa,1676,norm_only,109,953,0,0,0.46587347984313965
lraa,1676,norm_only,110,2089,1,1,0.5669777989387512
lraa,1676,norm_only,111,1488,1,1,0.532181978225708
lraa,1676,norm_only,112,2330,0,0,0.41584742069244385
lraa,1676,norm_only,113,2174,1,1,0.5175709128379822
lraa,1676,norm_only,114,235,1,1,0.5803520083427429
lraa,1676,norm_only,115,2477,1,1,0.5
lraa,1676,norm_only,116,1545,1,1,0.5640984773635864
lraa,1676,norm_only,117,185,1,1,0.5602526664733887
lraa,1676,norm_only,118,1380,0,0,0.4263215959072113
lraa,1676,norm_only,119,891,1,0,0.43494123220443726
lraa,1676,norm_only,120,1536,1,1,0.5273165106773376
lraa,1676,norm_only,121,2532,1,1,0.5592900514602661
lraa,1676,norm_only,122,2528,0,0,0.4843800961971283
lraa,1676,norm_only,123,968,0,0,0.43782350420951843
lraa,1676,norm_only,124,376,1,1,0.5496405959129333
lraa,1676,norm_only,125,2475,0,0,0.4736572504043579
lraa,1676,norm_only,126,2307,0,0,0.40262696146965027
lraa,1676,norm_only,127,658,0,0,0.3942009508609772
lraa,1676,norm_only,128,2671,1,1,0.5350984334945679
lraa,1676,norm_only,129,1252,0,0,0.4882833957672119
lraa,1676,norm_only,130,1301,1,1,0.5563995838165283
lraa,1676,norm_only,131,2562,1,1,0.5389832258224487
lraa,1676,norm_only,132,1947,0,0,0.4493926465511322
lraa,1676,norm_only,133,2296,0,0,0.4668456017971039
lraa,1676,norm_only,134,1176,0,0,0.43974730372428894
lraa,1676,norm_only,135,1922,1,1,0.5698526501655579
lraa,1676,norm_only,136,1860,1,1,0.5195213556289673
lraa,1676,norm_only,137,124,0,0,0.4843800961971283
lraa,1676,norm_only,138,493,1,1,0.5535053014755249
lraa,1676,norm_only,139,2527,0,0,0.4882833957672119
lraa,1676,norm_only,140,2309,0,1,0.5253688097000122
lraa,1676,norm_only,141,1463,0,0,0.42919009923934937
lraa,1676,norm_only,142,2579,1,1,0.5506073832511902
lraa,1676,norm_only,143,1640,1,1,0.5803520083427429
lraa,1676,norm_only,144,1762,0,0,0.4244120121002197
lraa,1676,norm_only,145,1425,1,1,0.5341265201568604
lraa,1676,norm_only,146,1516,1,1,0.5794004201889038
lraa,1676,norm_only,147,2081,1,1,0.5380124449729919
lraa,1676,norm_only,148,695,0,0,0.4130035638809204
lraa,1676,norm_only,149,646,1,1,0.5428633093833923
lraa,1676,norm_only,150,1876,0,0,0.42919009923934937
lraa,1676,norm_only,151,2793,1,1,0.5679365992546082
lraa,1676,norm_only,152,34,1,1,0.5917232036590576
lraa,1676,norm_only,153,244,0,0,0.45519861578941345
lraa,1676,norm_only,154,2145,0,0,0.45035937428474426
lraa,1676,norm_only,155,1016,1,0,0.4873073995113373
lraa,1676,norm_only,156,2260,0,0,0.4436004161834717
lraa,1676,norm_only,157,2167,1,1,0.5525397062301636
lraa,1676,norm_only,158,341,1,1,0.5389832258224487
lraa,1676,norm_only,159,1025,1,1,0.5350984334945679
lraa,1676,norm_only,160,2588,1,1,0.5341265201568604
lraa,1676,norm_only,161,1580,1,1,0.5563995838165283
lraa,1676,norm_only,162,444,1,1,0.5679365992546082
lraa,1676,norm_only,163,756,1,1,0.5126925706863403
lraa,1676,norm_only,164,78,0,1,0.5282900333404541
lraa,1676,norm_only,165,2095,0,1,0.5282900333404541
lraa,1676,norm_only,166,2266,1,1,0.5496405959129333
lraa,1676,norm_only,167,2291,0,1,0.5
lraa,1676,norm_only,168,1575,0,0,0.4436004161834717
lraa,1676,norm_only,169,785,0,0,0.42919009923934937
lraa,1676,norm_only,170,2448,0,0,0.45713675022125244
lraa,1676,norm_only,171,1054,0,0,0.39513421058654785
lraa,1676,norm_only,172,2868,1,1,0.501953125
lraa,1676,norm_only,173,2872,0,0,0.47073662281036377
lraa,1676,norm_only,174,447,1,1,0.5669777989387512
lraa,1676,norm_only,175,562,1,1,0.5774953961372375
lraa,1676,norm_only,176,1927,0,0,0.43494123220443726
lraa,1676,norm_only,177,1898,1,0,0.4951173663139343
lraa,1676,norm_only,178,369,0,0,0.4522939622402191
lraa,1676,norm_only,179,1307,0,0,0.46976351737976074
lraa,1676,norm_only,180,1733,1,0,0.4736572504043579
lraa,1676,norm_only,181,2310,0,0,0.4445647895336151
lraa,1676,norm_only,182,140,1,1,0.5175709128379822
lraa,1676,norm_only,183,644,1,1,0.5486735105514526
lraa,1676,norm_only,184,1949,0,0,0.45423004031181335
lraa,1676,norm_only,185,461,1,1,0.5774953961372375
lraa,1676,norm_only,186,1105,1,1,0.5736784338951111
lraa,1676,norm_only,187,1075,1,1,0.5592900514602661
lraa,1676,norm_only,188,1138,1,1,0.5370413661003113
lraa,1676,norm_only,189,890,1,1,0.5457699298858643
lraa,1676,norm_only,190,1766,1,1,0.5399537086486816
lraa,1676,norm_only,191,84,1,1,0.5175709128379822
lraa,1676,norm_only,192,2124,1,1,0.5341265201568604
lraa,1676,norm_only,193,1917,1,1,0.5409238338470459
lraa,1676,norm_only,194,2407,1,1,0.5156199336051941
lraa,1676,norm_only,195,535,1,1,0.5136684775352478
lraa,1676,norm_only,196,2106,0,0,0.4639299511909485
lraa,1676,norm_only,197,2115,0,0,0.4196479618549347
lraa,1676,norm_only,198,2937,0,0,0.4843800961971283
lraa,1676,norm_only,199,763,1,1,0.5717666149139404
lraa,1676,norm_only,200,2041,1,1,0.5156199336051941
lraa,1676,norm_only,201,1812,1,1,0.5185462236404419
lraa,1676,norm_only,202,1862,1,1,0.5078118443489075
lraa,1676,norm_only,203,1955,0,1,0.501953125
lraa,1676,norm_only,204,855,1,1,0.5214711427688599
lraa,1676,norm_only,205,2417,1,1,0.5525397062301636
lraa,1676,norm_only,206,1238,0,0,0.4902355968952179
lraa,1676,norm_only,207,1849,1,1,0.5650587677955627
lraa,1676,norm_only,208,1671,0,0,0.46295860409736633
lraa,1676,norm_only,209,2088,0,0,0.4931644797325134
lraa,1676,norm_only,210,480,1,1,0.5794004201889038
lraa,1676,norm_only,211,1881,0,1,0.5126925706863403
lraa,1676,norm_only,212,1005,0,0,0.4263215959072113
lraa,1676,norm_only,213,2339,1,1,0.5370413661003113
lraa,1676,norm_only,214,157,0,0,0.4407099783420563
lraa,1676,norm_only,215,2924,1,1,0.5717666149139404
lraa,1676,norm_only,216,171,0,0,0.4464946985244751
lraa,1676,norm_only,217,125,1,1,0.5765419602394104
lraa,1676,norm_only,218,1146,1,1,0.5554351806640625
lraa,1676,norm_only,219,2316,1,1,0.5717666149139404
lraa,1676,norm_only,220,1713,0,0,0.491211861371994
lraa,1676,norm_only,221,668,0,0,0.4668456017971039
lraa,1676,norm_only,222,577,0,0,0.438785195350647
lraa,1676,norm_only,223,798,0,0,0.45423004031181335
lraa,1676,norm_only,224,185,1,1,0.5525397062301636
lraa,1676,norm_only,225,2225,0,0,0.4902355968952179
lraa,1676,norm_only,226,1857,1,1,0.5399537086486816
lraa,1676,norm_only,227,2766,1,1,0.5631377100944519
lraa,1676,norm_only,228,1787,1,0,0.4892594516277313
lraa,1676,norm_only,229,628,0,1,0.5350984334945679
lraa,1676,norm_only,230,2082,1,1,0.5477060079574585
lraa,1676,norm_only,231,1270,1,1,0.5467381477355957
lraa,1676,norm_only,232,843,1,1,0.5784481763839722
lraa,1676,norm_only,233,1550,0,0,0.4863315522670746
lraa,1676,norm_only,234,2001,1,1,0.5746335387229919
lraa,1676,norm_only,235,2335,0,0,0.4532618820667267
lraa,1676,norm_only,236,2798,0,0,0.47073662281036377
lraa,1676,norm_only,237,1635,1,1,0.524394690990448
lraa,1676,norm_only,238,2760,1,1,0.5746335387229919
lraa,1676,norm_only,239,286,0,0,0.4082767367362976
lraa,1676,norm_only,240,1617,1,1,0.5496405959129333
lraa,1676,norm_only,241,423,1,1,0.5058591365814209
lraa,1676,norm_only,242,211,0,0,0.43494123220443726
lraa,1676,norm_only,243,2839,0,0,0.40922078490257263
lraa,1676,norm_only,244,409,1,1,0.5273165106773376
lraa,1676,norm_only,245,2016,1,1,0.5486735105514526
lraa,1676,norm_only,246,467,0,0,0.4455295503139496
lraa,1676,norm_only,247,4,1,1,0.541893720626831
lraa,1676,norm_only,248,1341,1,1,0.5156199336051941
lraa,1676,norm_only,249,2657,1,1,0.5879430770874023
lraa,1676,norm_only,250,1879,1,1,0.5389832258224487
lraa,1676,norm_only,251,1861,1,1,0.5563995838165283
lraa,1676,norm_only,252,1032,1,1,0.5583269596099854
lraa,1676,norm_only,253,529,1,1,0.5879430770874023
lraa,1676,norm_only,254,1350,1,1,0.5360700488090515
lraa,1676,norm_only,255,2445,1,1,0.501953125
lraa,1676,norm_only,256,463,1,1,0.5784481763839722
lraa,1676,norm_only,257,797,1,1,0.5214711427688599
lraa,1676,norm_only,258,1403,0,0,0.45519861578941345
lraa,1676,norm_only,259,1328,0,0,0.49609383940696716
lraa,1676,norm_only,260,1859,0,0,0.46101680397987366
lraa,1676,norm_only,261,2829,1,1,0.5698526501655579
lraa,1676,norm_only,262,154,1,1,0.561214804649353
lraa,1676,norm_only,263,2489,1,1,0.5486735105514526
lraa,1676,norm_only,264,1710,1,1,0.5448014140129089
lraa,1676,norm_only,265,2219,1,1,0.5370413661003113
lraa,1676,norm_only,266,966,1,1,0.5631377100944519
lraa,1676,norm_only,267,259,1,1,0.5563995838165283
lraa,1676,norm_only,268,132,0,0,0.4035668969154358
lraa,1676,norm_only,269,124,0,0,0.4736572504043579
lraa,1676,norm_only,270,1496,1,1,0.5554351806640625
lraa,1676,norm_only,271,827,0,0,0.4234580099582672
lraa,1676,norm_only,272,331,0,0,0.4824291169643402
lraa,1676,norm_only,273,1333,1,1,0.590779185295105
lraa,1676,norm_only,274,1284,1,1,0.5650587677955627
lraa,1676,norm_only,275,75,0,0,0.42250463366508484
lraa,1676,norm_only,276,1453,0,1,0.5039061903953552
lraa,1676,norm_only,277,1894,0,0,0.43974730372428894
lraa,1676,norm_only,278,2013,1,1,0.5185462236404419
lraa,1676,norm_only,279,118,1,1,0.5736784338951111
lraa,1676,norm_only,280,2059,1,1,0.562176525592804
lraa,1676,norm_only,281,1914,1,1,0.543832540512085
lraa,1676,norm_only,282,700,0,0,0.43782350420951843
lraa,1676,norm_only,283,2818,1,1,0.543832540512085
lraa,1676,norm_only,284,2717,0,0,0.4522939622402191
lraa,1676,norm_only,285,1616,1,1,0.5803520083427429
lraa,1676,norm_only,286,883,1,1,0.5602526664733887
lraa,1676,norm_only,287,563,1,1,0.5331543684005737
lraa,1676,norm_only,288,1680,1,0,0.46976351737976074
lraa,1676,norm_only,289,2071,0,0,0.4863315522670746
lraa,1676,norm_only,290,2341,0,0,0.4330221712589264
lraa,1676,norm_only,291,2680,0,0,0.4484263062477112
lraa,1676,norm_only,292,2815,1,1,0.5467381477355957
lraa,1676,norm_only,293,1946,0,0,0.43782350420951843
lraa,1676,norm_only,294,1642,0,1,0.5068355202674866
lraa,1676,norm_only,295,2495,1,1,0.5631377100944519
lraa,1676,norm_only,296,802,1,1,0.5631377100944519
lraa,1676,norm_only,297,1878,1,0,0.4736572504043579
lraa,1676,norm_only,298,801,0,0,0.43782350420951843
lraa,1676,norm_only,299,1141,1,1,0.5851011276245117
lraa,1676,norm_only,300,1737,0,0,0.45132651925086975
lraa,1676,norm_only,301,2831,0,1,0.5126925706863403
lraa,1676,norm_only,302,1399,0,0,0.42155182361602783
lraa,1676,norm_only,303,918,1,1,0.6039317846298218
lraa,1676,norm_only,304,2193,0,0,0.4717099368572235
lraa,1676,norm_only,305,1024,1,1,0.5
lraa,1676,norm_only,306,1128,1,1,0.5273165106773376
lraa,1676,norm_only,307,175,1,1,0.5515737533569336
lraa,1676,norm_only,308,71,0,0,0.4532618820667267
lraa,1676,norm_only,309,2589,1,1,0.5389832258224487
lraa,1676,norm_only,310,544,1,1,0.5554351806640625
lraa,1676,norm_only,311,1033,0,0,0.4073334336280823
lraa,1676,norm_only,312,2531,0,0,0.4311051368713379
lraa,1676,norm_only,313,1296,1,1,0.5573635101318359
lraa,1676,norm_only,314,2185,1,1,0.5660185217857361
lraa,1676,norm_only,315,2076,1,0,0.4882833957672119
lraa,1676,norm_only,316,2284,0,0,0.46004629135131836
lraa,1676,norm_only,317,249,1,1,0.501953125
lraa,1676,norm_only,318,2245,1,1,0.5389832258224487
lraa,1676,norm_only,319,1446,1,1,0.5650587677955627
lraa,1676,norm_only,320,2315,1,0,0.47950369119644165
lraa,1676,norm_only,321,1310,1,1,0.5945512652397156
lraa,1676,norm_only,322,35,1,1,0.5380124449729919
lraa,1676,norm_only,323,2574,1,1,0.501953125
lraa,1676,norm_only,324,2035,1,1,0.5409238338470459
lraa,1676,norm_only,325,2604,1,1,0.5097643733024597
lraa,1676,norm_only,326,2261,0,0,0.47950369119644165
lraa,1676,norm_only,327,859,0,0,0.42155182361602783
lraa,1676,norm_only,328,2098,1,1,0.5727227926254272
lraa,1676,norm_only,329,1265,1,1,0.561214804649353
lraa,1676,norm_only,330,28,1,1,0.5669777989387512
lraa,1676,norm_only,331,1044,1,1,0.5602526664733887
lraa,1676,norm_only,332,1374,1,1,0.5399537086486816
lraa,1676,norm_only,333,2918,1,1,0.5708098411560059
lraa,1676,norm_only,334,1183,0,0,0.4882833957672119
lraa,1676,norm_only,335,2421,0,0,0.4590761363506317
lraa,1676,norm_only,336,641,1,0,0.49218812584877014
lraa,1676,norm_only,337,286,1,1,0.5679365992546082
lraa,1676,norm_only,338,679,1,1,0.5009765625
lraa,1676,norm_only,339,27,0,0,0.45423004031181335
lraa,1676,norm_only,340,2726,1,1,0.5428633093833923
lraa,1676,norm_only,341,1598,0,0,0.41111084818840027
lraa,1676,norm_only,342,2178,1,1,0.5029296278953552
lraa,1676,norm_only,343,1937,1,1,0.5175709128379822
lraa,1676,norm_only,344,1392,1,1,0.5803520083427429
lraa,1676,norm_only,345,873,1,1,0.5992506742477417
lraa,1676,norm_only,346,494,1,1,0.531209409236908
lraa,1676,norm_only,347,711,1,1,0.621540904045105
lraa,1676,norm_only,348,2626,1,1,0.5592900514602661
lraa,1676,norm_only,349,2860,1,1,0.5039061903953552
lraa,1676,norm_only,350,184,0,1,0.5457699298858643
lraa,1676,norm_only,351,227,0,0,0.43494123220443726
lraa,1676,norm_only,352,1963,1,1,0.5554351806640625
lraa,1676,norm_only,353,2676,1,1,0.5078118443489075
lraa,1676,norm_only,354,1772,0,0,0.4678179919719696
lraa,1676,norm_only,355,2121,0,0,0.4804786741733551
lraa,1676,norm_only,356,233,1,1,0.5409238338470459
lraa,1676,norm_only,357,974,0,0,0.42727723717689514
lraa,1676,norm_only,358,1706,1,1,0.532181978225708
lraa,1676,norm_only,359,705,0,0,0.42250463366508484
lraa,1676,norm_only,360,1038,1,1,0.5234203934669495
lraa,1676,norm_only,361,2774,1,1,0.5535053014755249
lraa,1676,norm_only,362,310,1,1,0.5204963088035583
lraa,1676,norm_only,363,2607,0,0,0.4493926465511322
lraa,1676,norm_only,364,1502,1,1,0.5869964361190796
lraa,1676,norm_only,365,2869,0,0,0.4407099783420563
lraa,1676,norm_only,366,217,1,1,0.5165954232215881
lraa,1676,norm_only,367,356,0,0,0.45713675022125244
lraa,1676,norm_only,368,1327,1,1,0.5535053014755249
lraa,1676,norm_only,369,2294,0,0,0.40450742840766907
lraa,1676,norm_only,370,2857,0,1,0.531209409236908
lraa,1676,norm_only,371,457,1,1,0.5803520083427429
lraa,1676,norm_only,372,377,1,1,0.5688949227333069
lraa,1676,norm_only,373,1743,0,0,0.4035668969154358
lraa,1676,norm_only,374,1393,1,1,0.5350984334945679
lraa,1676,norm_only,375,1145,1,1,0.5477060079574585
lraa,1676,norm_only,376,1072,1,1,0.5563995838165283
lraa,1676,norm_only,377,1419,1,1,0.5409238338470459
lraa,1676,norm_only,378,1789,1,1,0.5898345112800598
lraa,1676,norm_only,379,1978,1,1,0.5583269596099854
lraa,1676,norm_only,380,1674,1,1,0.5631377100944519
lraa,1676,norm_only,381,1246,1,1,0.5544704794883728
lraa,1676,norm_only,382,256,1,0,0.491211861371994
lraa,1676,norm_only,383,2521,1,1,0.5592900514602661
lraa,1676,norm_only,384,586,1,0,0.49609383940696716
lraa,1676,norm_only,385,2418,1,1,0.5869964361190796
lraa,1676,norm_only,386,1114,1,1,0.5515737533569336
lraa,1676,norm_only,387,176,0,1,0.5107405185699463
lraa,1676,norm_only,388,338,1,0,0.4196479618549347
lraa,1676,norm_only,389,1665,1,1,0.5640984773635864
lraa,1676,norm_only,390,721,1,1,0.5650587677955627
lraa,1676,norm_only,391,2235,1,1,0.6057990789413452
lraa,1676,norm_only,392,2643,1,1,0.5331543684005737
lraa,1676,norm_only,393,2549,0,0,0.4002804160118103
lraa,1676,norm_only,394,2216,0,1,0.543832540512085
lraa,1676,norm_only,395,796,0,1,0.5253688097000122
lraa,1676,norm_only,396,1380,0,0,0.4311051368713379
lraa,1676,norm_only,397,227,0,0,0.43206340074539185
lraa,1676,norm_only,398,2410,1,0,0.491211861371994
lraa,1676,norm_only,399,1109,1,1,0.5331543684005737
lraa,1676,norm_only,400,2759,1,0,0.4561675190925598
lraa,1676,norm_only,401,1292,0,0,0.4263215959072113
lraa,1676,norm_only,402,1941,1,1,0.5755879878997803
lraa,1676,norm_only,403,1966,0,0,0.4244120121002197
lraa,1676,norm_only,404,2444,0,0,0.44263648986816406
lraa,1676,norm_only,405,1826,0,0,0.47852882742881775
lraa,1676,norm_only,406,2498,1,1,0.5380124449729919
lraa,1676,norm_only,407,1195,1,1,0.5917232036590576
lraa,1676,norm_only,408,1556,1,1,0.5292633771896362
lraa,1676,norm_only,409,2470,1,1,0.5794004201889038
lraa,1676,norm_only,410,1378,1,1,0.5602526664733887
lraa,1676,norm_only,411,295,0,0,0.4717099368572235
lraa,1676,norm_only,412,1195,1,1,0.5669777989387512
lraa,1676,norm_only,413,675,0,0,0.4455295503139496
lraa,1676,norm_only,414,150,0,0,0.44263648986816406
lraa,1676,norm_only,415,2756,0,0,0.4445647895336151
lraa,1676,norm_only,416,618,0,0,0.45035937428474426
lraa,1676,norm_only,417,944,1,1,0.561214804649353
lraa,1676,norm_only,418,2120,1,1,0.5535053014755249
lraa,1676,norm_only,419,2479,1,1,0.5755879878997803
lraa,1676,norm_only,420,2506,0,0,0.4244120121002197
lraa,1676,norm_only,421,1918,1,1,0.5302364826202393
lraa,1676,norm_only,422,266,0,0,0.45035937428474426
lraa,1676,norm_only,423,2181,0,0,0.49609383940696716
lraa,1676,norm_only,424,1267,1,1,0.5708098411560059
lraa,1676,norm_only,425,21,0,0,0.43974730372428894
lraa,1676,norm_only,426,931,0,0,0.4843800961971283
lraa,1676,norm_only,427,768,0,0,0.43974730372428894
lraa,1676,norm_only,428,2660,1,1,0.5525397062301636
lraa,1676,norm_only,429,2414,1,0,0.46587347984313965
lraa,1676,norm_only,430,1866,1,1,0.5477060079574585
lraa,1676,norm_only,431,1264,1,1,0.5477060079574585
lraa,1676,norm_only,432,1317,1,1,0.5765419602394104
lraa,1676,norm_only,433,2376,0,0,0.4368622899055481
lraa,1676,norm_only,434,383,0,0,0.4834045171737671
lraa,1676,norm_only,435,445,0,1,0.5784481763839722
lraa,1676,norm_only,436,482,0,0,0.4035668969154358
lraa,1676,norm_only,437,742,1,1,0.5360700488090515
lraa,1676,norm_only,438,1976,1,1,0.5525397062301636
lraa,1676,norm_only,439,2585,1,1,0.5525397062301636
lraa,1676,norm_only,440,1549,0,0,0.4590761363506317
lraa,1676,norm_only,441,1179,1,1,0.5117166042327881
lraa,1676,norm_only,442,1957,1,1,0.5717666149139404
lraa,1676,norm_only,443,955,1,1,0.5888891220092773
lraa,1676,norm_only,444,2672,1,1,0.524394690990448
lraa,1676,norm_only,445,403,1,1,0.5467381477355957
lraa,1676,norm_only,446,2583,0,1,0.532181978225708
lraa,1676,norm_only,447,2003,1,1,0.5688949227333069
lraa,1676,norm_only,448,1161,1,0,0.4970703423023224
lraa,1676,norm_only,449,2451,0,1,0.5009765625
lraa,1676,norm_only,450,1106,0,1,0.5126925706863403
lraa,1676,norm_only,451,271,1,1,0.5640984773635864
lraa,1676,norm_only,452,8,0,0,0.4765796661376953
lraa,1676,norm_only,453,526,1,1,0.5214711427688599
lraa,1676,norm_only,454,562,1,1,0.5679365992546082
lraa,1676,norm_only,455,84,1,1,0.5234203934669495
lraa,1676,norm_only,456,1280,0,0,0.4717099368572235
lraa,1676,norm_only,457,1405,1,1,0.6095241904258728
lraa,1676,norm_only,458,948,1,1,0.5117166042327881
lraa,1676,norm_only,459,2357,1,1,0.5341265201568604
lraa,1676,norm_only,460,2218,1,0,0.4736572504043579
lraa,1676,norm_only,461,1160,1,1,0.5350984334945679
lraa,1676,norm_only,462,1867,1,1,0.5341265201568604
lraa,1676,norm_only,463,541,0,0,0.4330221712589264
lraa,1676,norm_only,464,2784,0,0,0.43974730372428894
lraa,1676,norm_only,465,2390,1,1,0.5380124449729919
lraa,1676,norm_only,466,2902,1,0,0.47755417227745056
lraa,1676,norm_only,467,2375,0,0,0.4205996096134186
lraa,1676,norm_only,468,2876,1,1,0.5841525197029114
lraa,1676,norm_only,469,285,1,1,0.561214804649353
lraa,1676,norm_only,470,1480,1,1,0.5234203934669495
lraa,1676,norm_only,471,1150,1,1,0.5058591365814209
lraa,1676,norm_only,472,736,1,1,0.5350984334945679
lraa,1676,norm_only,473,2699,1,1,0.5428633093833923
lraa,1676,norm_only,474,1358,1,1,0.5486735105514526
lraa,1676,norm_only,475,2904,1,1,0.5535053014755249
lraa,1676,norm_only,476,867,0,1,0.5370413661003113
lraa,1676,norm_only,477,788,1,1,0.5477060079574585
lraa,1676,norm_only,478,1370,0,1,0.5631377100944519
lraa,1676,norm_only,479,825,0,0,0.4474602937698364
lraa,1676,norm_only,480,2047,0,0,0.4873073995113373
lraa,1676,norm_only,481,1206,0,0,0.4436004161834717
lraa,1676,norm_only,482,215,1,1,0.5448014140129089
lraa,1676,norm_only,483,1857,0,0,0.42536652088165283
lraa,1676,norm_only,484,1822,1,1,0.5078118443489075
lraa,1676,norm_only,485,2170,1,1,0.5573635101318359
lraa,1676,norm_only,486,596,0,1,0.524394690990448
lraa,1676,norm_only,487,1740,1,1,0.5860491394996643
lraa,1676,norm_only,488,1299,0,0,0.46295860409736633
lraa,1676,norm_only,489,2147,0,0,0.4436004161834717
lraa,1676,norm_only,490,486,0,0,0.4263215959072113
lraa,1676,norm_only,491,271,1,1,0.5803520083427429
lraa,1676,norm_only,492,845,1,1,0.5660185217857361
lraa,1676,norm_only,493,1779,0,0,0.41111084818840027
lraa,1676,norm_only,494,1909,1,1,0.5048826336860657
lraa,1676,norm_only,495,1723,1,1,0.5765419602394104
lraa,1676,norm_only,496,2210,1,0,0.4824291169643402
lraa,1676,norm_only,497,1030,1,1,0.5457699298858643
lraa,1676,norm_only,498,593,0,0,0.438785195350647
lraa,1676,norm_only,499,2348,0,0,0.4474602937698364
lraa,1676,norm_only,500,2685,0,0,0.41111084818840027
lraa,1676,norm_only,501,1457,1,1,0.5399537086486816
lraa,1676,norm_only,502,849,1,1,0.6150878667831421
lraa,1676,norm_only,503,1060,1,0,0.4484263062477112
lraa,1676,norm_only,504,237,0,0,0.47268345952033997
lraa,1676,norm_only,505,2252,1,1,0.5370413661003113
lraa,1676,norm_only,506,2325,0,0,0.4359015226364136
lraa,1676,norm_only,507,978,0,0,0.44167301058769226
lraa,1676,norm_only,508,2018,0,1,0.561214804649353
lraa,1676,norm_only,509,2255,0,0,0.4244120121002197
lraa,1676,norm_only,510,732,1,1,0.5409238338470459
lraa,1676,norm_only,511,404,0,0,0.46295860409736633
lraa,1676,norm_only,512,2045,0,0,0.45132651925086975
lraa,1676,norm_only,513,1543,1,1,0.5583269596099854
lraa,1676,norm_only,514,724,1,1,0.5399537086486816
lraa,1676,norm_only,515,521,0,0,0.45132651925086975
lraa,1676,norm_only,516,2033,0,1,0.5457699298858643
lraa,1676,norm_only,517,682,0,0,0.4244120121002197
lraa,1676,norm_only,518,462,1,1,0.5698526501655579
lraa,1676,norm_only,519,2240,1,1,0.5477060079574585
lraa,1676,norm_only,520,2227,0,0,0.4522939622402191
lraa,1676,norm_only,521,1089,1,1,0.5660185217857361
lraa,1676,norm_only,522,2442,1,1,0.5146442651748657
lraa,1676,norm_only,523,2375,1,1,0.5273165106773376
lraa,1676,norm_only,524,470,1,1,0.581303060054779
lraa,1676,norm_only,525,1676,0,0,0.4205996096134186
lraa,1676,norm_only,526,1375,0,0,0.45423004031181335
lraa,1676,norm_only,527,992,1,1,0.6132366061210632
lraa,1676,norm_only,528,288,1,1,0.5350984334945679
lraa,1676,norm_only,529,378,1,1,0.5535053014755249
lraa,1676,norm_only,530,1832,0,0,0.4234580099582672
lraa,1676,norm_only,531,1565,0,0,0.44263648986816406
lraa,1676,norm_only,532,1297,0,0,0.43014732003211975
lraa,1676,norm_only,533,1052,0,1,0.524394690990448
lraa,1676,norm_only,534,1349,1,1,0.5506073832511902
lraa,1676,norm_only,535,1609,1,1,0.561214804649353
lraa,1676,norm_only,536,727,0,1,0.5048826336860657
lraa,1676,norm_only,537,793,1,1,0.562176525592804
lraa,1676,norm_only,538,1774,1,1,0.5078118443489075
lraa,1676,norm_only,539,504,1,1,0.5888891220092773
lraa,1676,norm_only,540,363,1,0,0.47073662281036377
lraa,1676,norm_only,541,2487,1,0,0.4678179919719696
lraa,1676,norm_only,542,1068,1,1,0.5389832258224487
lraa,1676,norm_only,543,2078,0,0,0.3904758393764496
lraa,1676,norm_only,544,2828,1,1,0.5370413661003113
lraa,1676,norm_only,545,2129,1,0,0.46101680397987366
lraa,1676,norm_only,546,2381,1,1,0.5698526501655579
lraa,1676,norm_only,547,2428,1,1,0.5660185217857361
lraa,1676,norm_only,548,1364,0,0,0.4455295503139496
lraa,1676,norm_only,549,339,1,1,0.5535053014755249
lraa,1676,norm_only,550,338,0,0,0.4016878008842468
lraa,1676,norm_only,551,2247,0,0,0.41869691014289856
lraa,1676,norm_only,552,1070,0,1,0.5156199336051941
lraa,1676,norm_only,553,451,1,1,0.5409238338470459
lraa,1676,norm_only,554,381,1,1,0.5506073832511902
lraa,1676,norm_only,555,1831,0,0,0.4736572504043579
lraa,1676,norm_only,556,343,1,1,0.5399537086486816
lraa,1676,norm_only,557,963,1,1,0.5486735105514526
lraa,1676,norm_only,558,1240,1,1,0.5650587677955627
lraa,1676,norm_only,559,419,0,0,0.4263215959072113
lraa,1676,norm_only,560,368,0,0,0.46101680397987366
lraa,1676,norm_only,561,147,1,1,0.501953125
lraa,1676,norm_only,562,2890,0,0,0.4493926465511322
lraa,1676,norm_only,563,439,0,0,0.4311051368713379
lraa,1676,norm_only,564,1050,0,0,0.46198752522468567
lraa,1676,norm_only,565,1601,0,0,0.42155182361602783
lraa,1676,norm_only,566,2513,0,0,0.4234580099582672
lraa,1676,norm_only,567,2286,0,0,0.4639299511909485
lraa,1676,norm_only,568,2625,0,0,0.4330221712589264
lraa,1676,norm_only,569,1249,0,0,0.4082767367362976
lraa,1676,norm_only,570,1462,1,0,0.4746311902999878
lraa,1676,norm_only,571,666,0,0,0.45810624957084656
lraa,1676,norm_only,572,309,1,1,0.5660185217857361
lraa,1676,norm_only,573,1342,1,1,0.5370413661003113
lraa,1676,norm_only,574,393,1,1,0.5592900514602661
lraa,1676,norm_only,575,2690,1,1,0.5136684775352478
lraa,1676,norm_only,576,80,1,1,0.524394690990448
lraa,1676,norm_only,577,1824,1,1,0.5428633093833923
lraa,1676,norm_only,578,1704,0,1,0.5156199336051941
lraa,1676,norm_only,579,484,1,0,0.4717099368572235
lraa,1676,norm_only,580,667,0,0,0.4445647895336151
lraa,1676,norm_only,581,578,0,0,0.45713675022125244
lraa,1676,norm_only,582,958,1,1,0.5156199336051941
lraa,1676,norm_only,583,538,1,1,0.543832540512085
lraa,1676,norm_only,584,2877,1,0,0.4687906503677368
lraa,1676,norm_only,585,607,0,0,0.4035668969154358
lraa,1676,norm_only,586,2322,1,1,0.532181978225708
lraa,1676,norm_only,587,506,1,0,0.4931644797325134
lraa,1676,norm_only,588,1456,0,0,0.4931644797325134
lraa,1676,norm_only,589,1778,1,1,0.5515737533569336
lraa,1676,norm_only,590,1777,1,1,0.5746335387229919
lraa,1676,norm_only,591,1144,0,0,0.41584742069244385
lraa,1676,norm_only,592,1746,0,0,0.46490156650543213
lraa,1676,norm_only,593,890,0,0,0.4902355968952179
lraa,1676,norm_only,594,1572,1,1,0.6095241904258728
lraa,1676,norm_only,595,1821,0,0,0.4678179919719696
lraa,1676,norm_only,596,1798,1,1,0.5273165106773376
lraa,1676,norm_only,597,2615,1,1,0.5592900514602661
lraa,1676,norm_only,598,1147,1,1,0.541893720626831
lraa,1676,norm_only,599,2131,1,1,0.5669777989387512
lraa,1676,norm_only,600,793,1,1,0.5350984334945679
lraa,1676,norm_only,601,840,1,1,0.5331543684005737
lraa,1676,norm_only,602,1084,0,0,0.46198752522468567
lraa,1676,norm_only,603,1669,1,0,0.4931644797325134
lraa,1676,norm_only,604,2288,0,0,0.4484263062477112
lraa,1676,norm_only,605,2233,0,1,0.5331543684005737
lraa,1676,norm_only,606,729,1,1,0.5869964361190796
lraa,1676,norm_only,607,349,1,1,0.5535053014755249
lraa,1676,norm_only,608,1289,1,1,0.543832540512085
lraa,1676,norm_only,609,1573,0,0,0.4990234673023224
lraa,1676,norm_only,610,597,1,1,0.5736784338951111
lraa,1676,norm_only,611,2400,1,1,0.5058591365814209
lraa,1676,norm_only,612,2789,1,1,0.5204963088035583
lraa,1676,norm_only,613,1494,1,1,0.5360700488090515
lraa,1676,norm_only,614,1184,0,0,0.39793840050697327
lraa,1676,norm_only,615,639,1,1,0.5602526664733887
lraa,1676,norm_only,616,2544,1,1,0.5428633093833923
lraa,1676,norm_only,617,952,1,1,0.5640984773635864
lraa,1676,norm_only,618,1497,1,1,0.5029296278953552
lraa,1676,norm_only,619,448,1,1,0.543832540512085
lraa,1676,norm_only,620,892,0,0,0.47755417227745056
lraa,1676,norm_only,621,1236,1,1,0.5822535157203674
lraa,1676,norm_only,622,331,1,0,0.49609383940696716
lraa,1676,norm_only,623,633,1,1,0.5679365992546082
lraa,1676,norm_only,624,917,1,1,0.5302364826202393
lraa,1676,norm_only,625,1314,1,1,0.5175709128379822
lraa,1676,norm_only,626,1168,1,1,0.5234203934669495
lraa,1676,norm_only,627,1480,1,1,0.5428633093833923
lraa,1676,norm_only,628,818,1,1,0.5302364826202393
lraa,1676,norm_only,629,1009,0,0,0.4834045171737671
lraa,1676,norm_only,630,222,0,1,0.5515737533569336
lraa,1676,norm_only,631,769,1,1,0.5717666149139404
lraa,1676,norm_only,632,2519,1,1,0.5399537086486816
lraa,1676,norm_only,633,2361,0,0,0.4882833957672119
lraa,1676,norm_only,634,400,0,1,0.5087881684303284
lraa,1676,norm_only,635,277,1,1,0.543832540512085
lraa,1676,norm_only,636,660,1,1,0.5156199336051941
lraa,1676,norm_only,637,1692,1,1,0.5048826336860657
lraa,1676,norm_only,638,1934,0,0,0.45519861578941345
lraa,1676,norm_only,639,1460,0,0,0.45713675022125244
lraa,1676,norm_only,640,1230,1,1,0.5544704794883728
lraa,1676,norm_only,641,1645,0,0,0.4484263062477112
lraa,1676,norm_only,642,1475,1,1,0.5156199336051941
lraa,1676,norm_only,643,96,1,1,0.561214804649353
lraa,1676,norm_only,644,1136,0,0,0.4455295503139496
lraa,1676,norm_only,645,2809,1,1,0.5477060079574585
lraa,1676,norm_only,646,1501,1,0,0.4474602937698364
lraa,1676,norm_only,647,264,0,0,0.43974730372428894
lraa,1676,norm_only,648,1594,1,1,0.5506073832511902
lraa,1676,norm_only,649,587,1,1,0.5755879878997803
lraa,1676,norm_only,650,414,1,1,0.5917232036590576
lraa,1676,norm_only,651,942,0,0,0.3904758393764496
lraa,1676,norm_only,652,2641,1,1,0.5869964361190796
lraa,1676,norm_only,653,436,0,0,0.4834045171737671
lraa,1676,norm_only,654,1717,1,1,0.5506073832511902
lraa,1676,norm_only,655,1877,1,1,0.562176525592804
lraa,1676,norm_only,656,1626,1,1,0.5107405185699463
lraa,1676,norm_only,657,2040,0,0,0.4590761363506317
lraa,1676,norm_only,658,2420,1,1,0.5860491394996643
lraa,1676,norm_only,659,2521,1,1,0.5755879878997803
lraa,1676,norm_only,660,158,1,1,0.5650587677955627
lraa,1676,norm_only,661,1312,1,1,0.5068355202674866
lraa,1676,norm_only,662,31,0,1,0.5282900333404541
lraa,1676,norm_only,663,1151,1,1,0.5736784338951111
lraa,1676,norm_only,664,2815,1,1,0.5457699298858643
lraa,1676,norm_only,665,1195,0,0,0.4678179919719696
lraa,1676,norm_only,666,1141,1,1,0.5869964361190796
lraa,1676,norm_only,667,2024,0,0,0.4746311902999878
lraa,1676,norm_only,668,1842,1,1,0.5428633093833923
lraa,1676,norm_only,669,1345,1,1,0.5631377100944519
lraa,1676,norm_only,670,2783,1,1,0.6020615696907043
lraa,1676,norm_only,671,1873,1,1,0.5234203934669495
lraa,1676,norm_only,672,1905,1,1,0.5185462236404419
lraa,1676,norm_only,673,2834,1,1,0.5992506742477417
lraa,1676,norm_only,674,1853,0,0,0.4455295503139496
lraa,1676,norm_only,675,1407,1,1,0.5156199336051941
lraa,1676,norm_only,676,2148,0,0,0.4464946985244751
lraa,1676,norm_only,677,1186,0,0,0.45035937428474426
lraa,1676,norm_only,678,1845,0,0,0.45713675022125244
lraa,1676,norm_only,679,273,0,0,0.4368622899055481
lraa,1676,norm_only,680,764,1,1,0.5477060079574585
lraa,1676,norm_only,681,2673,1,0,0.45035937428474426
lraa,1676,norm_only,682,1649,1,1,0.5409238338470459
lraa,1676,norm_only,683,820,1,0,0.4834045171737671
lraa,1676,norm_only,684,1694,0,0,0.4339814782142639
lraa,1676,norm_only,685,860,1,1,0.5273165106773376
lraa,1676,norm_only,686,2730,0,0,0.45810624957084656
lraa,1676,norm_only,687,1685,0,0,0.47852882742881775
lraa,1676,norm_only,688,887,1,1,0.5708098411560059
lraa,1676,norm_only,689,2009,1,1,0.5204963088035583
lraa,1676,norm_only,690,1397,0,0,0.43782350420951843
lraa,1676,norm_only,691,2430,1,1,0.5851011276245117
lraa,1676,norm_only,692,1892,1,1,0.5380124449729919
lraa,1676,norm_only,693,174,1,1,0.5898345112800598
lraa,1676,norm_only,694,2096,1,1,0.5486735105514526
lraa,1676,norm_only,695,1138,0,0,0.42536652088165283
lraa,1676,norm_only,696,364,1,1,0.5185462236404419
lraa,1676,norm_only,697,120,0,0,0.3988746106624603
lraa,1676,norm_only,698,1735,0,0,0.4407099783420563
lraa,1676,norm_only,699,468,1,1,0.5506073832511902
lraa,1676,norm_only,700,1421,1,1,0.5380124449729919
lraa,1676,norm_only,701,2849,1,1,0.5234203934669495
lraa,1676,norm_only,702,1578,0,0,0.4590761363506317
lraa,1676,norm_only,703,1448,1,1,0.5669777989387512
lraa,1676,norm_only,704,203,1,1,0.5554351806640625
lraa,1676,norm_only,705,1975,0,0,0.4717099368572235
lraa,1676,norm_only,706,2926,1,1,0.5660185217857361
lraa,1676,norm_only,707,751,0,0,0.43014732003211975
lraa,1676,norm_only,708,2583,0,1,0.5273165106773376
lraa,1676,norm_only,709,2093,0,0,0.4196479618549347
lraa,1676,norm_only,710,334,1,1,0.541893720626831
lraa,1676,norm_only,711,783,1,1,0.5765419602394104
lraa,1676,norm_only,712,1822,0,0,0.4970703423023224
lraa,1676,norm_only,713,611,1,0,0.45132651925086975
lraa,1676,norm_only,714,1994,1,1,0.5409238338470459
lraa,1676,norm_only,715,1882,1,1,0.5350984334945679
lraa,1676,norm_only,716,795,1,1,0.5175709128379822
lraa,1676,norm_only,717,407,1,1,0.5214711427688599
lraa,1676,norm_only,718,2313,1,1,0.531209409236908
lraa,1676,norm_only,719,625,1,1,0.5869964361190796
lraa,1676,norm_only,720,746,0,0,0.44167301058769226
lraa,1676,norm_only,721,1281,1,1,0.5860491394996643
lraa,1676,norm_only,722,1614,1,1,0.581303060054779
lraa,1676,norm_only,723,2,0,0,0.46198752522468567
lraa,1676,norm_only,724,466,1,1,0.581303060054779
lraa,1676,norm_only,725,143,1,1,0.5214711427688599
lraa,1676,norm_only,726,2273,1,1,0.5869964361190796
lraa,1676,norm_only,727,2285,0,0,0.4436004161834717
lraa,1676,norm_only,728,1113,0,0,0.42823338508605957
lraa,1676,norm_only,729,2499,1,1,0.5698526501655579
lraa,1676,norm_only,730,2500,0,0,0.4678179919719696
lraa,1676,norm_only,731,1582,1,1,0.5573635101318359
lraa,1676,norm_only,732,1835,1,1,0.5869964361190796
lraa,1676,norm_only,733,557,1,1,0.5832033753395081
lraa,1676,norm_only,734,2882,1,1,0.5107405185699463
lraa,1676,norm_only,735,2707,1,1,0.5350984334945679
lraa,1676,norm_only,736,1499,0,0,0.4970703423023224
lraa,1676,norm_only,737,2025,0,0,0.40262696146965027
lraa,1676,norm_only,738,1379,1,1,0.5698526501655579
lraa,1676,norm_only,739,412,1,1,0.561214804649353
lraa,1676,norm_only,740,969,0,1,0.5
lraa,1676,norm_only,741,483,1,1,0.6206215620040894
lraa,1676,norm_only,742,1062,1,1,0.5717666149139404
lraa,1676,norm_only,743,9,1,1,0.5156199336051941
lraa,1676,norm_only,744,2061,1,1,0.5486735105514526
lraa,1676,norm_only,745,683,1,1,0.6039317846298218
lraa,1676,norm_only,746,2482,0,1,0.541893720626831
lraa,1676,norm_only,747,2452,0,0,0.4484263062477112
lraa,1676,norm_only,748,2396,0,0,0.498046875
lraa,1676,norm_only,749,1191,1,1,0.581303060054779
lraa,1676,norm_only,750,1055,1,0,0.46976351737976074
lraa,1676,norm_only,751,2893,1,1,0.5048826336860657
lraa,1676,norm_only,752,325,0,0,0.4464946985244751
lraa,1676,norm_only,753,875,1,1,0.5563995838165283
lraa,1676,norm_only,754,2720,0,0,0.4590761363506317
lraa,1676,norm_only,755,1411,1,0,0.4882833957672119
lraa,1676,norm_only,756,1071,1,1,0.5525397062301636
lraa,1676,norm_only,757,1811,1,1,0.5126925706863403
lraa,1676,norm_only,758,161,0,0,0.39981165528297424
lraa,1676,norm_only,759,2760,1,1,0.581303060054779
lraa,1676,norm_only,760,621,1,1,0.5341265201568604
lraa,1676,norm_only,761,2132,0,0,0.4590761363506317
lraa,1676,norm_only,762,2836,0,0,0.4244120121002197
lraa,1676,norm_only,763,399,1,0,0.4931644797325134
lraa,1676,norm_only,764,2243,1,1,0.5146442651748657
lraa,1676,norm_only,765,686,1,0,0.491211861371994
lraa,1676,norm_only,766,2910,1,1,0.5292633771896362
lraa,1676,norm_only,767,2674,1,1,0.5146442651748657
lraa,1676,norm_only,768,1515,1,1,0.6132366061210632
lraa,1676,norm_only,769,2384,1,1,0.5717666149139404
lraa,1676,norm_only,770,1836,0,0,0.45713675022125244
lraa,1676,norm_only,771,198,1,1,0.5592900514602661
lraa,1676,norm_only,772,2749,1,1,0.543832540512085
lraa,1676,norm_only,773,1699,1,1,0.5832033753395081
lraa,1676,norm_only,774,69,0,1,0.5009765625
lraa,1676,norm_only,775,1139,0,0,0.4765796661376953
lraa,1676,norm_only,776,950,0,0,0.438785195350647
lraa,1676,norm_only,777,1234,1,0,0.4892594516277313
lraa,1676,norm_only,778,1018,1,1,0.5224458575248718
lraa,1676,norm_only,779,2304,1,1,0.561214804649353
lraa,1676,norm_only,780,386,1,1,0.5477060079574585
lraa,1676,norm_only,781,2646,1,1,0.5679365992546082
lraa,1676,norm_only,782,1269,0,0,0.4239349365234375
lraa,1676,norm_only,783,232,0,1,0.5068355202674866
lraa,1676,norm_only,784,450,0,0,0.4863315522670746
lraa,1676,norm_only,785,1576,1,0,0.4951173663139343
lraa,1676,norm_only,786,1759,0,0,0.4464946985244751
lraa,1676,norm_only,787,1268,0,0,0.4532618820667267
lraa,1676,norm_only,788,223,1,1,0.5736784338951111
lraa,1676,norm_only,789,2162,0,0,0.47073662281036377
lraa,1676,norm_only,790,974,0,0,0.4339814782142639
lraa,1676,norm_only,791,1620,1,1,0.596433162689209
lraa,1676,norm_only,792,2067,1,1,0.5234203934669495
lraa,1676,norm_only,793,2736,1,1,0.5068355202674866
lraa,1676,norm_only,794,784,0,0,0.42823338508605957
lraa,1676,norm_only,795,262,1,1,0.5822535157203674
lraa,1676,norm_only,796,1747,1,1,0.5350984334945679
lraa,1676,norm_only,797,728,0,0,0.47950369119644165
lraa,1676,norm_only,798,263,1,1,0.5486735105514526
lraa,1676,norm_only,799,1208,1,1,0.5029296278953552
lraa,1676,norm_only,800,292,0,0,0.4196479618549347
lraa,1676,norm_only,801,1333,1,1,0.5640984773635864
lraa,1676,norm_only,802,619,1,1,0.541893720626831
lraa,1676,norm_only,803,2616,1,1,0.5195213556289673
lraa,1676,norm_only,804,279,0,0,0.45132651925086975
lraa,1676,norm_only,805,935,1,1,0.5126925706863403
lraa,1676,norm_only,806,452,1,1,0.5370413661003113
lraa,1676,norm_only,807,362,0,0,0.46295860409736633
lraa,1676,norm_only,808,1320,1,1,0.5048826336860657
lraa,1676,norm_only,809,2605,1,0,0.4746311902999878
lraa,1676,norm_only,810,2716,1,1,0.5660185217857361
lraa,1676,norm_only,811,1900,1,1,0.5746335387229919
lraa,1676,norm_only,812,1961,1,1,0.5525397062301636
lraa,1676,norm_only,813,2785,1,1,0.6057990789413452
lraa,1676,norm_only,814,985,1,1,0.5650587677955627
lraa,1676,norm_only,815,2433,0,0,0.4484263062477112
lraa,1676,norm_only,816,1629,0,0,0.47852882742881775
lraa,1676,norm_only,817,2870,1,1,0.5496405959129333
lraa,1676,norm_only,818,1270,1,1,0.5224458575248718
lraa,1676,norm_only,819,12,1,0,0.475605309009552
lraa,1676,norm_only,820,2597,1,1,0.5669777989387512
lraa,1676,norm_only,821,454,1,0,0.4746311902999878
lraa,1676,norm_only,822,2086,0,0,0.4368622899055481
lraa,1676,norm_only,823,512,1,1,0.562176525592804
lraa,1676,norm_only,824,2755,0,0,0.41584742069244385
lraa,1676,norm_only,825,2276,1,1,0.5380124449729919
lraa,1676,norm_only,826,1125,1,1,0.5554351806640625
lraa,1676,norm_only,827,351,1,1,0.5253688097000122
lraa,1676,norm_only,828,899,0,1,0.5165954232215881
lraa,1676,norm_only,829,122,1,1,0.5078118443489075
lraa,1676,norm_only,830,1547,1,1,0.5583269596099854
lraa,1676,norm_only,831,148,0,1,0.5467381477355957
lraa,1676,norm_only,832,1096,0,0,0.4843800961971283
lraa,1676,norm_only,833,2815,1,1,0.5660185217857361
lraa,1676,norm_only,834,943,1,1,0.5302364826202393
lraa,1676,norm_only,835,1430,1,1,0.5631377100944519
lraa,1676,norm_only,836,2693,1,1,0.524394690990448
lraa,1676,norm_only,837,2425,1,1,0.541893720626831
lraa,1676,norm_only,838,906,0,0,0.4339814782142639
lraa,1676,norm_only,839,458,0,0,0.41869691014289856
lraa,1676,norm_only,840,913,0,0,0.46101680397987366
lraa,1676,norm_only,841,2724,1,1,0.5515737533569336
lraa,1676,norm_only,842,689,1,1,0.5253688097000122
lraa,1676,norm_only,843,1366,1,1,0.5525397062301636
lraa,1676,norm_only,844,2644,1,0,0.46295860409736633
lraa,1676,norm_only,845,209,1,1,0.5282900333404541
lraa,1676,norm_only,846,473,1,1,0.5467381477355957
lraa,1676,norm_only,847,770,1,1,0.5486735105514526
lraa,1676,norm_only,848,503,0,0,0.42919009923934937
lraa,1676,norm_only,849,178,0,0,0.45423004031181335
lraa,1676,norm_only,850,114,0,0,0.47852882742881775
lraa,1676,norm_only,851,2602,0,0,0.4882833957672119
lraa,1676,norm_only,852,13,0,0,0.45132651925086975
lraa,1676,norm_only,853,224,0,1,0.5078118443489075
lraa,1676,norm_only,854,699,1,1,0.5448014140129089
lraa,1676,norm_only,855,550,1,1,0.5888891220092773
lraa,1676,norm_only,856,1959,0,0,0.41205692291259766
lraa,1676,norm_only,857,2668,1,1,0.5544704794883728
lraa,1676,norm_only,858,2719,0,0,0.4436004161834717
lraa,1676,norm_only,859,2846,1,1,0.5428633093833923
lraa,1676,norm_only,860,1346,0,0,0.4474602937698364
lraa,1676,norm_only,861,854,0,0,0.4445647895336151
lraa,1676,norm_only,862,1887,0,0,0.39606815576553345
lraa,1676,norm_only,863,1410,1,1,0.5650587677955627
lraa,1676,norm_only,864,2884,0,0,0.43494123220443726
lraa,1676,norm_only,865,2435,1,1,0.5409238338470459
lraa,1676,norm_only,866,960,0,0,0.42536652088165283
lraa,1676,norm_only,867,1980,0,1,0.5292633771896362
lraa,1676,norm_only,868,919,1,1,0.5506073832511902
lraa,1676,norm_only,869,743,0,0,0.41111084818840027
lraa,1676,norm_only,870,1504,1,1,0.541893720626831
lraa,1676,norm_only,871,85,0,0,0.47852882742881775
lraa,1676,norm_only,872,1085,1,1,0.5631377100944519
lraa,1676,norm_only,873,853,0,0,0.4834045171737671
lraa,1676,norm_only,874,964,1,1,0.5214711427688599
lraa,1676,norm_only,875,2197,1,1,0.5736784338951111
lraa,1676,norm_only,876,2345,0,0,0.4863315522670746
lraa,1676,norm_only,877,1363,1,0,0.475605309009552
lraa,1676,norm_only,878,1599,0,0,0.4668456017971039
lraa,1676,norm_only,879,814,0,0,0.42727723717689514
lraa,1676,norm_only,880,1822,1,1,0.5185462236404419
lraa,1676,norm_only,881,740,1,1,0.5282900333404541
lraa,1676,norm_only,882,274,1,1,0.5660185217857361
lraa,1676,norm_only,883,20,0,0,0.4330221712589264
lraa,1676,norm_only,884,819,0,0,0.4063907265663147
lraa,1676,norm_only,885,2649,0,0,0.4407099783420563
lraa,1676,norm_only,886,420,1,1,0.5736784338951111
lraa,1676,norm_only,887,337,0,0,0.475605309009552
lraa,1676,norm_only,888,2578,1,1,0.5185462236404419
lraa,1676,norm_only,889,1664,1,1,0.562176525592804
lraa,1676,norm_only,890,2323,0,0,0.4863315522670746
lraa,1676,norm_only,891,274,0,0,0.4834045171737671
lraa,1676,norm_only,892,715,1,1,0.5774953961372375
lraa,1676,norm_only,893,1757,1,1,0.5506073832511902
lraa,1676,norm_only,894,2580,0,0,0.4311051368713379
lraa,1676,norm_only,895,1473,1,1,0.6067315340042114
lraa,1676,norm_only,896,900,0,0,0.4436004161834717
lraa,1676,norm_only,897,1558,0,0,0.4436004161834717
lraa,1676,norm_only,898,2012,1,1,0.5650587677955627
lraa,1676,norm_only,899,2363,0,0,0.47073662281036377
lraa,1676,norm_only,900,2413,1,1,0.543832540512085
lraa,1676,norm_only,901,2282,1,1,0.5292633771896362
lraa,1676,norm_only,902,741,1,1,0.5888891220092773
lraa,1676,norm_only,903,780,0,0,0.4668456017971039
lraa,1676,norm_only,904,2494,1,1,0.5554351806640625
lraa,1676,norm_only,905,2248,1,1,0.5448014140129089
lraa,1676,norm_only,906,2789,0,0,0.4941408932209015
lraa,1676,norm_only,907,275,0,0,0.47268345952033997
lraa,1676,norm_only,908,1027,1,1,0.5496405959129333
lraa,1676,norm_only,909,1476,1,1,0.5822535157203674
lraa,1676,norm_only,910,1175,0,0,0.43206340074539185
lraa,1676,norm_only,911,1666,1,1,0.5592900514602661
lraa,1676,norm_only,912,2850,0,0,0.4205996096134186
lraa,1676,norm_only,913,1124,0,0,0.4445647895336151
lraa,1676,norm_only,914,2128,1,1,0.5563995838165283
lraa,1676,norm_only,915,511,1,1,0.5039061903953552
lraa,1676,norm_only,916,1886,1,1,0.562176525592804
lraa,1676,norm_only,917,2878,0,0,0.46101680397987366
lraa,1676,norm_only,918,1233,1,1,0.5214711427688599
lraa,1676,norm_only,919,894,1,1,0.5803520083427429
lraa,1676,norm_only,920,1691,0,0,0.47852882742881775
lraa,1676,norm_only,921,737,1,0,0.475605309009552
lraa,1676,norm_only,922,2375,1,1,0.5409238338470459
lraa,1676,norm_only,923,2436,1,1,0.5331543684005737
lraa,1676,norm_only,924,1799,0,0,0.3988746106624603
lraa,1676,norm_only,925,2740,0,0,0.4330221712589264
lraa,1676,norm_only,926,202,1,1,0.5765419602394104
lraa,1676,norm_only,927,2512,1,1,0.5350984334945679
lraa,1676,norm_only,928,1961,1,1,0.5506073832511902
lraa,1676,norm_only,929,2919,1,1,0.5117166042327881
lraa,1676,norm_only,930,2679,1,1,0.5428633093833923
lraa,1676,norm_only,931,1482,0,0,0.4843800961971283
lraa,1676,norm_only,932,1697,0,0,0.4330221712589264
lraa,1676,norm_only,933,1996,1,1,0.5
lraa,1676,norm_only,934,2889,1,1,0.5879430770874023
lraa,1676,norm_only,935,2011,1,1,0.5736784338951111
lraa,1676,norm_only,936,1449,0,0,0.44167301058769226
lraa,1676,norm_only,937,405,0,0,0.4736572504043579
lraa,1676,norm_only,938,595,1,1,0.5457699298858643
lraa,1676,norm_only,939,982,1,1,0.543832540512085
lraa,1676,norm_only,940,1051,1,1,0.5380124449729919
lraa,1676,norm_only,941,1637,1,1,0.5117166042327881
lraa,1676,norm_only,942,1780,0,1,0.5389832258224487
lraa,1676,norm_only,943,89,0,1,0.5126925706863403
lraa,1676,norm_only,944,756,1,1,0.5165954232215881
lraa,1676,norm_only,945,1138,1,1,0.5195213556289673
lraa,1676,norm_only,946,916,1,0,0.4814538359642029
lraa,1676,norm_only,947,1764,1,0,0.47755417227745056
lraa,1676,norm_only,948,1522,1,1,0.6020615696907043
lraa,1676,norm_only,949,522,1,1,0.5554351806640625
lraa,1676,norm_only,950,2630,1,1,0.5650587677955627
lraa,1676,norm_only,951,2069,1,0,0.45423004031181335
lraa,1676,norm_only,952,2000,0,0,0.4440825581550598
lraa,1676,norm_only,953,789,0,0,0.43974730372428894
lraa,1676,norm_only,954,568,0,0,0.43014732003211975
lraa,1676,norm_only,955,994,0,0,0.4990234673023224
lraa,1676,norm_only,956,1010,1,1,0.562176525592804
lraa,1676,norm_only,957,2558,1,1,0.5156199336051941
lraa,1676,norm_only,958,2467,1,1,0.5888891220092773
lraa,1676,norm_only,959,2888,1,0,0.4407099783420563
lraa,1676,norm_only,960,128,1,1,0.5602526664733887
lraa,1676,norm_only,961,2741,1,1,0.562176525592804
lraa,1676,norm_only,962,164,0,0,0.46976351737976074
lraa,1676,norm_only,963,2787,1,1,0.5554351806640625
lraa,1676,norm_only,964,2117,1,1,0.5273165106773376
lraa,1676,norm_only,965,2320,1,1,0.5399537086486816
lraa,1676,norm_only,966,2225,1,1,0.5156199336051941
lraa,1676,norm_only,967,653,1,1,0.543832540512085
lraa,1676,norm_only,968,2478,1,1,0.5755879878997803
lraa,1676,norm_only,969,1058,1,1,0.5399537086486816
lraa,1676,norm_only,970,662,1,1,0.5331543684005737
lraa,1676,norm_only,971,602,1,1,0.6020615696907043
lraa,1676,norm_only,972,1857,0,0,0.41869691014289856
lraa,1676,norm_only,973,1002,1,1,0.5803520083427429
lraa,1676,norm_only,974,1514,1,1,0.5448014140129089
lraa,1676,norm_only,975,476,1,1,0.5755879878997803
lraa,1676,norm_only,976,2873,0,1,0.5156199336051941
lraa,1676,norm_only,977,1546,1,1,0.5048826336860657
lraa,1676,norm_only,978,1935,1,1,0.5087881684303284
lraa,1676,norm_only,979,2301,0,0,0.46198752522468567
lraa,1676,norm_only,980,52,0,1,0.541893720626831
lraa,1676,norm_only,981,59,1,1,0.5506073832511902
lraa,1676,norm_only,982,2244,1,1,0.5660185217857361
lraa,1676,norm_only,983,2196,0,0,0.45810624957084656
lraa,1676,norm_only,984,2471,0,0,0.46976351737976074
lraa,1676,norm_only,985,2752,0,0,0.49609383940696716
lraa,1676,norm_only,986,1195,1,1,0.5669777989387512
lraa,1676,norm_only,987,284,1,1,0.5631377100944519
lraa,1676,norm_only,988,1933,1,1,0.5214711427688599
lraa,1676,norm_only,989,2733,0,0,0.4359015226364136
lraa,1676,norm_only,990,894,1,1,0.5650587677955627
lraa,1676,norm_only,991,1560,1,1,0.562176525592804
lraa,1676,norm_only,992,2221,0,0,0.3988746106624603
lraa,1676,norm_only,993,660,1,0,0.4863315522670746
lraa,1676,norm_only,994,1466,0,0,0.43014732003211975
lraa,1676,norm_only,995,2822,0,0,0.45713675022125244
lraa,1676,norm_only,996,2569,0,0,0.4639299511909485
lraa,1676,norm_only,997,1276,1,1,0.5370413661003113
lraa,1676,norm_only,998,1638,0,0,0.4130035638809204
lraa,1676,norm_only,999,142,1,1,0.590779185295105
lraa,1676,norm_only,1000,2385,1,1,0.5660185217857361
lraa,1676,norm_only,1001,1318,0,0,0.4687906503677368
lraa,1676,norm_only,1002,2758,0,0,0.46101680397987366
lraa,1676,norm_only,1003,1094,1,1,0.5486735105514526
lraa,1676,norm_only,1004,1623,1,1,0.5214711427688599
lraa,1676,norm_only,1005,706,0,0,0.4455295503139496
lraa,1676,norm_only,1006,1213,1,1,0.5640984773635864
lraa,1676,norm_only,1007,2629,1,1,0.6029970645904541
lraa,1676,norm_only,1008,1401,1,1,0.5409238338470459
lraa,1676,norm_only,1009,1239,1,0,0.4931644797325134
lraa,1676,norm_only,1010,2706,0,1,0.5195213556289673
lraa,1676,norm_only,1011,821,1,1,0.6001883149147034
lraa,1676,norm_only,1012,938,0,0,0.4474602937698364
lraa,1676,norm_only,1013,491,1,0,0.4736572504043579
lraa,1676,norm_only,1014,2886,1,1,0.543832540512085
lraa,1676,norm_only,1015,2125,1,1,0.5156199336051941
lraa,1676,norm_only,1016,1135,1,0,0.4941408932209015
lraa,1676,norm_only,1017,1359,0,0,0.4330221712589264
lraa,1676,norm_only,1018,313,1,1,0.5253688097000122
lraa,1676,norm_only,1019,2731,0,0,0.42250463366508484
lraa,1676,norm_only,1020,497,0,0,0.4804786741733551
lraa,1676,norm_only,1021,2212,1,1,0.5496405959129333
lraa,1676,norm_only,1022,804,1,1,0.5583269596099854
lraa,1676,norm_only,1023,1782,1,1,0.5640984773635864
lraa,1676,norm_only,1024,2307,0,0,0.3988746106624603
lraa,1676,norm_only,1025,2292,1,1,0.5841525197029114
lraa,1676,norm_only,1026,1816,0,0,0.46295860409736633
lraa,1676,norm_only,1027,1916,0,0,0.46490156650543213
lraa,1676,norm_only,1028,2192,1,1,0.5698526501655579
lraa,1676,norm_only,1029,21,0,0,0.44167301058769226
lraa,1676,norm_only,1030,543,1,0,0.4902355968952179
lraa,1676,norm_only,1031,606,1,1,0.561214804649353
lraa,1676,norm_only,1032,2851,1,1,0.5602526664733887
lraa,1676,norm_only,1033,2347,1,1,0.5631377100944519
lraa,1676,norm_only,1034,754,1,1,0.5078118443489075
lraa,1676,norm_only,1035,286,1,1,0.5841525197029114
lraa,1676,norm_only,1036,962,0,1,0.5486735105514526
lraa,1676,norm_only,1037,290,1,0,0.4522939622402191
lraa,1676,norm_only,1038,990,1,1,0.5477060079574585
lraa,1676,norm_only,1039,771,1,1,0.5370413661003113
lraa,1676,norm_only,1040,166,0,0,0.475605309009552
lraa,1676,norm_only,1041,1257,0,0,0.45132651925086975
lraa,1676,norm_only,1042,1855,0,1,0.5165954232215881
lraa,1676,norm_only,1043,1660,1,1,0.5679365992546082
lraa,1676,norm_only,1044,2568,1,1,0.5
lraa,1676,norm_only,1045,1968,1,1,0.5087881684303284
lraa,1676,norm_only,1046,1694,1,0,0.48535576462745667
lraa,1676,norm_only,1047,2472,1,1,0.6085940003395081
lraa,1676,norm_only,1048,490,0,0,0.47755417227745056
lraa,1676,norm_only,1049,1807,0,0,0.4407099783420563
lraa,1676,norm_only,1050,168,1,1,0.5350984334945679
lraa,1676,norm_only,1051,1021,1,1,0.5486735105514526
lraa,1676,norm_only,1052,1321,0,1,0.5156199336051941
lraa,1676,norm_only,1053,1557,0,0,0.43974730372428894
lraa,1676,norm_only,1054,2401,1,1,0.5350984334945679
lraa,1676,norm_only,1055,1758,1,1,0.5535053014755249
lraa,1676,norm_only,1056,1402,1,1,0.5698526501655579
lraa,1676,norm_only,1057,2240,1,1,0.532181978225708
lraa,1676,norm_only,1058,2511,1,1,0.562176525592804
lraa,1676,norm_only,1059,1801,1,1,0.543832540512085
lraa,1676,norm_only,1060,2794,0,0,0.41205692291259766
lraa,1676,norm_only,1061,1856,1,1,0.5302364826202393
lraa,1676,norm_only,1062,745,0,0,0.4561675190925598
lraa,1676,norm_only,1063,877,1,1,0.5370413661003113
lraa,1676,norm_only,1064,2036,1,1,0.5195213556289673
lraa,1676,norm_only,1065,2144,1,1,0.5146442651748657
lraa,1676,norm_only,1066,650,1,1,0.5822535157203674
lraa,1676,norm_only,1067,995,0,0,0.43974730372428894
lraa,1676,norm_only,1068,1465,1,1,0.5
lraa,1676,norm_only,1069,1100,1,1,0.581303060054779
lraa,1676,norm_only,1070,528,1,1,0.5832033753395081
lraa,1676,norm_only,1071,144,0,0,0.41869691014289856
lraa,1676,norm_only,1072,428,0,0,0.4311051368713379
lraa,1676,norm_only,1073,2781,1,1,0.562176525592804
lraa,1676,norm_only,1074,610,1,0,0.45713675022125244
lraa,1676,norm_only,1075,1505,0,0,0.4824291169643402
lraa,1676,norm_only,1076,1792,1,1,0.5
lraa,1676,norm_only,1077,572,1,1,0.5292633771896362
lraa,1676,norm_only,1078,1869,0,0,0.43494123220443726
lraa,1676,norm_only,1079,558,1,1,0.5898345112800598
lraa,1676,norm_only,1080,1540,1,1,0.5302364826202393
lraa,1676,norm_only,1081,22,1,1,0.5263427495956421
lraa,1676,norm_only,1082,925,0,0,0.4804786741733551
lraa,1676,norm_only,1083,2534,1,1,0.5263427495956421
lraa,1676,norm_only,1084,86,1,1,0.5832033753395081
lraa,1676,norm_only,1085,2236,1,1,0.501953125
lraa,1676,norm_only,1086,43,1,1,0.5068355202674866
lraa,1676,norm_only,1087,2043,0,1,0.5029296278953552
lraa,1676,norm_only,1088,905,1,1,0.5448014140129089
lraa,1676,norm_only,1089,551,0,0,0.4455295503139496
lraa,1676,norm_only,1090,2534,1,1,0.5263427495956421
lraa,1676,norm_only,1091,153,0,0,0.438785195350647
lraa,1676,norm_only,1092,1962,0,0,0.43974730372428894
lraa,1676,norm_only,1093,951,0,1,0.5253688097000122
lraa,1676,norm_only,1094,1469,1,1,0.5563995838165283
lraa,1676,norm_only,1095,2920,1,1,0.5746335387229919
lraa,1676,norm_only,1096,1770,1,1,0.5602526664733887
lraa,1676,norm_only,1097,2734,1,1,0.5214711427688599
lraa,1676,norm_only,1098,2885,1,1,0.5583269596099854
lraa,1676,norm_only,1099,2799,1,1,0.5292633771896362
lraa,1676,norm_only,1100,2416,0,1,0.5409238338470459
lraa,1676,norm_only,1101,1844,0,0,0.4668456017971039
lraa,1676,norm_only,1102,1931,0,0,0.4882833957672119
lraa,1676,norm_only,1103,862,0,0,0.4765796661376953
lraa,1676,norm_only,1104,1903,0,0,0.49218812584877014
lraa,1676,norm_only,1105,2844,1,1,0.5708098411560059
lraa,1676,norm_only,1106,2525,0,0,0.45132651925086975
lraa,1676,norm_only,1107,2522,1,1,0.5068355202674866
lraa,1676,norm_only,1108,2215,1,0,0.4990234673023224
lraa,1676,norm_only,1109,2415,1,1,0.5350984334945679
lraa,1676,norm_only,1110,2603,1,1,0.562176525592804
lraa,1676,norm_only,1111,959,0,1,0.5087881684303284
lraa,1676,norm_only,1112,898,1,1,0.5650587677955627
lraa,1676,norm_only,1113,1608,1,1,0.5650587677955627
lraa,1676,norm_only,1114,677,1,1,0.5292633771896362
lraa,1676,norm_only,1115,229,1,1,0.5370413661003113
lraa,1676,norm_only,1116,2466,1,1,0.5832033753395081
lraa,1676,norm_only,1117,2757,1,1,0.5467381477355957
lraa,1676,norm_only,1118,1074,0,1,0.5448014140129089
lraa,1676,norm_only,1119,2170,1,1,0.5117166042327881
lraa,1676,norm_only,1120,2153,0,0,0.4882833957672119
lraa,1676,norm_only,1121,165,0,1,0.524394690990448
lraa,1676,norm_only,1122,25,1,0,0.4970703423023224
lraa,1676,norm_only,1123,355,1,1,0.5506073832511902
lraa,1676,norm_only,1124,1500,1,1,0.5380124449729919
lraa,1676,norm_only,1125,1091,0,0,0.4951173663139343
lraa,1676,norm_only,1126,1347,0,0,0.46004629135131836
lraa,1676,norm_only,1127,1215,1,1,0.5660185217857361
lraa,1676,norm_only,1128,2833,1,1,0.5525397062301636
lraa,1676,norm_only,1129,90,1,1,0.5669777989387512
lraa,1676,norm_only,1130,1404,1,1,0.5350984334945679
lraa,1676,norm_only,1131,1512,1,0,0.4970703423023224
lraa,1676,norm_only,1132,1600,0,1,0.5708098411560059
lraa,1676,norm_only,1133,1251,1,1,0.5389832258224487
lraa,1676,norm_only,1134,807,0,0,0.42823338508605957
lraa,1676,norm_only,1135,921,1,1,0.5273165106773376
lraa,1676,norm_only,1136,2432,1,1,0.5746335387229919
lraa,1676,norm_only,1137,2177,1,1,0.5936092734336853
lraa,1676,norm_only,1138,2424,1,1,0.5660185217857361
lraa,1676,norm_only,1139,220,1,1,0.5926666259765625
lraa,1676,norm_only,1140,952,1,1,0.5515737533569336
lraa,1676,norm_only,1141,2371,0,0,0.43782350420951843
lraa,1676,norm_only,1142,1474,1,1,0.5869964361190796
lraa,1676,norm_only,1143,126,1,1,0.5832033753395081
lraa,1676,norm_only,1144,1952,1,1,0.5926666259765625
lraa,1676,norm_only,1145,626,1,1,0.5078118443489075
lraa,1676,norm_only,1146,811,0,0,0.4407099783420563
lraa,1676,norm_only,1147,1625,0,0,0.43494123220443726
lraa,1676,norm_only,1148,2713,1,1,0.5107405185699463
lraa,1676,norm_only,1149,2097,1,1,0.5214711427688599
lraa,1676,norm_only,1150,2666,0,0,0.4407099783420563
lraa,1676,norm_only,1151,2180,1,1,0.6029970645904541
lraa,1676,norm_only,1152,2892,1,1,0.543832540512085
lraa,1676,norm_only,1153,2008,0,0,0.45519861578941345
lraa,1676,norm_only,1154,2268,1,1,0.5117166042327881
lraa,1676,norm_only,1155,138,1,1,0.5515737533569336
lraa,1676,norm_only,1156,2864,1,1,0.5563995838165283
lraa,1676,norm_only,1157,2610,0,0,0.42155182361602783
lraa,1676,norm_only,1158,1804,1,1,0.5380124449729919
lraa,1676,norm_only,1159,1588,1,1,0.5888891220092773
lraa,1676,norm_only,1160,1095,0,1,0.5282900333404541
lraa,1676,norm_only,1161,2852,1,1,0.5822535157203674
lraa,1676,norm_only,1162,2722,1,1,0.5636181831359863
lraa,1676,norm_only,1163,2746,1,1,0.5331543684005737
lraa,1676,norm_only,1164,1662,1,1,0.5039061903953552
lraa,1676,norm_only,1165,2631,1,1,0.5515737533569336
lraa,1676,norm_only,1166,2201,1,1,0.5573635101318359
lraa,1676,norm_only,1167,1103,1,1,0.524394690990448
lraa,1676,norm_only,1168,1330,1,1,0.6029970645904541
lraa,1676,norm_only,1169,1546,1,1,0.5954925417900085
lraa,1676,norm_only,1170,1324,1,1,0.5506073832511902
lraa,1676,norm_only,1171,980,0,0,0.4368622899055481
lraa,1676,norm_only,1172,1517,0,0,0.4843800961971283
lraa,1676,norm_only,1173,2441,1,1,0.5554351806640625
lraa,1676,norm_only,1174,1814,0,1,0.5136684775352478
lraa,1676,norm_only,1175,418,1,1,0.5554351806640625
lraa,1676,norm_only,1176,2108,1,1,0.5755879878997803
lraa,1676,norm_only,1177,1511,0,1,0.5496405959129333
lraa,1676,norm_only,1178,1742,1,0,0.4873073995113373
lraa,1676,norm_only,1179,1942,1,1,0.543832540512085
lraa,1676,norm_only,1180,1897,1,0,0.4561675190925598
lraa,1676,norm_only,1181,1858,1,1,0.5331543684005737
lraa,1676,norm_only,1182,958,1,1,0.5058591365814209
lraa,1676,norm_only,1183,1195,1,1,0.5803520083427429
lraa,1676,norm_only,1184,1677,1,1,0.6029970645904541
lraa,1676,norm_only,1185,1442,1,1,0.5486735105514526
lraa,1676,norm_only,1186,1056,1,1,0.5640984773635864
lraa,1676,norm_only,1187,438,0,0,0.45132651925086975
lraa,1676,norm_only,1188,911,1,1,0.531209409236908
lraa,1676,norm_only,1189,382,0,0,0.43782350420951843
lraa,1676,norm_only,1190,537,0,0,0.47950369119644165
lraa,1676,norm_only,1191,2327,1,1,0.5554351806640625
lraa,1676,norm_only,1192,379,1,0,0.47950369119644165
lraa,1676,norm_only,1193,1263,1,1,0.5068355202674866
lraa,1676,norm_only,1194,1163,1,1,0.543832540512085
lraa,1676,norm_only,1195,823,0,0,0.4407099783420563
lraa,1676,norm_only,1196,1658,1,1,0.5544704794883728
lraa,1676,norm_only,1197,477,1,1,0.5477060079574585
lraa,1676,norm_only,1198,2090,1,1,0.5448014140129089
lraa,1676,norm_only,1199,2191,1,1,0.532181978225708
lraa,1676,norm_only,1200,851,1,1,0.5573635101318359
lraa,1676,norm_only,1201,2077,1,1,0.5592900514602661
lraa,1676,norm_only,1202,2051,1,0,0.4941408932209015
lraa,1676,norm_only,1203,816,1,1,0.5097643733024597
lraa,1676,norm_only,1204,1643,0,1,0.5107405185699463
lraa,1676,norm_only,1205,2161,0,0,0.4902355968952179
lraa,1676,norm_only,1206,2143,1,1,0.5869964361190796
lraa,1676,norm_only,1207,858,0,0,0.45132651925086975
lraa,1676,norm_only,1208,1381,1,1,0.5640984773635864
lraa,1676,norm_only,1209,2334,1,1,0.5048826336860657
lraa,1676,norm_only,1210,946,0,0,0.39606815576553345
lraa,1676,norm_only,1211,2689,0,0,0.4736572504043579
lraa,1676,norm_only,1212,920,0,0,0.4892594516277313
lraa,1676,norm_only,1213,2331,1,1,0.562176525592804
lraa,1676,norm_only,1214,544,1,1,0.5708098411560059
lraa,1676,norm_only,1215,2632,1,1,0.5592900514602661
lraa,1676,norm_only,1216,1776,1,1,0.5224458575248718
lraa,1676,norm_only,1217,2820,1,1,0.5563995838165283
lraa,1676,norm_only,1218,1027,0,0,0.4590761363506317
lraa,1676,norm_only,1219,1972,1,1,0.5360700488090515
lraa,1676,norm_only,1220,1525,0,0,0.4561675190925598
lraa,1676,norm_only,1221,1506,0,0,0.45423004031181335
lraa,1676,norm_only,1222,1863,1,1,0.5592900514602661
lraa,1676,norm_only,1223,2573,1,1,0.5029296278953552
lraa,1676,norm_only,1224,2065,1,1,0.5107405185699463
lraa,1676,norm_only,1225,2110,1,1,0.5273165106773376
lraa,1676,norm_only,1226,301,0,0,0.3942009508609772
lraa,1676,norm_only,1227,130,1,1,0.5688949227333069
lraa,1676,norm_only,1228,2022,0,1,0.5592900514602661
lraa,1676,norm_only,1229,1413,1,1,0.5631377100944519
lraa,1676,norm_only,1230,973,0,0,0.4016878008842468
lraa,1676,norm_only,1231,1484,1,1,0.541893720626831
lraa,1676,norm_only,1232,23,1,1,0.5370413661003113
lraa,1676,norm_only,1233,1092,0,1,0.5195213556289673
lraa,1676,norm_only,1234,2163,0,0,0.46198752522468567
lraa,1676,norm_only,1235,488,0,0,0.49218812584877014
lraa,1676,norm_only,1236,2058,0,0,0.41774648427963257
lraa,1676,norm_only,1237,2374,0,0,0.43494123220443726
lraa,1676,norm_only,1238,635,1,0,0.46198752522468567
lraa,1676,norm_only,1239,429,0,0,0.4951173663139343
lraa,1676,norm_only,1240,896,0,0,0.4892594516277313
lraa,1676,norm_only,1241,2606,0,0,0.4484263062477112
lraa,1676,norm_only,1242,18,1,1,0.6270381808280945
lraa,1676,norm_only,1243,2658,0,0,0.43206340074539185
lraa,1676,norm_only,1244,1926,0,0,0.4639299511909485
lraa,1676,norm_only,1245,739,1,1,0.5496405959129333
lraa,1676,norm_only,1246,2447,1,1,0.5736784338951111
lraa,1676,norm_only,1247,140,1,1,0.524394690990448
lraa,1676,norm_only,1248,2754,0,0,0.475605309009552
lraa,1676,norm_only,1249,1057,1,1,0.5765419602394104
lraa,1676,norm_only,1250,2890,1,1,0.5282900333404541
lraa,1676,norm_only,1251,2395,1,1,0.5727227926254272
lraa,1676,norm_only,1252,838,1,1,0.543832540512085
lraa,1676,norm_only,1253,2100,0,0,0.4244120121002197
lraa,1676,norm_only,1254,2619,1,1,0.5360700488090515
lraa,1676,norm_only,1255,2007,1,1,0.5515737533569336
lraa,1676,norm_only,1256,1178,0,0,0.40262696146965027
lraa,1676,norm_only,1257,1003,0,0,0.4814538359642029
lraa,1676,norm_only,1258,1214,1,1,0.531209409236908
lraa,1676,norm_only,1259,2933,1,1,0.5669777989387512
lraa,1676,norm_only,1260,1137,0,0,0.45519861578941345
lraa,1676,norm_only,1261,2652,1,1,0.5554351806640625
lraa,1676,norm_only,1262,1855,1,1,0.5273165106773376
lraa,1676,norm_only,1263,385,1,1,0.5380124449729919
lraa,1676,norm_only,1264,474,0,0,0.4590761363506317
lraa,1676,norm_only,1265,1683,0,0,0.4668456017971039
lraa,1676,norm_only,1266,2107,0,0,0.45519861578941345
lraa,1676,norm_only,1267,2900,1,1,0.5058591365814209
lraa,1676,norm_only,1268,97,0,0,0.4339814782142639
lraa,1676,norm_only,1269,766,0,1,0.5165954232215881
lraa,1676,norm_only,1270,124,0,0,0.4814538359642029
lraa,1676,norm_only,1271,1262,1,1,0.5765419602394104
lraa,1676,norm_only,1272,1993,0,0,0.49609383940696716
lraa,1676,norm_only,1273,2452,1,1,0.5506073832511902
lraa,1676,norm_only,1274,830,0,0,0.4436004161834717
lraa,1676,norm_only,1275,67,0,0,0.45132651925086975
lraa,1676,norm_only,1276,1322,1,1,0.5097643733024597
lraa,1676,norm_only,1277,267,1,1,0.5631377100944519
lraa,1676,norm_only,1278,1613,1,0,0.46004629135131836
lraa,1676,norm_only,1279,2365,1,1,0.5428633093833923
lraa,1676,norm_only,1280,2711,1,1,0.541893720626831
lraa,1676,norm_only,1281,54,0,0,0.43206340074539185
lraa,1676,norm_only,1282,1047,1,1,0.5165954232215881
lraa,1676,norm_only,1283,1686,1,0,0.4970703423023224
lraa,1676,norm_only,1284,1745,0,0,0.4464946985244751
lraa,1676,norm_only,1285,546,0,0,0.4455295503139496
lraa,1676,norm_only,1286,464,1,1,0.5360700488090515
lraa,1676,norm_only,1287,2906,1,1,0.5803520083427429
lraa,1676,norm_only,1288,1129,0,0,0.3812195658683777
lraa,1676,norm_only,1289,396,0,0,0.47950369119644165
lraa,1676,norm_only,1290,2581,1,0,0.41584742069244385
lraa,1676,norm_only,1291,2542,1,1,0.5515737533569336
lraa,1676,norm_only,1292,45,0,1,0.5341265201568604
lraa,1676,norm_only,1293,2141,1,1,0.5448014140129089
lraa,1676,norm_only,1294,60,1,1,0.5496405959129333
lraa,1676,norm_only,1295,2183,1,1,0.5973730087280273
lraa,1676,norm_only,1296,1037,0,0,0.4765796661376953
lraa,1676,norm_only,1297,2931,1,1,0.5554351806640625
lraa,1676,norm_only,1298,1752,1,1,0.5525397062301636
lraa,1676,norm_only,1299,1759,1,1,0.532181978225708
lraa,1676,norm_only,1300,2566,1,0,0.49218812584877014
lraa,1676,norm_only,1301,926,1,1,0.5331543684005737
lraa,1676,norm_only,1302,2753,0,0,0.44167301058769226
lraa,1676,norm_only,1303,260,0,0,0.4455295503139496
lraa,1676,norm_only,1304,1984,1,1,0.5292633771896362
lraa,1676,norm_only,1305,1696,0,0,0.4863315522670746
lraa,1676,norm_only,1306,1220,1,1,0.6109178066253662
lraa,1676,norm_only,1307,2930,0,0,0.4639299511909485
lraa,1676,norm_only,1308,1277,1,1,0.5841525197029114
lraa,1676,norm_only,1309,136,1,1,0.6048657894134521
lraa,1676,norm_only,1310,1387,1,0,0.4902355968952179
lraa,1676,norm_only,1311,2875,1,0,0.4902355968952179
lraa,1676,norm_only,1312,1130,1,1,0.5592900514602661
lraa,1676,norm_only,1313,912,1,1,0.590779185295105
lraa,1676,norm_only,1314,1919,1,1,0.5688949227333069
lraa,1676,norm_only,1315,822,1,1,0.5898345112800598
lraa,1676,norm_only,1316,350,0,0,0.46004629135131836
lraa,1676,norm_only,1317,2768,1,1,0.5399537086486816
lraa,1676,norm_only,1318,435,0,0,0.4148988127708435
lraa,1676,norm_only,1319,1961,1,1,0.5515737533569336
lraa,1676,norm_only,1320,613,1,1,0.5936092734336853
lraa,1676,norm_only,1321,344,1,1,0.5486735105514526
lraa,1676,norm_only,1322,698,1,1,0.621540904045105
lraa,1676,norm_only,1323,2264,1,1,0.5669777989387512
lraa,1676,norm_only,1324,1365,1,0,0.47950369119644165
lraa,1676,norm_only,1325,1855,0,0,0.4445647895336151
lraa,1676,norm_only,1326,573,0,0,0.44263648986816406
lraa,1676,norm_only,1327,1940,1,0,0.48535576462745667
lraa,1676,norm_only,1328,82,0,0,0.4445647895336151
lraa,1676,norm_only,1329,498,1,1,0.5583269596099854
lraa,1676,norm_only,1330,204,1,1,0.543832540512085
lraa,1676,norm_only,1331,1261,0,0,0.4330221712589264
lraa,1676,norm_only,1332,1325,1,1,0.5457699298858643
lraa,1676,norm_only,1333,1026,0,0,0.4532618820667267
lraa,1676,norm_only,1334,1971,0,0,0.46004629135131836
lraa,1676,norm_only,1335,2113,1,1,0.5331543684005737
lraa,1676,norm_only,1336,191,1,0,0.4522939622402191
lraa,1676,norm_only,1337,1969,1,1,0.531209409236908
lraa,1676,norm_only,1338,2601,1,1,0.5399537086486816
lraa,1676,norm_only,1339,1803,1,1,0.5535053014755249
lraa,1676,norm_only,1340,2534,1,0,0.47950369119644165
lraa,1676,norm_only,1341,1241,0,0,0.42727723717689514
lraa,1676,norm_only,1342,1690,1,1,0.5370413661003113
lraa,1676,norm_only,1343,1602,1,1,0.5078118443489075
lraa,1676,norm_only,1344,2350,0,0,0.45035937428474426
lraa,1676,norm_only,1345,1385,0,1,0.5029296278953552
lraa,1676,norm_only,1346,73,1,1,0.5688949227333069
lraa,1676,norm_only,1347,686,1,1,0.5331543684005737
lraa,1676,norm_only,1348,432,1,1,0.5370413661003113
lraa,1676,norm_only,1349,1668,1,1,0.5409238338470459
lraa,1676,norm_only,1350,2202,0,0,0.42919009923934937
lraa,1676,norm_only,1351,380,1,1,0.561214804649353
lraa,1676,norm_only,1352,1527,1,1,0.5263427495956421
lraa,1676,norm_only,1353,2642,0,0,0.44167301058769226
lraa,1676,norm_only,1354,1718,1,0,0.4892594516277313
lraa,1676,norm_only,1355,725,1,1,0.5717666149139404
lraa,1676,norm_only,1356,1309,0,0,0.42536652088165283
lraa,1676,norm_only,1357,354,1,1,0.5727227926254272
lraa,1676,norm_only,1358,1880,0,1,0.5146442651748657
lraa,1676,norm_only,1359,1729,0,1,0.5185462236404419
lraa,1676,norm_only,1360,2454,0,1,0.5078118443489075
lraa,1676,norm_only,1361,2692,1,1,0.5399537086486816
lraa,1676,norm_only,1362,218,1,1,0.561214804649353
lraa,1676,norm_only,1363,2449,0,0,0.4824291169643402
lraa,1676,norm_only,1364,2237,0,0,0.39981165528297424
lraa,1676,norm_only,1365,2031,0,0,0.46490156650543213
lraa,1676,norm_only,1366,1231,0,0,0.43782350420951843
lraa,1676,norm_only,1367,1986,1,1,0.5794004201889038
lraa,1676,norm_only,1368,2508,0,0,0.438785195350647
lraa,1676,norm_only,1369,249,1,1,0.5039061903953552
lraa,1676,norm_only,1370,581,0,0,0.46490156650543213
lraa,1676,norm_only,1371,373,1,0,0.4561675190925598
lraa,1676,norm_only,1372,1237,0,0,0.44167301058769226
lraa,1676,norm_only,1373,2092,1,1,0.5409238338470459
lraa,1676,norm_only,1374,571,1,1,0.5631377100944519
lraa,1676,norm_only,1375,1192,1,1,0.5341265201568604
lraa,1676,norm_only,1376,2140,1,1,0.5669777989387512
lraa,1676,norm_only,1377,679,0,0,0.4873073995113373
lraa,1676,norm_only,1378,312,1,1,0.5631377100944519
lraa,1676,norm_only,1379,1205,1,1,0.5679365992546082
lraa,1676,norm_only,1380,2299,1,1,0.5409238338470459
lraa,1676,norm_only,1381,2387,0,0,0.46198752522468567
lraa,1676,norm_only,1382,803,0,0,0.47268345952033997
lraa,1676,norm_only,1383,2548,1,1,0.5185462236404419
lraa,1676,norm_only,1384,1716,0,0,0.4639299511909485
lraa,1676,norm_only,1385,2126,1,1,0.5506073832511902
lraa,1676,norm_only,1386,35,1,1,0.5917232036590576
lraa,1676,norm_only,1387,1086,0,1,0.5087881684303284
lraa,1676,norm_only,1388,510,0,1,0.5399537086486816
lraa,1676,norm_only,1389,347,1,1,0.5506073832511902
lraa,1676,norm_only,1390,2922,0,0,0.4765796661376953
lraa,1676,norm_only,1391,2182,0,0,0.4464946985244751
lraa,1676,norm_only,1392,643,1,1,0.5879430770874023
lraa,1676,norm_only,1393,1259,0,0,0.4263215959072113
lraa,1676,norm_only,1394,2194,1,1,0.5708098411560059
lraa,1676,norm_only,1395,68,0,0,0.4532618820667267
lraa,1676,norm_only,1396,1104,1,1,0.5736784338951111
lraa,1676,norm_only,1397,549,1,1,0.5717666149139404
lraa,1676,norm_only,1398,2715,1,1,0.501953125
lraa,1676,norm_only,1399,2552,0,0,0.4951173663139343
lraa,1676,norm_only,1400,949,1,1,0.5477060079574585
lraa,1676,norm_only,1401,2135,0,0,0.49218812584877014
lraa,1676,norm_only,1402,459,0,0,0.46198752522468567
lraa,1676,norm_only,1403,441,0,0,0.4804786741733551
lraa,1676,norm_only,1404,1404,1,1,0.5389832258224487
lraa,1676,norm_only,1405,2792,0,0,0.46004629135131836
lraa,1676,norm_only,1406,2639,1,1,0.5688949227333069
lraa,1676,norm_only,1407,1568,1,1,0.5195213556289673
lraa,1676,norm_only,1408,1611,1,1,0.524394690990448
lraa,1676,norm_only,1409,1589,1,1,0.5573635101318359
lraa,1676,norm_only,1410,108,1,1,0.5282900333404541
lraa,1676,norm_only,1411,2274,0,0,0.4493926465511322
lraa,1676,norm_only,1412,1903,1,0,0.47755417227745056
lraa,1676,norm_only,1413,1156,1,1,0.5602526664733887
lraa,1676,norm_only,1414,1217,1,1,0.5477060079574585
lraa,1676,norm_only,1415,1840,0,0,0.45035937428474426
lraa,1676,norm_only,1416,1520,1,1,0.5448014140129089
lraa,1676,norm_only,1417,360,1,1,0.5755879878997803
lraa,1676,norm_only,1418,2563,1,1,0.5973730087280273
lraa,1676,norm_only,1419,1308,1,1,0.5688949227333069
lraa,1676,norm_only,1420,624,1,1,0.5525397062301636
lraa,1676,norm_only,1421,547,0,0,0.43206340074539185
lraa,1676,norm_only,1422,1443,0,1,0.5350984334945679
lraa,1676,norm_only,1423,570,0,1,0.5204963088035583
lraa,1676,norm_only,1424,151,1,1,0.5253688097000122
lraa,1676,norm_only,1425,2665,1,1,0.5832033753395081
lraa,1676,norm_only,1426,95,1,1,0.5175709128379822
lraa,1676,norm_only,1427,214,0,0,0.45132651925086975
lraa,1676,norm_only,1428,1727,1,1,0.5331543684005737
lraa,1676,norm_only,1429,712,1,1,0.5727227926254272
lraa,1676,norm_only,1430,759,0,0,0.3904758393764496
lraa,1676,norm_only,1431,2360,1,1,0.5039061903953552
lraa,1676,norm_only,1432,532,1,1,0.532181978225708
lraa,1676,norm_only,1433,1048,1,1,0.5185462236404419
lraa,1676,norm_only,1434,2520,1,1,0.5253688097000122
lraa,1676,norm_only,1435,100,0,0,0.4063907265663147
lraa,1676,norm_only,1436,2186,1,1,0.5496405959129333
lraa,1676,norm_only,1437,2510,1,0,0.47852882742881775
lraa,1676,norm_only,1438,685,0,0,0.45713675022125244
lraa,1676,norm_only,1439,2015,0,1,0.501953125
lraa,1676,norm_only,1440,2164,1,1,0.561214804649353
lraa,1676,norm_only,1441,665,1,1,0.5669777989387512
lraa,1676,norm_only,1442,433,0,0,0.3849121630191803
lraa,1676,norm_only,1443,1195,1,1,0.5717666149139404
lraa,1676,norm_only,1444,643,1,1,0.5765419602394104
lraa,1676,norm_only,1445,1118,1,0,0.49609383940696716
lraa,1676,norm_only,1446,1746,0,0,0.45132651925086975
lraa,1676,norm_only,1447,248,1,1,0.5399537086486816
lraa,1676,norm_only,1448,1673,1,1,0.5467381477355957
lraa,1676,norm_only,1449,415,0,0,0.42155182361602783
lraa,1676,norm_only,1450,718,1,1,0.5370413661003113
lraa,1676,norm_only,1451,2419,0,0,0.4639299511909485
lraa,1676,norm_only,1452,908,1,1,0.5669777989387512
lraa,1676,norm_only,1453,2475,0,0,0.45519861578941345
lraa,1676,norm_only,1454,421,1,1,0.5039061903953552
lraa,1676,norm_only,1455,2459,0,0,0.46101680397987366
lraa,1676,norm_only,1456,1256,0,0,0.4244120121002197
lraa,1676,norm_only,1457,792,0,0,0.43782350420951843
lraa,1676,norm_only,1458,1352,1,1,0.5448014140129089
lraa,1676,norm_only,1459,1166,0,0,0.46587347984313965
lraa,1676,norm_only,1460,1426,0,0,0.4407099783420563
lraa,1676,norm_only,1461,1391,1,1,0.6095241904258728
lraa,1676,norm_only,1462,2656,1,1,0.5448014140129089
lraa,1676,norm_only,1463,1519,0,0,0.43974730372428894
lraa,1676,norm_only,1464,2208,1,1,0.5486735105514526
lraa,1676,norm_only,1465,2703,1,1,0.5350984334945679
lraa,1676,norm_only,1466,192,1,1,0.5
lraa,1676,norm_only,1467,216,0,0,0.42250463366508484
lraa,1676,norm_only,1468,1141,1,1,0.5708098411560059
lraa,1676,norm_only,1469,1408,1,1,0.5506073832511902
lraa,1676,norm_only,1470,2434,0,0,0.4484263062477112
lraa,1676,norm_only,1471,1288,0,0,0.438785195350647
lraa,1676,norm_only,1472,225,1,1,0.5698526501655579
lraa,1676,norm_only,1473,1489,1,1,0.5068355202674866
lraa,1676,norm_only,1474,2206,0,0,0.4814538359642029
lraa,1676,norm_only,1475,257,1,1,0.5573635101318359
lraa,1676,norm_only,1476,1705,1,1,0.5583269596099854
lraa,1676,norm_only,1477,2237,0,0,0.3904758393764496
lraa,1676,norm_only,1478,431,1,1,0.5698526501655579
lraa,1676,norm_only,1479,156,1,1,0.590779185295105
lraa,1676,norm_only,1480,2575,1,1,0.5679365992546082
lraa,1676,norm_only,1481,676,1,0,0.498046875
lraa,1676,norm_only,1482,1967,0,0,0.45035937428474426
lraa,1676,norm_only,1483,697,1,1,0.5126925706863403
lraa,1676,norm_only,1484,2425,1,1,0.5389832258224487
lraa,1676,norm_only,1485,1311,1,1,0.5273165106773376
lraa,1676,norm_only,1486,1361,1,1,0.5214711427688599
lraa,1676,norm_only,1487,2801,1,0,0.4445647895336151
lraa,1676,norm_only,1488,1204,1,0,0.4951173663139343
lraa,1676,norm_only,1489,2072,0,0,0.4873073995113373
lraa,1676,norm_only,1490,321,0,0,0.4941408932209015
lraa,1676,norm_only,1491,1250,0,1,0.5282900333404541
lraa,1676,norm_only,1492,1435,1,1,0.5563995838165283
lraa,1676,norm_only,1493,2740,1,0,0.4561675190925598
lraa,1676,norm_only,1494,2538,0,0,0.4368622899055481
lraa,1676,norm_only,1495,1194,1,1,0.5794004201889038
lraa,1676,norm_only,1496,2816,1,1,0.5936092734336853
lraa,1676,norm_only,1497,180,1,1,0.5370413661003113
lraa,1676,norm_only,1498,2901,1,1,0.5350984334945679
lraa,1676,norm_only,1499,658,1,0,0.3923368453979492
lraa,1676,norm_only,1500,929,1,1,0.5448014140129089
lraa,1676,norm_only,1501,2354,1,1,0.596433162689209
lraa,1676,norm_only,1502,1756,0,0,0.4263215959072113
lraa,1676,norm_only,1503,2791,0,0,0.41205692291259766
lraa,1676,norm_only,1504,1597,1,1,0.5185462236404419
lraa,1676,norm_only,1505,1763,1,1,0.5253688097000122
lraa,1676,norm_only,1506,945,0,0,0.43014732003211975
lraa,1676,norm_only,1507,813,0,1,0.6118459105491638
lraa,1676,norm_only,1508,638,0,0,0.4484263062477112
lraa,1676,norm_only,1509,281,1,1,0.5428633093833923
lraa,1676,norm_only,1510,1591,1,1,0.5136684775352478
lraa,1676,norm_only,1511,964,1,1,0.5486735105514526
lraa,1676,norm_only,1512,2388,1,1,0.5851011276245117
lraa,1676,norm_only,1513,2595,1,0,0.47073662281036377
lraa,1676,norm_only,1514,1920,0,1,0.501953125
lraa,1676,norm_only,1515,339,1,1,0.5602526664733887
lraa,1676,norm_only,1516,2696,1,1,0.5650587677955627
lraa,1676,norm_only,1517,2577,0,0,0.4990234673023224
lraa,1676,norm_only,1518,1029,0,0,0.40922078490257263
lraa,1676,norm_only,1519,2037,1,1,0.5544704794883728
lraa,1676,norm_only,1520,1017,0,1,0.5234203934669495
lraa,1676,norm_only,1521,2718,1,1,0.5573635101318359
lraa,1676,norm_only,1522,1153,0,0,0.4368622899055481
lraa,1676,norm_only,1523,2230,0,0,0.4311051368713379
lraa,1676,norm_only,1524,688,1,1,0.5399537086486816
lraa,1676,norm_only,1525,886,1,1,0.5292633771896362
lraa,1676,norm_only,1526,1744,1,1,0.5253688097000122
lraa,1676,norm_only,1527,1369,1,0,0.4668456017971039
lraa,1676,norm_only,1528,1614,1,1,0.5602526664733887
lraa,1676,norm_only,1529,2187,1,1,0.5869964361190796
lraa,1676,norm_only,1530,58,0,0,0.36658975481987
lraa,1676,norm_only,1531,308,1,1,0.5126925706863403
lraa,1676,norm_only,1532,1748,0,0,0.4863315522670746
lraa,1676,norm_only,1533,2763,0,1,0.5341265201568604
lraa,1676,norm_only,1534,2431,0,0,0.4330221712589264
lraa,1676,norm_only,1535,2571,1,1,0.5765419602394104
lraa,1676,norm_only,1536,720,1,0,0.4873073995113373
lraa,1676,norm_only,1537,1343,0,0,0.4474602937698364
lraa,1676,norm_only,1538,1195,1,1,0.5746335387229919
lraa,1676,norm_only,1539,2604,1,1,0.5058591365814209
lraa,1676,norm_only,1540,1556,1,0,0.4843800961971283
lraa,1676,norm_only,1541,408,1,1,0.5048826336860657
lraa,1676,norm_only,1542,274,1,1,0.5224458575248718
lraa,1676,norm_only,1543,1395,0,0,0.46976351737976074
lraa,1676,norm_only,1544,146,1,1,0.5370413661003113
lraa,1676,norm_only,1545,333,1,1,0.5428633093833923
lraa,1676,norm_only,1546,657,0,0,0.4445647895336151
lraa,1676,norm_only,1547,989,1,1,0.5457699298858643
lraa,1676,norm_only,1548,2662,1,1,0.5746335387229919
lraa,1676,norm_only,1549,702,0,0,0.4474602937698364
lraa,1676,norm_only,1550,1015,0,0,0.4445647895336151
lraa,1676,norm_only,1551,422,1,1,0.5009765625
lraa,1676,norm_only,1552,928,1,1,0.5389832258224487
lraa,1676,norm_only,1553,2289,0,0,0.47073662281036377
lraa,1676,norm_only,1554,2179,1,1,0.5273165106773376
lraa,1676,norm_only,1555,1838,1,1,0.5078118443489075
lraa,1676,norm_only,1556,957,0,0,0.4746311902999878
lraa,1676,norm_only,1557,2808,0,0,0.4484263062477112
lraa,1676,norm_only,1558,0,0,1,0.5331543684005737
lraa,1676,norm_only,1559,1815,1,1,0.5602526664733887
lraa,1676,norm_only,1560,258,1,1,0.5457699298858643
lraa,1676,norm_only,1561,2300,1,0,0.46295860409736633
lraa,1676,norm_only,1562,181,0,0,0.45423004031181335
lraa,1676,norm_only,1563,2111,1,1,0.5917232036590576
lraa,1676,norm_only,1564,1847,1,1,0.5263427495956421
lraa,1676,norm_only,1565,1468,1,1,0.5650587677955627
lraa,1676,norm_only,1566,2686,0,0,0.43206340074539185
lraa,1676,norm_only,1567,1730,1,0,0.4902355968952179
lraa,1676,norm_only,1568,2502,1,1,0.5554351806640625
lraa,1676,norm_only,1569,2516,1,1,0.5350984334945679
lraa,1676,norm_only,1570,92,0,0,0.46587347984313965
lraa,1676,norm_only,1571,2265,0,0,0.4746311902999878
lraa,1676,norm_only,1572,1190,0,0,0.475605309009552
lraa,1676,norm_only,1573,1077,1,1,0.5954925417900085
lraa,1676,norm_only,1574,1956,0,1,0.5389832258224487
lraa,1676,norm_only,1575,1034,1,1,0.531209409236908
lraa,1676,norm_only,1576,934,0,0,0.48535576462745667
lraa,1676,norm_only,1577,93,1,1,0.5399537086486816
lraa,1676,norm_only,1578,1886,1,1,0.5506073832511902
lraa,1676,norm_only,1579,1682,0,0,0.4455295503139496
lraa,1676,norm_only,1580,2843,1,1,0.5602526664733887
lraa,1676,norm_only,1581,520,1,1,0.5717666149139404
lraa,1676,norm_only,1582,2074,1,1,0.5136684775352478
lraa,1676,norm_only,1583,2497,0,0,0.4007493853569031
lraa,1676,norm_only,1584,2905,1,1,0.5770187377929688
lraa,1676,norm_only,1585,983,1,1,0.5602526664733887
lraa,1676,norm_only,1586,1961,1,1,0.5496405959129333
lraa,1676,norm_only,1587,1090,0,0,0.4746311902999878
lraa,1676,norm_only,1588,2811,0,0,0.4484263062477112
lraa,1676,norm_only,1589,2055,1,1,0.5068355202674866
lraa,1676,norm_only,1590,669,1,1,0.5117166042327881
lraa,1676,norm_only,1591,2062,1,1,0.5563995838165283
lraa,1676,norm_only,1592,107,0,1,0.5204963088035583
lraa,1676,norm_only,1593,2146,1,0,0.4824291169643402
lraa,1676,norm_only,1594,2795,0,0,0.4455295503139496
lraa,1676,norm_only,1595,221,1,1,0.5602526664733887
lraa,1676,norm_only,1596,1082,1,0,0.4941408932209015
lraa,1676,norm_only,1597,2306,0,0,0.4873073995113373
lraa,1676,norm_only,1598,2391,0,0,0.48535576462745667
lraa,1676,norm_only,1599,2083,1,1,0.5282900333404541
lraa,1676,norm_only,1600,1302,1,1,0.5544704794883728
lraa,1676,norm_only,1601,2897,1,1,0.524394690990448
lraa,1676,norm_only,1602,2547,0,1,0.5841525197029114
lraa,1676,norm_only,1603,1772,0,0,0.4474602937698364
lraa,1676,norm_only,1604,2333,0,0,0.4902355968952179
lraa,1676,norm_only,1605,2648,1,1,0.5544704794883728
lraa,1676,norm_only,1606,1524,1,1,0.5784481763839722
lraa,1676,norm_only,1607,879,1,1,0.5592900514602661
lraa,1676,norm_only,1608,2629,1,1,0.5
lraa,1676,norm_only,1609,2861,0,0,0.4863315522670746
lraa,1676,norm_only,1610,1274,1,1,0.6020615696907043
lraa,1676,norm_only,1611,2064,1,1,0.5794004201889038
lraa,1676,norm_only,1612,847,0,0,0.43014732003211975
lraa,1676,norm_only,1613,1278,0,0,0.39140594005584717
lraa,1676,norm_only,1614,2228,1,1,0.5679365992546082
lraa,1676,norm_only,1615,2854,0,0,0.4522939622402191
lraa,1676,norm_only,1616,2242,1,1,0.5544704794883728
lraa,1676,norm_only,1617,1809,0,0,0.3923368453979492
lraa,1676,norm_only,1618,2705,0,0,0.47073662281036377
lraa,1676,norm_only,1619,177,1,1,0.5457699298858643
lraa,1676,norm_only,1620,2917,0,0,0.47073662281036377
lraa,1676,norm_only,1621,1141,1,1,0.5822535157203674
lraa,1676,norm_only,1622,882,1,1,0.5688949227333069
lraa,1676,norm_only,1623,316,1,1,0.5822535157203674
lraa,1676,norm_only,1624,393,1,1,0.5602526664733887
lraa,1676,norm_only,1625,1850,1,0,0.48535576462745667
lraa,1676,norm_only,1626,2923,0,0,0.47073662281036377
lraa,1676,norm_only,1627,416,1,1,0.5457699298858643
lraa,1676,norm_only,1628,1440,1,1,0.5650587677955627
lraa,1676,norm_only,1629,2651,1,1,0.5107405185699463
lraa,1676,norm_only,1630,1218,1,1,0.543832540512085
lraa,1676,norm_only,1631,410,1,1,0.5146442651748657
lraa,1676,norm_only,1632,2925,1,0,0.4931644797325134
lraa,1676,norm_only,1633,1242,1,1,0.5428633093833923
lraa,1676,norm_only,1634,1035,1,1,0.5879430770874023
lraa,1676,norm_only,1635,2659,1,1,0.562176525592804
lraa,1676,norm_only,1636,72,1,1,0.5409238338470459
lraa,1676,norm_only,1637,2338,1,1,0.5525397062301636
lraa,1676,norm_only,1638,2359,0,0,0.4339814782142639
lraa,1676,norm_only,1639,1906,0,0,0.4263215959072113
lraa,1676,norm_only,1640,663,1,1,0.5573635101318359
lraa,1676,norm_only,1641,846,1,1,0.5496405959129333
lraa,1676,norm_only,1642,1537,0,0,0.4863315522670746
lraa,1676,norm_only,1643,2890,1,1,0.5486735105514526
lraa,1676,norm_only,1644,1064,0,0,0.4407099783420563
lraa,1676,norm_only,1645,39,1,1,0.5736784338951111
lraa,1676,norm_only,1646,397,1,1,0.543832540512085
lraa,1676,norm_only,1647,833,1,1,0.6020615696907043
lraa,1676,norm_only,1648,2747,0,0,0.43206340074539185
lraa,1676,norm_only,1649,1071,1,0,0.47852882742881775
lraa,1676,norm_only,1650,1781,0,0,0.45132651925086975
lraa,1676,norm_only,1651,485,1,1,0.5399537086486816
lraa,1676,norm_only,1652,1445,0,0,0.45519861578941345
lraa,1676,norm_only,1653,11,0,0,0.4139508903026581
lraa,1676,norm_only,1654,2935,0,0,0.4639299511909485
lraa,1676,norm_only,1655,445,1,1,0.5573635101318359
lraa,1676,norm_only,1656,2624,0,0,0.4484263062477112
lraa,1676,norm_only,1657,2399,1,1,0.5544704794883728
lraa,1676,norm_only,1658,2466,1,1,0.5515737533569336
lraa,1676,norm_only,1659,1155,0,0,0.37662312388420105
lraa,1676,norm_only,1660,500,1,1,0.531209409236908
lraa,1676,norm_only,1661,1521,1,1,0.5253688097000122
lraa,1676,norm_only,1662,903,1,1,0.5253688097000122
lraa,1676,norm_only,1663,722,1,1,0.561214804649353
lraa,1676,norm_only,1664,296,1,1,0.5698526501655579
lraa,1676,norm_only,1665,1817,1,1,0.5851011276245117
lraa,1676,norm_only,1666,99,0,1,0.5224458575248718
lraa,1676,norm_only,1667,1888,1,1,0.5389832258224487
lraa,1676,norm_only,1668,2862,0,0,0.4407099783420563
lraa,1676,norm_only,1669,302,0,0,0.45035937428474426
lraa,1676,norm_only,1670,1110,1,1,0.5273165106773376
lraa,1676,norm_only,1671,2521,1,1,0.5803520083427429
lraa,1676,norm_only,1672,531,1,1,0.5717666149139404
lraa,1676,norm_only,1673,2697,0,1,0.5029296278953552
lraa,1676,norm_only,1674,790,0,0,0.4234580099582672
lraa,1676,norm_only,1675,1518,0,0,0.4263215959072113
lraa,1676,norm_only,1676,1036,1,1,0.5399537086486816
lraa,1676,norm_only,1677,2903,1,1,0.561214804649353
lraa,1676,norm_only,1678,690,1,1,0.5803520083427429
lraa,1676,norm_only,1679,812,0,0,0.4532618820667267
lraa,1676,norm_only,1680,2101,1,0,0.47950369119644165
lraa,1676,norm_only,1681,1382,1,1,0.5117166042327881
lraa,1676,norm_only,1682,791,1,1,0.541893720626831
lraa,1676,norm_only,1683,2278,0,0,0.4244120121002197
lraa,1676,norm_only,1684,2704,0,0,0.49609383940696716
lraa,1676,norm_only,1685,2328,0,0,0.4493926465511322
lraa,1676,norm_only,1686,2094,0,0,0.4464946985244751
lraa,1676,norm_only,1687,2729,1,1,0.541893720626831
lraa,1676,norm_only,1688,876,1,1,0.5554351806640625
lraa,1676,norm_only,1689,2677,1,1,0.5496405959129333
lraa,1676,norm_only,1690,790,0,0,0.438785195350647
lraa,1676,norm_only,1691,424,0,0,0.47073662281036377
lraa,1676,norm_only,1692,317,1,0,0.4717099368572235
lraa,1676,norm_only,1693,2229,1,1,0.5370413661003113
lraa,1676,norm_only,1694,2855,1,1,0.5409238338470459
lraa,1676,norm_only,1695,1372,1,1,0.581303060054779
lraa,1676,norm_only,1696,1924,1,1,0.5554351806640625
lraa,1676,norm_only,1697,2358,0,1,0.5087881684303284
lraa,1676,norm_only,1698,1337,0,0,0.4368622899055481
lraa,1676,norm_only,1699,344,1,1,0.541893720626831
lraa,1676,norm_only,1700,2173,1,1,0.5253688097000122
lraa,1676,norm_only,1701,1108,0,0,0.475605309009552
lraa,1676,norm_only,1702,1063,1,1,0.5602526664733887
lraa,1676,norm_only,1703,2695,1,0,0.4522939622402191
lraa,1676,norm_only,1704,61,1,1,0.5273165106773376
lraa,1676,norm_only,1705,2004,1,1,0.5029296278953552
lraa,1676,norm_only,1706,2528,1,0,0.46976351737976074
lraa,1676,norm_only,1707,2832,0,0,0.40450742840766907
lraa,1676,norm_only,1708,1315,0,0,0.49609383940696716
lraa,1676,norm_only,1709,1254,1,1,0.5525397062301636
lraa,1676,norm_only,1710,1570,0,0,0.46976351737976074
lraa,1676,norm_only,1711,578,0,0,0.4746311902999878
lraa,1676,norm_only,1712,2063,0,1,0.5
lraa,1676,norm_only,1713,16,1,1,0.5165954232215881
lraa,1676,norm_only,1714,2246,0,0,0.4873073995113373
lraa,1676,norm_only,1715,2823,0,0,0.4139508903026581
lraa,1676,norm_only,1716,456,1,1,0.6011253595352173
lraa,1676,norm_only,1717,1122,0,0,0.46004629135131836
lraa,1676,norm_only,1718,831,0,0,0.41679665446281433
lraa,1676,norm_only,1719,2156,1,1,0.5506073832511902
lraa,1676,norm_only,1720,1702,1,1,0.590779185295105
lraa,1676,norm_only,1721,314,1,1,0.5350984334945679
lraa,1676,norm_only,1722,195,0,0,0.45035937428474426
lraa,1676,norm_only,1723,1936,1,1,0.5832033753395081
lraa,1676,norm_only,1724,870,1,1,0.5282900333404541
lraa,1676,norm_only,1725,2343,0,1,0.5496405959129333
lraa,1676,norm_only,1726,272,1,1,0.5380124449729919
lraa,1676,norm_only,1727,2251,1,1,0.5602526664733887
lraa,1676,norm_only,1728,2021,1,1,0.531209409236908
lraa,1676,norm_only,1729,1491,1,1,0.581303060054779
lraa,1676,norm_only,1730,283,1,1,0.5097643733024597
lraa,1676,norm_only,1731,2916,1,1,0.5428633093833923
lraa,1676,norm_only,1732,1152,1,0,0.491211861371994
lraa,1676,norm_only,1733,1797,1,1,0.5926666259765625
lraa,1676,norm_only,1734,2496,1,1,0.5486735105514526
lraa,1676,norm_only,1735,1200,0,0,0.4902355968952179
lraa,1676,norm_only,1736,1157,1,1,0.5409238338470459
lraa,1676,norm_only,1737,1561,1,1,0.5698526501655579
lraa,1676,norm_only,1738,513,0,0,0.4407099783420563
lraa,1676,norm_only,1739,6,1,1,0.5457699298858643
lraa,1676,norm_only,1740,2119,1,1,0.5496405959129333
lraa,1676,norm_only,1741,2627,1,1,0.5544704794883728
lraa,1676,norm_only,1742,1615,0,0,0.4951173663139343
lraa,1676,norm_only,1743,1127,1,1,0.6011253595352173
lraa,1676,norm_only,1744,2612,0,0,0.4843800961971283
lraa,1676,norm_only,1745,848,0,0,0.4834045171737671
lraa,1676,norm_only,1746,2654,1,1,0.524394690990448
lraa,1676,norm_only,1747,2683,0,0,0.4561675190925598
lraa,1676,norm_only,1748,430,1,1,0.5370413661003113
lraa,1676,norm_only,1749,592,0,0,0.42919009923934937
lraa,1676,norm_only,1750,1083,0,0,0.4330221712589264
lraa,1676,norm_only,1751,2682,1,1,0.562176525592804
lraa,1676,norm_only,1752,139,0,0,0.42727723717689514
lraa,1676,norm_only,1753,2560,1,1,0.5755879878997803
lraa,1676,norm_only,1754,1581,1,0,0.48535576462745667
lraa,1676,norm_only,1755,884,1,1,0.5486735105514526
lraa,1676,norm_only,1756,1109,1,1,0.5136684775352478
lraa,1676,norm_only,1757,2599,1,1,0.5117166042327881
lraa,1676,norm_only,1758,649,1,1,0.5486735105514526
lraa,1676,norm_only,1759,1355,1,1,0.5515737533569336
lraa,1676,norm_only,1760,1371,1,1,0.5331543684005737
lraa,1676,norm_only,1761,2188,1,1,0.5936092734336853
lraa,1676,norm_only,1762,390,1,0,0.4407099783420563
lraa,1676,norm_only,1763,1590,1,1,0.5898345112800598
lraa,1676,norm_only,1764,1173,1,0,0.47755417227745056
lraa,1676,norm_only,1765,517,1,1,0.5496405959129333
lraa,1676,norm_only,1766,1646,1,1,0.5822535157203674
lraa,1676,norm_only,1767,2664,0,0,0.438785195350647
lraa,1676,norm_only,1768,1703,1,1,0.5068355202674866
lraa,1676,norm_only,1769,2655,1,1,0.5467381477355957
lraa,1676,norm_only,1770,261,1,1,0.5234203934669495
lraa,1676,norm_only,1771,907,1,1,0.5544704794883728
lraa,1676,norm_only,1772,1101,1,1,0.5214711427688599
lraa,1676,norm_only,1773,298,1,1,0.5331543684005737
lraa,1676,norm_only,1774,2854,0,0,0.4639299511909485
lraa,1676,norm_only,1775,2319,0,0,0.41584742069244385
lraa,1676,norm_only,1776,2787,1,1,0.5602526664733887
lraa,1676,norm_only,1777,2019,0,0,0.43206340074539185
lraa,1676,norm_only,1778,2623,0,0,0.42919009923934937
lraa,1676,norm_only,1779,2551,1,1,0.5009765625
lraa,1676,norm_only,1780,1414,1,1,0.5506073832511902
lraa,1676,norm_only,1781,320,0,0,0.4882833957672119
lraa,1676,norm_only,1782,824,1,1,0.5573635101318359
lraa,1676,norm_only,1783,2825,0,0,0.42536652088165283
lraa,1676,norm_only,1784,2223,1,1,0.5350984334945679
lraa,1676,norm_only,1785,841,1,1,0.5717666149139404
lraa,1676,norm_only,1786,1567,1,1,0.5898345112800598
lraa,1676,norm_only,1787,265,1,0,0.4941408932209015
lraa,1676,norm_only,1788,548,0,0,0.47755417227745056
lraa,1676,norm_only,1789,684,0,0,0.41584742069244385
lraa,1676,norm_only,1790,1992,0,0,0.4368622899055481
lraa,1676,norm_only,1791,735,1,1,0.5273165106773376
lraa,1676,norm_only,1792,2118,1,1,0.5583269596099854
lraa,1676,norm_only,1793,872,1,1,0.5822535157203674
lraa,1676,norm_only,1794,689,1,1,0.5214711427688599
lraa,1676,norm_only,1795,1827,0,0,0.4445647895336151
lraa,1676,norm_only,1796,189,0,1,0.5631377100944519
lraa,1676,norm_only,1797,2837,1,1,0.561214804649353
lraa,1676,norm_only,1798,402,1,1,0.5448014140129089
lraa,1676,norm_only,1799,2138,1,1,0.5117166042327881
lraa,1676,norm_only,1800,326,1,1,0.5544704794883728
lraa,1676,norm_only,1801,2200,1,1,0.5515737533569336
lraa,1676,norm_only,1802,1800,1,1,0.6141626238822937
lraa,1676,norm_only,1803,318,1,1,0.5175709128379822
lraa,1676,norm_only,1804,1950,0,0,0.4436004161834717
lraa,1676,norm_only,1805,1975,0,0,0.4436004161834717
lraa,1676,norm_only,1806,65,0,0,0.4407099783420563
lraa,1676,norm_only,1807,2524,1,1,0.5477060079574585
lraa,1676,norm_only,1808,1162,1,1,0.5784481763839722
lraa,1676,norm_only,1809,94,0,0,0.41205692291259766
lraa,1676,norm_only,1810,567,1,1,0.543832540512085
lraa,1676,norm_only,1811,2907,1,1,0.5467381477355957
lraa,1676,norm_only,1812,1838,1,1,0.5879430770874023
lraa,1676,norm_only,1813,2398,0,0,0.45810624957084656
lraa,1676,norm_only,1814,1542,1,1,0.5515737533569336
lraa,1676,norm_only,1815,1883,0,0,0.4196479618549347
lraa,1676,norm_only,1816,2014,1,1,0.5688949227333069
lraa,1676,norm_only,1817,2011,1,1,0.5631377100944519
lraa,1676,norm_only,1818,1353,0,0,0.4814538359642029
lraa,1676,norm_only,1819,640,1,1,0.5486735105514526
lraa,1676,norm_only,1820,1495,1,1,0.5234203934669495
lraa,1676,norm_only,1821,1418,1,0,0.4368622899055481
lraa,1676,norm_only,1822,2675,1,0,0.49218812584877014
lraa,1676,norm_only,1823,1868,1,0,0.4804786741733551
lraa,1676,norm_only,1824,481,0,0,0.4445647895336151
lraa,1676,norm_only,1825,394,1,1,0.5195213556289673
lraa,1676,norm_only,1826,2771,0,0,0.4892594516277313
lraa,1676,norm_only,1827,842,0,1,0.5544704794883728
lraa,1676,norm_only,1828,489,1,1,0.5448014140129089
lraa,1676,norm_only,1829,1999,1,1,0.5525397062301636
lraa,1676,norm_only,1830,1245,1,1,0.581303060054779
lraa,1676,norm_only,1831,187,0,0,0.43014732003211975
lraa,1676,norm_only,1832,1126,1,1,0.5457699298858643
lraa,1676,norm_only,1833,1416,1,1,0.5195213556289673
lraa,1676,norm_only,1834,2203,1,1,0.5380124449729919
lraa,1676,norm_only,1835,2207,1,1,0.5428633093833923
lraa,1676,norm_only,1836,1939,0,0,0.49609383940696716
lraa,1676,norm_only,1837,1852,1,1,0.5380124449729919
lraa,1676,norm_only,1838,1020,1,1,0.5175709128379822
lraa,1676,norm_only,1839,2543,0,0,0.4368622899055481
lraa,1676,norm_only,1840,398,1,1,0.5583269596099854
lraa,1676,norm_only,1841,213,0,0,0.47268345952033997
lraa,1676,norm_only,1842,2213,1,0,0.42727723717689514
lraa,1676,norm_only,1843,777,1,1,0.5224458575248718
lraa,1676,norm_only,1844,2691,1,1,0.5535053014755249
lraa,1676,norm_only,1845,2804,1,1,0.5535053014755249
lraa,1676,norm_only,1846,1663,0,0,0.45132651925086975
lraa,1676,norm_only,1847,1300,1,1,0.5175709128379822
lraa,1676,norm_only,1848,268,1,1,0.5506073832511902
lraa,1676,norm_only,1849,1292,0,0,0.4311051368713379
lraa,1676,norm_only,1850,961,0,1,0.5755879878997803
lraa,1676,norm_only,1851,2663,1,1,0.5165954232215881
lraa,1676,norm_only,1852,681,1,1,0.5765419602394104
lraa,1676,norm_only,1853,242,0,0,0.4532618820667267
lraa,1676,norm_only,1854,2476,0,1,0.5679365992546082
lraa,1676,norm_only,1855,1915,1,1,0.524394690990448
lraa,1676,norm_only,1856,630,0,0,0.47268345952033997
lraa,1676,norm_only,1857,2899,1,1,0.5496405959129333
lraa,1676,norm_only,1858,1290,0,0,0.4339814782142639
lraa,1676,norm_only,1859,2608,0,0,0.4561675190925598
lraa,1676,norm_only,1860,2805,1,1,0.5389832258224487
lraa,1676,norm_only,1861,270,0,0,0.46101680397987366
lraa,1676,norm_only,1862,2634,0,0,0.4990234673023224
lraa,1676,norm_only,1863,2827,1,0,0.43014732003211975
lraa,1676,norm_only,1864,674,1,1,0.5535053014755249
lraa,1676,norm_only,1865,1884,1,1,0.5496405959129333
lraa,1676,norm_only,1866,1380,0,0,0.43206340074539185
lraa,1676,norm_only,1867,1498,1,1,0.5544704794883728
lraa,1676,norm_only,1868,2889,1,1,0.5860491394996643
lraa,1676,norm_only,1869,1291,1,1,0.5156199336051941
lraa,1676,norm_only,1870,2515,0,0,0.4590761363506317
lraa,1676,norm_only,1871,828,1,0,0.4736572504043579
lraa,1676,norm_only,1872,1210,1,0,0.46587347984313965
lraa,1676,norm_only,1873,15,1,1,0.5068355202674866
lraa,1676,norm_only,1874,2222,1,1,0.5496405959129333
lraa,1676,norm_only,1875,2154,0,0,0.4736572504043579
lraa,1676,norm_only,1876,2773,0,1,0.5078118443489075
lraa,1676,norm_only,1877,576,1,1,0.532181978225708
lraa,1676,norm_only,1878,228,1,1,0.531209409236908
lraa,1676,norm_only,1879,2894,1,0,0.4931644797325134
lraa,1676,norm_only,1880,1486,1,1,0.5302364826202393
lraa,1676,norm_only,1881,878,0,0,0.42919009923934937
lraa,1676,norm_only,1882,1574,0,0,0.4493926465511322
lraa,1676,norm_only,1883,964,0,0,0.4834045171737671
lraa,1676,norm_only,1884,1006,1,1,0.5428633093833923
lraa,1676,norm_only,1885,2826,1,1,0.5717666149139404
lraa,1676,norm_only,1886,1890,0,0,0.40450742840766907
lraa,1676,norm_only,1887,2687,1,1,0.5563995838165283
lraa,1676,norm_only,1888,608,1,0,0.4882833957672119
lraa,1676,norm_only,1889,1246,1,1,0.5486735105514526
lraa,1676,norm_only,1890,779,1,1,0.5496405959129333
lraa,1676,norm_only,1891,1912,0,0,0.4359015226364136
lraa,1676,norm_only,1892,449,1,1,0.5234203934669495
lraa,1676,norm_only,1893,1431,0,1,0.5029296278953552
lraa,1676,norm_only,1894,395,1,0,0.46587347984313965
lraa,1676,norm_only,1895,1149,0,0,0.4561675190925598
lraa,1676,norm_only,1896,346,1,1,0.5234203934669495
lraa,1676,norm_only,1897,893,1,1,0.532181978225708
lraa,1676,norm_only,1898,1630,1,1,0.5486735105514526
lraa,1676,norm_only,1899,749,0,0,0.4951173663139343
lraa,1676,norm_only,1900,1338,0,0,0.4678179919719696
lraa,1676,norm_only,1901,1945,1,1,0.5679365992546082
lraa,1676,norm_only,1902,1209,0,0,0.4407099783420563
lraa,1676,norm_only,1903,2830,1,0,0.4951173663139343
lraa,1676,norm_only,1904,2740,0,0,0.46198752522468567
lraa,1676,norm_only,1905,303,0,0,0.4368622899055481
lraa,1676,norm_only,1906,289,1,1,0.5727227926254272
lraa,1676,norm_only,1907,1111,0,0,0.438785195350647
lraa,1676,norm_only,1908,738,1,1,0.5746335387229919
lraa,1676,norm_only,1909,1415,1,1,0.5389832258224487
lraa,1676,norm_only,1910,2519,0,0,0.4590761363506317
lraa,1676,norm_only,1911,2709,0,0,0.4359015226364136
lraa,1676,norm_only,1912,734,1,1,0.5389832258224487
lraa,1676,norm_only,1913,2744,1,1,0.5525397062301636
lraa,1676,norm_only,1914,2422,0,0,0.4765796661376953
lraa,1676,norm_only,1915,2817,1,1,0.5688949227333069
lraa,1676,norm_only,1916,159,0,0,0.4843800961971283
lraa,1676,norm_only,1917,286,1,1,0.5039061903953552
lraa,1676,norm_only,1918,2205,1,1,0.5851011276245117
lraa,1676,norm_only,1919,1530,1,1,0.5602526664733887
lraa,1676,norm_only,1920,98,1,1,0.5515737533569336
lraa,1676,norm_only,1921,964,1,1,0.541893720626831
lraa,1676,norm_only,1922,361,1,1,0.5195213556289673
lraa,1676,norm_only,1923,1579,1,0,0.46587347984313965
lraa,1676,norm_only,1924,2484,0,0,0.4863315522670746
lraa,1676,norm_only,1925,342,0,0,0.47073662281036377
lraa,1676,norm_only,1926,2761,1,1,0.6029970645904541
lraa,1676,norm_only,1927,357,1,1,0.5341265201568604
lraa,1676,norm_only,1928,2005,1,1,0.5448014140129089
lraa,1676,norm_only,1929,1406,1,1,0.5409238338470459
lraa,1676,norm_only,1930,2710,1,1,0.5457699298858643
lraa,1676,norm_only,1931,1143,0,0,0.4263215959072113
lraa,1676,norm_only,1932,691,0,0,0.4101654887199402
lraa,1676,norm_only,1933,240,1,1,0.5544704794883728
lraa,1676,norm_only,1934,254,1,1,0.5936092734336853
lraa,1676,norm_only,1935,1169,1,1,0.5926666259765625
lraa,1676,norm_only,1936,1997,1,1,0.5380124449729919
lraa,1676,norm_only,1937,395,0,0,0.46101680397987366
lraa,1676,norm_only,1938,2929,0,0,0.45423004031181335
lraa,1676,norm_only,1939,1577,0,0,0.44601204991340637
lraa,1676,norm_only,1940,2732,0,0,0.41869691014289856
lraa,1676,norm_only,1941,87,1,1,0.5195213556289673
lraa,1676,norm_only,1942,2279,0,0,0.42823338508605957
lraa,1676,norm_only,1943,1470,1,1,0.5341265201568604
lraa,1676,norm_only,1944,21,0,0,0.44167301058769226
lraa,1676,norm_only,1945,1998,0,0,0.4522939622402191
lraa,1676,norm_only,1946,1224,0,0,0.4522939622402191
lraa,1676,norm_only,1947,2678,1,0,0.4882833957672119
lraa,1676,norm_only,1948,2318,0,0,0.4824291169643402
lraa,1676,norm_only,1949,672,0,1,0.561214804649353
lraa,1676,norm_only,1950,1893,0,0,0.4493926465511322
lraa,1676,norm_only,1951,787,1,0,0.4765796661376953
lraa,1676,norm_only,1952,1710,1,0,0.47268345952033997
lraa,1676,norm_only,1953,1229,0,0,0.42823338508605957
lraa,1676,norm_only,1954,2524,1,1,0.5688949227333069
lraa,1676,norm_only,1955,278,0,0,0.4368622899055481
lraa,1676,norm_only,1956,673,0,0,0.4244120121002197
lraa,1676,norm_only,1957,2122,0,0,0.4746311902999878
lraa,1676,norm_only,1958,1368,1,1,0.5341265201568604
lraa,1676,norm_only,1959,2070,0,0,0.4561675190925598
lraa,1676,norm_only,1960,1243,1,1,0.5360700488090515
lraa,1676,norm_only,1961,2056,0,0,0.4464946985244751
lraa,1676,norm_only,1962,717,1,0,0.491211861371994
lraa,1676,norm_only,1963,1538,1,1,0.5253688097000122
lraa,1676,norm_only,1964,2044,1,1,0.5822535157203674
lraa,1676,norm_only,1965,1632,0,0,0.49218812584877014
lraa,1676,norm_only,1966,1080,1,1,0.5087881684303284
lraa,1676,norm_only,1967,2155,1,0,0.46295860409736633
lraa,1676,norm_only,1968,1004,0,1,0.5746335387229919
lraa,1676,norm_only,1969,2351,1,1,0.5698526501655579
lraa,1676,norm_only,1970,714,0,0,0.42823338508605957
lraa,1676,norm_only,1971,400,0,1,0.5068355202674866
lraa,1676,norm_only,1972,1260,1,1,0.596433162689209
lraa,1676,norm_only,1973,2458,0,0,0.43206340074539185
lraa,1676,norm_only,1974,1960,1,1,0.5428633093833923
lraa,1676,norm_only,1975,1140,1,0,0.4931644797325134
lraa,1676,norm_only,1976,1056,0,0,0.42155182361602783
lraa,1676,norm_only,1977,2423,1,1,0.501953125
lraa,1676,norm_only,1978,1120,1,1,0.5457699298858643
lraa,1676,norm_only,1979,188,1,1,0.5736784338951111
lraa,1676,norm_only,1980,1388,0,0,0.438785195350647
lraa,1676,norm_only,1981,1164,0,0,0.4639299511909485
lraa,1676,norm_only,1982,806,1,1,0.562176525592804
lraa,1676,norm_only,1983,2190,1,1,0.5563995838165283
lraa,1676,norm_only,1984,2074,1,0,0.4814538359642029
lraa,1676,norm_only,1985,487,0,0,0.4522939622402191
lraa,1676,norm_only,1986,199,0,0,0.4717099368572235
lraa,1676,norm_only,1987,2234,1,1,0.5341265201568604
lraa,1676,norm_only,1988,1093,1,0,0.498046875
lraa,1676,norm_only,1989,2324,1,1,0.5765419602394104
lraa,1676,norm_only,1990,1175,0,0,0.4263215959072113
lraa,1676,norm_only,1991,659,1,1,0.6039317846298218
lraa,1676,norm_only,1992,1948,0,0,0.4263215959072113
lraa,1676,norm_only,1993,2209,1,1,0.5926666259765625
lraa,1676,norm_only,1994,1605,1,1,0.5428633093833923
lraa,1676,norm_only,1995,2749,0,0,0.4445647895336151
lraa,1676,norm_only,1996,1493,1,1,0.5370413661003113
lraa,1676,norm_only,1997,1165,0,0,0.45132651925086975
lraa,1676,norm_only,1998,1622,1,1,0.5535053014755249
lraa,1676,norm_only,1999,2028,0,0,0.4882833957672119
lraa,1676,norm_only,2000,62,0,0,0.47755417227745056
lraa,1676,norm_only,2001,871,1,1,0.5234203934669495
lraa,1676,norm_only,2002,632,1,1,0.5457699298858643
lraa,1676,norm_only,2003,372,1,1,0.5983121991157532
lraa,1676,norm_only,2004,2308,0,0,0.4687906503677368
lraa,1676,norm_only,2005,1791,1,1,0.5525397062301636
lraa,1676,norm_only,2006,599,1,1,0.5736784338951111
lraa,1676,norm_only,2007,2815,1,1,0.5554351806640625
lraa,1676,norm_only,2008,2701,0,0,0.43974730372428894
lraa,1676,norm_only,2009,238,1,1,0.5331543684005737
lraa,1676,norm_only,2010,1008,0,0,0.44167301058769226
lraa,1676,norm_only,2011,2151,1,1,0.5457699298858643
lraa,1676,norm_only,2012,894,1,1,0.5879430770874023
lraa,1676,norm_only,2013,1535,1,1,0.5496405959129333
lraa,1676,norm_only,2014,2305,1,1,0.5078118443489075
lraa,1676,norm_only,2015,1848,0,0,0.47852882742881775
lraa,1676,norm_only,2016,963,1,1,0.5380124449729919
lraa,1676,norm_only,2017,2772,1,1,0.5409238338470459
lraa,1676,norm_only,2018,1275,1,1,0.5869964361190796
lraa,1676,norm_only,2019,190,1,1,0.5506073832511902
lraa,1676,norm_only,2020,1961,1,1,0.5515737533569336
lraa,1676,norm_only,2021,719,0,0,0.42919009923934937
lraa,1676,norm_only,2022,1895,0,0,0.41584742069244385
lraa,1676,norm_only,2023,2491,0,0,0.4678179919719696
lraa,1676,norm_only,2024,1334,0,0,0.4678179919719696
lraa,1676,norm_only,2025,1011,1,1,0.5496405959129333
lraa,1676,norm_only,2026,2743,0,0,0.39981165528297424
lraa,1676,norm_only,2027,205,1,1,0.5841525197029114
lraa,1676,norm_only,2028,1891,1,1,0.5428633093833923
lraa,1676,norm_only,2029,2272,1,1,0.5573635101318359
lraa,1676,norm_only,2030,255,1,1,0.5165954232215881
lraa,1676,norm_only,2031,1830,1,1,0.5477060079574585
lraa,1676,norm_only,2032,120,0,0,0.41111084818840027
lraa,1676,norm_only,2033,2312,1,1,0.5936092734336853
lraa,1676,norm_only,2034,1634,1,1,0.5477060079574585
lraa,1676,norm_only,2035,590,1,1,0.6067315340042114
lraa,1676,norm_only,2036,2786,1,1,0.541893720626831
lraa,1676,norm_only,2037,2116,1,1,0.5399537086486816
lraa,1676,norm_only,2038,1481,1,0,0.4263215959072113
lraa,1676,norm_only,2039,1119,1,1,0.5496405959129333
lraa,1676,norm_only,2040,671,1,1,0.5803520083427429
lraa,1676,norm_only,2041,2749,0,0,0.43782350420951843
lraa,1676,norm_only,2042,1864,1,1,0.5029296278953552
lraa,1676,norm_only,2043,600,0,0,0.4130035638809204
lraa,1676,norm_only,2044,169,1,1,0.5360700488090515
lraa,1676,norm_only,2045,1115,0,0,0.4205996096134186
lraa,1676,norm_only,2046,2737,1,1,0.5380124449729919
lraa,1676,norm_only,2047,2813,1,1,0.5341265201568604
lraa,1676,norm_only,2048,601,1,1,0.5660185217857361
lraa,1676,norm_only,2049,104,1,1,0.5399537086486816
lraa,1676,norm_only,2050,2887,0,0,0.4668456017971039
lraa,1676,norm_only,2051,1606,1,1,0.5688949227333069
lraa,1676,norm_only,2052,645,0,0,0.4873073995113373
lraa,1676,norm_only,2053,117,1,1,0.562176525592804
lraa,1676,norm_only,2054,1171,1,1,0.5803520083427429
lraa,1676,norm_only,2055,1529,1,1,0.5448014140129089
lraa,1676,norm_only,2056,927,0,0,0.42919009923934937
lraa,1676,norm_only,2057,471,1,1,0.581303060054779
lraa,1676,norm_only,2058,1248,1,0,0.4931644797325134
lraa,1676,norm_only,2059,680,0,0,0.43782350420951843
lraa,1676,norm_only,2060,1196,0,0,0.47950369119644165
lraa,1676,norm_only,2061,1751,0,0,0.4863315522670746
lraa,1676,norm_only,2062,2727,1,1,0.5602526664733887
lraa,1676,norm_only,2063,2362,0,0,0.4882833957672119
lraa,1676,norm_only,2064,1591,1,1,0.5331543684005737
lraa,1676,norm_only,2065,2002,1,1,0.5273165106773376
lraa,1676,norm_only,2066,531,1,1,0.5592900514602661
lraa,1676,norm_only,2067,167,1,1,0.5273165106773376
lraa,1676,norm_only,2068,1719,1,0,0.46101680397987366
lraa,1676,norm_only,2069,2814,0,0,0.44167301058769226
lraa,1676,norm_only,2070,53,1,1,0.5926666259765625
lraa,1676,norm_only,2071,2283,0,0,0.4035668969154358
lraa,1676,norm_only,2072,2474,0,0,0.42250463366508484
lraa,1676,norm_only,2073,2490,0,1,0.5097643733024597
lraa,1676,norm_only,2074,2302,1,1,0.5039061903953552
lraa,1676,norm_only,2075,478,0,0,0.43014732003211975
lraa,1676,norm_only,2076,2402,1,0,0.4882833957672119
lraa,1676,norm_only,2077,1447,0,1,0.5679365992546082
lraa,1676,norm_only,2078,2412,1,1,0.5640984773635864
lraa,1676,norm_only,2079,1786,1,0,0.475605309009552
lraa,1676,norm_only,2080,2463,1,0,0.49609383940696716
lraa,1676,norm_only,2081,41,1,1,0.6095241904258728
lraa,1676,norm_only,2082,2669,1,0,0.4687906503677368
lraa,1676,norm_only,2083,2046,0,0,0.4824291169643402
lraa,1676,norm_only,2084,832,1,1,0.5477060079574585
lraa,1676,norm_only,2085,607,0,0,0.41205692291259766
lraa,1676,norm_only,2086,2295,0,0,0.42727723717689514
lraa,1676,norm_only,2087,88,0,0,0.4368622899055481
lraa,1676,norm_only,2088,2517,0,0,0.4474602937698364
lraa,1676,norm_only,2089,2509,1,1,0.5486735105514526
lraa,1676,norm_only,2090,1306,0,1,0.5107405185699463
lraa,1676,norm_only,2091,2075,1,1,0.5554351806640625
lraa,1676,norm_only,2092,967,1,1,0.5273165106773376
lraa,1676,norm_only,2093,2363,0,1,0.5755879878997803
lraa,1676,norm_only,2094,152,1,1,0.5554351806640625
lraa,1676,norm_only,2095,10,0,0,0.4205996096134186
lraa,1676,norm_only,2096,1619,1,1,0.5380124449729919
lraa,1676,norm_only,2097,1541,1,1,0.5409238338470459
lraa,1676,norm_only,2098,1749,1,1,0.5380124449729919
lraa,1676,norm_only,2099,2797,1,1,0.5263427495956421
lraa,1676,norm_only,2100,2841,1,1,0.5573635101318359
lraa,1676,norm_only,2101,1562,1,1,0.5736784338951111
lraa,1676,norm_only,2102,829,0,0,0.4668456017971039
lraa,1676,norm_only,2103,1734,0,1,0.5428633093833923
lraa,1676,norm_only,2104,1725,1,0,0.49609383940696716
lraa,1676,norm_only,2105,1961,1,1,0.5496405959129333
lraa,1676,norm_only,2106,2469,1,1,0.5117166042327881
lraa,1676,norm_only,2107,2468,0,0,0.39513421058654785
lraa,1676,norm_only,2108,875,0,0,0.44263648986816406
lraa,1676,norm_only,2109,1910,1,1,0.5602526664733887
lraa,1676,norm_only,2110,730,1,1,0.562176525592804
lraa,1676,norm_only,2111,231,1,1,0.532181978225708
lraa,1676,norm_only,2112,1808,0,1,0.5097643733024597
lraa,1676,norm_only,2113,849,1,1,0.5973730087280273
lraa,1676,norm_only,2114,1793,0,0,0.4532618820667267
lraa,1676,norm_only,2115,2165,0,0,0.4863315522670746
lraa,1676,norm_only,2116,2657,1,1,0.5784481763839722
lraa,1676,norm_only,2117,1271,1,1,0.5195213556289673
lraa,1676,norm_only,2118,276,1,1,0.5708098411560059
lraa,1676,norm_only,2119,2881,0,0,0.47852882742881775
lraa,1676,norm_only,2120,1142,0,0,0.41205692291259766
lraa,1676,norm_only,2121,2303,1,1,0.5583269596099854
lraa,1676,norm_only,2122,2452,1,1,0.5399537086486816
lraa,1676,norm_only,2123,782,0,0,0.4951173663139343
lraa,1676,norm_only,2124,574,1,1,0.5389832258224487
lraa,1676,norm_only,2125,546,1,1,0.5535053014755249
lraa,1676,norm_only,2126,970,1,0,0.4902355968952179
lraa,1676,norm_only,2127,2650,0,0,0.39981165528297424
lraa,1676,norm_only,2128,74,1,1,0.6029970645904541
lraa,1676,norm_only,2129,103,1,1,0.5717666149139404
lraa,1676,norm_only,2130,2728,0,0,0.4687906503677368
lraa,1676,norm_only,2131,1911,0,0,0.45035937428474426
lraa,1676,norm_only,2132,2293,1,1,0.5717666149139404
lraa,1676,norm_only,2133,2559,1,1,0.5370413661003113
lraa,1676,norm_only,2134,234,1,1,0.532181978225708
lraa,1676,norm_only,2135,2572,1,1,0.5860491394996643
lraa,1676,norm_only,2136,83,0,0,0.46976351737976074
lraa,1676,norm_only,2137,861,1,1,0.541893720626831
lraa,1676,norm_only,2138,333,0,0,0.45423004031181335
lraa,1676,norm_only,2139,1444,1,1,0.5554351806640625
lraa,1676,norm_only,2140,2032,1,1,0.5746335387229919
lraa,1676,norm_only,2141,1992,0,0,0.4484263062477112
lraa,1676,norm_only,2142,2455,1,1,0.562176525592804
lraa,1676,norm_only,2143,627,0,0,0.4407099783420563
lraa,1676,norm_only,2144,2824,0,0,0.4736572504043579
lraa,1676,norm_only,2145,2452,1,1,0.5486735105514526
lraa,1676,norm_only,2146,930,0,0,0.46198752522468567
lraa,1676,norm_only,2147,1335,0,0,0.4464946985244751
lraa,1676,norm_only,2148,1595,1,1,0.5669777989387512
lraa,1676,norm_only,2149,2158,0,1,0.5506073832511902
lraa,1676,norm_only,2150,1117,0,0,0.4746311902999878
lraa,1676,norm_only,2151,748,1,0,0.4455295503139496
lraa,1676,norm_only,2152,17,1,1,0.5263427495956421
lraa,1676,norm_only,2153,29,1,1,0.5273165106773376
lraa,1676,norm_only,2154,1202,1,1,0.5350984334945679
lraa,1676,norm_only,2155,1823,0,0,0.4590761363506317
lraa,1676,norm_only,2156,733,1,1,0.5273165106773376
lraa,1676,norm_only,2157,553,0,0,0.4244120121002197
lraa,1676,norm_only,2158,726,1,0,0.4902355968952179
lraa,1676,norm_only,2159,2435,1,1,0.5370413661003113
lraa,1676,norm_only,2160,2488,0,0,0.498046875
lraa,1676,norm_only,2161,2549,0,0,0.43206340074539185
lraa,1676,norm_only,2162,318,1,1,0.5389832258224487
lraa,1676,norm_only,2163,515,1,1,0.5506073832511902
lraa,1676,norm_only,2164,2176,0,0,0.4359015226364136
lraa,1676,norm_only,2165,2681,1,1,0.5175709128379822
lraa,1676,norm_only,2166,1583,1,1,0.541893720626831
lraa,1676,norm_only,2167,389,0,0,0.4522939622402191
lraa,1676,norm_only,2168,446,0,0,0.4834045171737671
lraa,1676,norm_only,2169,1908,0,0,0.42727723717689514
lraa,1676,norm_only,2170,1195,0,0,0.4687906503677368
lraa,1676,norm_only,2171,2107,0,1,0.5068355202674866
lraa,1676,norm_only,2172,1700,1,1,0.5370413661003113
lraa,1676,norm_only,2173,286,0,0,0.4035668969154358
lraa,1676,norm_only,2174,1148,0,0,0.475605309009552
lraa,1676,norm_only,2175,1153,0,0,0.4445647895336151
lraa,1676,norm_only,2176,2375,0,0,0.4474602937698364
lraa,1676,norm_only,2177,590,1,1,0.6057990789413452
lraa,1676,norm_only,2178,1225,0,0,0.43974730372428894
lraa,1676,norm_only,2179,2725,0,0,0.44167301058769226
lraa,1676,norm_only,2180,440,1,1,0.5708098411560059
lraa,1676,norm_only,2181,1188,1,1,0.5803520083427429
lraa,1676,norm_only,2182,392,1,1,0.5688949227333069
lraa,1676,norm_only,2183,479,0,0,0.4814538359642029
lraa,1676,norm_only,2184,1907,0,1,0.5009765625
lraa,1676,norm_only,2185,1197,1,0,0.49218812584877014
lraa,1676,norm_only,2186,1157,1,1,0.5486735105514526
lraa,1676,norm_only,2187,1592,1,1,0.5583269596099854
lraa,1676,norm_only,2188,1014,1,1,0.590779185295105
lraa,1676,norm_only,2189,885,1,1,0.5428633093833923
lraa,1676,norm_only,2190,936,1,1,0.581303060054779
lraa,1676,norm_only,2191,1323,0,0,0.4474602937698364
lraa,1676,norm_only,2192,1450,1,1,0.5515737533569336
lraa,1676,norm_only,2193,1618,1,1,0.5292633771896362
lraa,1676,norm_only,2194,2394,1,1,0.5736784338951111
lraa,1676,norm_only,2195,2636,0,0,0.4824291169643402
lraa,1676,norm_only,2196,2105,1,1,0.5879430770874023
lraa,1676,norm_only,2197,1810,0,0,0.46295860409736633
lraa,1676,norm_only,2198,1434,1,1,0.5583269596099854
lraa,1676,norm_only,2199,774,0,0,0.41679665446281433
lraa,1676,norm_only,2200,909,1,1,0.5583269596099854
lraa,1676,norm_only,2201,977,1,1,0.5945512652397156
lraa,1676,norm_only,2202,1386,0,0,0.47268345952033997
lraa,1676,norm_only,2203,2567,1,1,0.5224458575248718
lraa,1676,norm_only,2204,365,0,0,0.43014732003211975
lraa,1676,norm_only,2205,1332,0,0,0.45423004031181335
lraa,1676,norm_only,2206,2220,1,1,0.5477060079574585
lraa,1676,norm_only,2207,1189,1,1,0.5302364826202393
lraa,1676,norm_only,2208,329,0,0,0.4970703423023224
lraa,1676,norm_only,2209,1828,1,1,0.5631377100944519
lraa,1676,norm_only,2210,1995,0,1,0.5048826336860657
lraa,1676,norm_only,2211,427,1,1,0.5765419602394104
lraa,1676,norm_only,2212,606,1,1,0.5360700488090515
lraa,1676,norm_only,2213,965,1,1,0.5765419602394104
lraa,1676,norm_only,2214,2596,0,0,0.46490156650543213
lraa,1676,norm_only,2215,976,1,1,0.5467381477355957
lraa,1676,norm_only,2216,2778,0,0,0.4902355968952179
lraa,1676,norm_only,2217,323,0,0,0.4687906503677368
lraa,1676,norm_only,2218,106,1,1,0.5554351806640625
lraa,1676,norm_only,2219,2605,0,0,0.45810624957084656
lraa,1676,norm_only,2220,169,1,1,0.5640984773635864
lraa,1676,norm_only,2221,1452,0,0,0.4843800961971283
lraa,1676,norm_only,2222,1232,1,1,0.581303060054779
lraa,1676,norm_only,2223,2780,0,0,0.4951173663139343
lraa,1676,norm_only,2224,64,1,1,0.5926666259765625
lraa,1676,norm_only,2225,2546,1,1,0.561214804649353
lraa,1676,norm_only,2226,2332,1,1,0.5650587677955627
lraa,1676,norm_only,2227,566,0,0,0.46295860409736633
lraa,1676,norm_only,2228,2594,1,1,0.5669777989387512
lraa,1676,norm_only,2229,527,1,1,0.5370413661003113
lraa,1676,norm_only,2230,589,1,1,0.5765419602394104
lraa,1676,norm_only,2231,2670,0,0,0.42919009923934937
lraa,1676,norm_only,2232,1294,0,1,0.5717666149139404
lraa,1676,norm_only,2233,1996,0,0,0.4590761363506317
lraa,1676,norm_only,2234,765,1,1,0.5525397062301636
lraa,1676,norm_only,2235,212,0,0,0.4493926465511322
lraa,1676,norm_only,2236,2617,0,0,0.46490156650543213
lraa,1676,norm_only,2237,1158,1,1,0.5727227926254272
lraa,1676,norm_only,2238,1586,1,1,0.5
lraa,1676,norm_only,2239,1765,1,1,0.5698526501655579
lraa,1676,norm_only,2240,2150,0,0,0.4311051368713379
lraa,1676,norm_only,2241,453,1,1,0.5515737533569336
lraa,1676,norm_only,2242,2249,0,0,0.40450742840766907
lraa,1676,norm_only,2243,2769,1,1,0.5331543684005737
lraa,1676,norm_only,2244,709,1,1,0.5525397062301636
lraa,1676,norm_only,2245,2554,0,0,0.43014732003211975
lraa,1676,norm_only,2246,17,1,1,0.5156199336051941
lraa,1676,norm_only,2247,2238,1,1,0.5380124449729919
lraa,1676,norm_only,2248,397,1,1,0.5448014140129089
lraa,1676,norm_only,2249,2865,1,1,0.5832033753395081
lraa,1676,norm_only,2250,1954,1,1,0.5302364826202393
lraa,1676,norm_only,2251,1610,0,0,0.45132651925086975
lraa,1676,norm_only,2252,56,1,1,0.5746335387229919
lraa,1676,norm_only,2253,585,1,1,0.5224458575248718
lraa,1676,norm_only,2254,1982,1,1,0.5389832258224487
lraa,1676,norm_only,2255,1099,1,1,0.5457699298858643
lraa,1676,norm_only,2256,1071,1,0,0.49218812584877014
lraa,1676,norm_only,2257,1989,1,1,0.5467381477355957
lraa,1676,norm_only,2258,1773,0,0,0.4474602937698364
lraa,1676,norm_only,2259,773,1,1,0.5253688097000122
lraa,1676,norm_only,2260,996,1,1,0.5602526664733887
lraa,1676,norm_only,2261,1818,0,0,0.39981165528297424
lraa,1676,norm_only,2262,752,0,0,0.4464946985244751
lraa,1676,norm_only,2263,2258,1,1,0.5224458575248718
lraa,1676,norm_only,2264,367,0,0,0.4007493853569031
lraa,1676,norm_only,2265,826,0,0,0.41774648427963257
lraa,1676,norm_only,2266,580,1,1,0.5214711427688599
lraa,1676,norm_only,2267,1741,0,0,0.4359015226364136
lraa,1676,norm_only,2268,2353,1,1,0.5535053014755249
lraa,1676,norm_only,2269,2123,1,1,0.5282900333404541
lraa,1676,norm_only,2270,1788,1,1,0.5234203934669495
lraa,1676,norm_only,2271,2539,1,1,0.532181978225708
lraa,1676,norm_only,2272,604,0,0,0.44263648986816406
lraa,1676,norm_only,2273,1028,0,0,0.4824291169643402
lraa,1676,norm_only,2274,2853,1,1,0.5360700488090515
lraa,1676,norm_only,2275,1073,0,0,0.46490156650543213
lraa,1676,norm_only,2276,2550,0,0,0.4196479618549347
lraa,1676,norm_only,2277,173,0,0,0.4445647895336151
lraa,1676,norm_only,2278,2591,1,1,0.5302364826202393
lraa,1676,norm_only,2279,1554,1,0,0.4561675190925598
lraa,1676,norm_only,2280,40,0,0,0.4522939622402191
lraa,1676,norm_only,2281,1715,0,0,0.47950369119644165
lraa,1676,norm_only,2282,1438,0,0,0.3904758393764496
lraa,1676,norm_only,2283,2373,0,0,0.4561675190925598
lraa,1676,norm_only,2284,424,1,1,0.5117166042327881
lraa,1676,norm_only,2285,2138,1,1,0.5370413661003113
lraa,1676,norm_only,2286,1820,1,1,0.5515737533569336
lraa,1676,norm_only,2287,2483,1,0,0.4843800961971283
lraa,1676,norm_only,2288,1477,0,0,0.47073662281036377
lraa,1676,norm_only,2289,631,0,0,0.46976351737976074
lraa,1676,norm_only,2290,298,1,1,0.5428633093833923
lraa,1676,norm_only,2291,2369,0,0,0.4892594516277313
lraa,1676,norm_only,2292,14,1,1,0.5917232036590576
lraa,1676,norm_only,2293,1621,1,1,0.5717666149139404
lraa,1676,norm_only,2294,1040,1,1,0.5068355202674866
lraa,1676,norm_only,2295,1478,1,1,0.5389832258224487
lraa,1676,norm_only,2296,1241,0,0,0.4455295503139496
lraa,1676,norm_only,2297,561,1,1,0.5717666149139404
lraa,1676,norm_only,2298,1653,1,1,0.543832540512085
lraa,1676,norm_only,2299,2066,0,0,0.438785195350647
lraa,1676,norm_only,2300,49,0,0,0.47268345952033997
lraa,1676,norm_only,2301,345,1,0,0.49218812584877014
lraa,1676,norm_only,2302,888,1,1,0.5234203934669495
lraa,1676,norm_only,2303,390,1,0,0.47755417227745056
lraa,1676,norm_only,2304,1302,1,1,0.5544704794883728
lraa,1676,norm_only,2305,1305,1,1,0.5175709128379822
lraa,1676,norm_only,2306,2765,1,1,0.5822535157203674
lraa,1676,norm_only,2307,197,0,0,0.4330221712589264
lraa,1676,norm_only,2308,670,0,0,0.4746311902999878
lraa,1676,norm_only,2309,629,0,0,0.4436004161834717
lraa,1676,norm_only,2310,782,0,0,0.4746311902999878
lraa,1676,norm_only,2311,2356,0,0,0.4455295503139496
lraa,1676,norm_only,2312,2609,1,1,0.5650587677955627
lraa,1676,norm_only,2313,2142,1,1,0.581303060054779
lraa,1676,norm_only,2314,1636,1,1,0.541893720626831
lraa,1676,norm_only,2315,1390,1,1,0.5370413661003113
lraa,1676,norm_only,2316,2755,0,0,0.41205692291259766
lraa,1676,norm_only,2317,637,0,0,0.475605309009552
lraa,1676,norm_only,2318,1928,1,1,0.531209409236908
lraa,1676,norm_only,2319,1219,0,0,0.4445647895336151
lraa,1676,norm_only,2320,196,0,0,0.40262696146965027
lraa,1676,norm_only,2321,183,0,0,0.475605309009552
lraa,1676,norm_only,2322,540,0,0,0.4493926465511322
lraa,1676,norm_only,2323,1698,1,1,0.5331543684005737
lraa,1676,norm_only,2324,2856,1,1,0.5273165106773376
lraa,1676,norm_only,2325,2638,1,1,0.5136684775352478
lraa,1676,norm_only,2326,44,1,1,0.5525397062301636
lraa,1676,norm_only,2327,575,0,1,0.532181978225708
lraa,1676,norm_only,2328,1316,0,0,0.4368622899055481
lraa,1676,norm_only,2329,692,1,1,0.543832540512085
lraa,1676,norm_only,2330,781,1,1,0.5535053014755249
lraa,1676,norm_only,2331,2661,0,0,0.3881540894508362
lraa,1676,norm_only,2332,2611,1,1,0.6197014451026917
lraa,1676,norm_only,2333,2505,0,1,0.5669777989387512
lraa,1676,norm_only,2334,415,0,0,0.4234580099582672
lraa,1676,norm_only,2335,2858,1,1,0.5573635101318359
lraa,1676,norm_only,2336,1259,0,0,0.4359015226364136
lraa,1676,norm_only,2337,2464,1,0,0.46490156650543213
lraa,1676,norm_only,2338,1287,0,0,0.4532618820667267
lraa,1676,norm_only,2339,2733,0,0,0.4339814782142639
lraa,1676,norm_only,2340,2874,1,1,0.5496405959129333
lraa,1676,norm_only,2341,2782,0,0,0.41679665446281433
lraa,1676,norm_only,2342,1000,0,0,0.47268345952033997
lraa,1676,norm_only,2343,2137,1,1,0.5496405959129333
lraa,1676,norm_only,2344,710,1,1,0.5688949227333069
lraa,1676,norm_only,2345,1958,0,1,0.501953125
lraa,1676,norm_only,2346,2762,1,1,0.5389832258224487
lraa,1676,norm_only,2347,47,1,0,0.498046875
lraa,1676,norm_only,2348,315,1,1,0.5717666149139404
lraa,1676,norm_only,2349,902,0,1,0.5048826336860657
lraa,1676,norm_only,2350,2807,1,1,0.5727227926254272
lraa,1676,norm_only,2351,2267,1,1,0.5774953961372375
lraa,1676,norm_only,2352,1089,0,0,0.44263648986816406
lraa,1676,norm_only,2353,1049,0,0,0.4990234673023224
lraa,1676,norm_only,2354,1943,0,0,0.46295860409736633
lraa,1676,norm_only,2355,330,1,1,0.5573635101318359
lraa,1676,norm_only,2356,2721,1,1,0.532181978225708
lraa,1676,norm_only,2357,1987,1,1,0.5399537086486816
lraa,1676,norm_only,2358,1388,1,1,0.5273165106773376
lraa,1676,norm_only,2359,1930,0,0,0.43782350420951843
lraa,1676,norm_only,2360,182,1,1,0.5331543684005737
lraa,1676,norm_only,2361,2927,0,0,0.3858374059200287
lraa,1676,norm_only,2362,2112,0,0,0.4248892068862915
lraa,1676,norm_only,2363,2653,0,0,0.491211861371994
lraa,1676,norm_only,2364,1433,1,1,0.5746335387229919
lraa,1676,norm_only,2365,76,1,1,0.5573635101318359
lraa,1676,norm_only,2366,239,1,1,0.5389832258224487
lraa,1676,norm_only,2367,400,0,1,0.5029296278953552
lraa,1676,norm_only,2368,2852,1,1,0.5832033753395081
lraa,1676,norm_only,2369,2800,1,1,0.561214804649353
lraa,1676,norm_only,2370,2452,1,1,0.5544704794883728
lraa,1676,norm_only,2371,993,1,1,0.5525397062301636
lraa,1676,norm_only,2372,19,1,1,0.5583269596099854
lraa,1676,norm_only,2373,1712,1,0,0.4678179919719696
lraa,1676,norm_only,2374,1471,1,1,0.5973730087280273
lraa,1676,norm_only,2375,2386,1,1,0.5204963088035583
lraa,1676,norm_only,2376,2160,1,1,0.5331543684005737
lraa,1676,norm_only,2377,1199,1,1,0.5688949227333069
lraa,1676,norm_only,2378,291,1,1,0.5428633093833923
lraa,1676,norm_only,2379,1912,0,0,0.4532618820667267
lraa,1676,norm_only,2380,501,1,1,0.5525397062301636
lraa,1676,norm_only,2381,256,1,0,0.4834045171737671
lraa,1676,norm_only,2382,1855,1,0,0.4668456017971039
lraa,1676,norm_only,2383,755,0,0,0.47852882742881775
lraa,1676,norm_only,2384,1439,1,1,0.5370413661003113
lraa,1676,norm_only,2385,2099,0,0,0.43206340074539185
lraa,1676,norm_only,2386,1851,1,1,0.581303060054779
lraa,1676,norm_only,2387,2329,0,0,0.49218812584877014
lraa,1676,norm_only,2388,1896,1,1,0.5273165106773376
lraa,1676,norm_only,2389,1266,0,1,0.5253688097000122
lraa,1676,norm_only,2390,2102,0,0,0.4717099368572235
lraa,1676,norm_only,2391,134,1,1,0.5525397062301636
lraa,1676,norm_only,2392,2812,1,1,0.596433162689209
lraa,1676,norm_only,2393,2293,1,1,0.5573635101318359
lraa,1676,norm_only,2394,1760,1,0,0.4941408932209015
lraa,1676,norm_only,2395,525,1,0,0.49218812584877014
lraa,1676,norm_only,2396,1223,1,1,0.5954925417900085
lraa,1676,norm_only,2397,2570,1,1,0.5399537086486816
lraa,1676,norm_only,2398,2803,1,1,0.5292633771896362
lraa,1676,norm_only,2399,2411,1,1,0.5573635101318359
lraa,1676,norm_only,2400,910,0,1,0.5360700488090515
lraa,1676,norm_only,2401,155,1,1,0.531209409236908
lraa,1676,norm_only,2402,703,0,0,0.47268345952033997
lraa,1676,norm_only,2403,274,1,1,0.5234203934669495
lraa,1676,norm_only,2404,413,1,0,0.4882833957672119
lraa,1676,norm_only,2405,280,1,0,0.4863315522670746
lraa,1676,norm_only,2406,300,1,1,0.5428633093833923
lraa,1676,norm_only,2407,206,1,0,0.49218812584877014
lraa,1676,norm_only,2408,534,1,1,0.5380124449729919
lraa,1676,norm_only,2409,269,1,0,0.4639299511909485
lraa,1676,norm_only,2410,808,1,1,0.5669777989387512
lraa,1676,norm_only,2411,1319,0,0,0.49218812584877014
lraa,1676,norm_only,2412,1247,0,1,0.5515737533569336
lraa,1676,norm_only,2413,1593,1,1,0.5273165106773376
lraa,1676,norm_only,2414,747,0,0,0.44167301058769226
lraa,1676,norm_only,2415,2821,1,0,0.49609383940696716
lraa,1676,norm_only,2416,2195,1,1,0.5515737533569336
lraa,1676,norm_only,2417,2936,0,0,0.4668456017971039
lraa,1676,norm_only,2418,852,1,1,0.5602526664733887
lraa,1676,norm_only,2419,2038,1,1,0.561214804649353
lraa,1676,norm_only,2420,612,0,0,0.4561675190925598
lraa,1676,norm_only,2421,1794,1,1,0.5515737533569336
lraa,1676,norm_only,2422,1531,1,1,0.5048826336860657
lraa,1676,norm_only,2423,2501,1,1,0.5841525197029114
lraa,1676,norm_only,2424,2059,1,1,0.5698526501655579
lraa,1676,norm_only,2425,116,0,0,0.45035937428474426
lraa,1676,norm_only,2426,1376,1,1,0.541893720626831
lraa,1676,norm_only,2427,145,1,1,0.5515737533569336
lraa,1676,norm_only,2428,1833,1,1,0.532181978225708
lraa,1676,norm_only,2429,679,1,1,0.5467381477355957
lraa,1676,norm_only,2430,162,0,0,0.4493926465511322
lraa,1676,norm_only,2431,172,1,1,0.5350984334945679
lraa,1676,norm_only,2432,1584,0,0,0.43974730372428894
lraa,1676,norm_only,2433,975,0,0,0.4196479618549347
lraa,1676,norm_only,2434,874,1,1,0.543832540512085
lraa,1676,norm_only,2435,434,0,0,0.4863315522670746
lraa,1676,norm_only,2436,63,1,1,0.5841525197029114
lraa,1676,norm_only,2437,1227,1,1,0.5708098411560059
lraa,1676,norm_only,2438,984,0,0,0.47755417227745056
lraa,1676,norm_only,2439,794,0,0,0.44263648986816406
lraa,1676,norm_only,2440,1043,0,1,0.5204963088035583
lraa,1676,norm_only,2441,1097,0,0,0.4101654887199402
lraa,1676,norm_only,2442,753,1,1,0.5117166042327881
lraa,1676,norm_only,2443,105,0,0,0.438785195350647
lraa,1676,norm_only,2444,655,0,0,0.46198752522468567
lraa,1676,norm_only,2445,338,1,1,0.5563995838165283
lraa,1676,norm_only,2446,119,0,0,0.47950369119644165
lraa,1676,norm_only,2447,593,0,0,0.4205996096134186
lraa,1676,norm_only,2448,937,1,1,0.5602526664733887
lraa,1676,norm_only,2449,2770,0,0,0.4639299511909485
lraa,1676,norm_only,2450,805,1,1,0.5263427495956421
lraa,1676,norm_only,2451,1253,1,1,0.5331543684005737
lraa,1676,norm_only,2452,2298,0,1,0.5078118443489075
lraa,1676,norm_only,2453,933,1,1,0.5583269596099854
lraa,1676,norm_only,2454,1655,0,0,0.45132651925086975
lraa,1676,norm_only,2455,2638,1,1,0.5136684775352478
lraa,1676,norm_only,2456,658,0,0,0.38769033551216125
lraa,1676,norm_only,2457,542,1,1,0.5292633771896362
lraa,1676,norm_only,2458,219,1,1,0.5822535157203674
lraa,1676,norm_only,2459,2349,1,0,0.47073662281036377
lraa,1676,norm_only,2460,1533,0,0,0.43206340074539185
lraa,1676,norm_only,2461,2842,1,1,0.5428633093833923
lraa,1676,norm_only,2462,2050,0,0,0.43782350420951843
lraa,1676,norm_only,2463,1492,1,1,0.5640984773635864
lraa,1676,norm_only,2464,2555,1,1,0.5068355202674866
lraa,1676,norm_only,2465,194,1,0,0.49609383940696716
lraa,1676,norm_only,2466,1783,1,1,0.5983121991157532
lraa,1676,norm_only,2467,110,1,1,0.5602526664733887
lraa,1676,norm_only,2468,1340,1,1,0.5292633771896362
lraa,1676,norm_only,2469,2297,0,1,0.5592900514602661
lraa,1676,norm_only,2470,33,0,1,0.5302364826202393
lraa,1676,norm_only,2471,307,1,1,0.5136684775352478
lraa,1676,norm_only,2472,1964,1,0,0.4678179919719696
lraa,1676,norm_only,2473,2667,0,0,0.47950369119644165
lraa,1676,norm_only,2474,2714,0,0,0.4436004161834717
lraa,1676,norm_only,2475,1624,1,1,0.5803520083427429
lraa,1676,norm_only,2476,1067,1,1,0.5736784338951111
lraa,1676,norm_only,2477,2364,0,0,0.4746311902999878
lraa,1676,norm_only,2478,1627,0,0,0.4359015226364136
lraa,1676,norm_only,2479,1795,1,1,0.5282900333404541
lraa,1676,norm_only,2480,1966,1,1,0.5727227926254272
lraa,1676,norm_only,2481,2928,1,1,0.5592900514602661
lraa,1676,norm_only,2482,2819,1,1,0.5563995838165283
lraa,1676,norm_only,2483,38,0,0,0.4311051368713379
lraa,1676,norm_only,2484,340,1,1,0.5350984334945679
lraa,1676,norm_only,2485,1339,1,1,0.5486735105514526
lraa,1676,norm_only,2486,2049,1,1,0.5515737533569336
lraa,1676,norm_only,2487,46,1,1,0.5650587677955627
lraa,1676,norm_only,2488,2723,1,1,0.5650587677955627
lraa,1676,norm_only,2489,1241,1,1,0.5746335387229919
lraa,1676,norm_only,2490,716,1,0,0.47073662281036377
lraa,1676,norm_only,2491,2533,0,1,0.5486735105514526
lraa,1676,norm_only,2492,881,1,1,0.5515737533569336
lraa,1676,norm_only,2493,230,1,1,0.5428633093833923
lraa,1676,norm_only,2494,1539,1,1,0.5554351806640625
lraa,1676,norm_only,2495,2375,0,0,0.4532618820667267
lraa,1676,norm_only,2496,1544,1,1,0.5234203934669495
lraa,1676,norm_only,2497,1865,1,1,0.5679365992546082
lraa,1676,norm_only,2498,2017,0,0,0.4455295503139496
lraa,1676,norm_only,2499,2091,0,0,0.42250463366508484
lraa,1676,norm_only,2500,2404,1,1,0.562176525592804
lraa,1676,norm_only,2501,834,1,1,0.5573635101318359
lraa,1676,norm_only,2502,492,0,0,0.41205692291259766
lraa,1676,norm_only,2503,2613,0,0,0.44263648986816406
lraa,1676,norm_only,2504,2541,0,0,0.4493926465511322
lraa,1676,norm_only,2505,166,0,0,0.491211861371994
lraa,1676,norm_only,2506,2593,0,0,0.45810624957084656
lraa,1676,norm_only,2507,2280,0,0,0.44167301058769226
lraa,1676,norm_only,2508,287,1,1,0.561214804649353
lraa,1676,norm_only,2509,318,1,1,0.5350984334945679
lraa,1676,norm_only,2510,1784,1,0,0.498046875
lraa,1676,norm_only,2511,77,0,0,0.47073662281036377
lraa,1676,norm_only,2512,251,1,1,0.5832033753395081
lraa,1676,norm_only,2513,1283,1,1,0.5983121991157532
lraa,1676,norm_only,2514,2485,1,1,0.5679365992546082
lraa,1676,norm_only,2515,687,0,0,0.46198752522468567
lraa,1676,norm_only,2516,1098,0,0,0.4234580099582672
lraa,1676,norm_only,2517,2589,1,1,0.543832540512085
lraa,1676,norm_only,2518,371,0,0,0.4263215959072113
lraa,1676,norm_only,2519,1394,1,1,0.561214804649353
lraa,1676,norm_only,2520,247,0,0,0.47755417227745056
lraa,1676,norm_only,2521,762,0,0,0.4196479618549347
lraa,1676,norm_only,2522,1785,1,1,0.541893720626831
lraa,1676,norm_only,2523,2537,0,0,0.41111084818840027
lraa,1676,norm_only,2524,922,1,1,0.5669777989387512
lraa,1676,norm_only,2525,1181,1,1,0.5360700488090515
lraa,1676,norm_only,2526,237,0,0,0.47268345952033997
lraa,1676,norm_only,2527,2549,0,0,0.43782350420951843
lraa,1676,norm_only,2528,374,0,0,0.4330221712589264
lraa,1676,norm_only,2529,564,1,1,0.5506073832511902
lraa,1676,norm_only,2530,621,0,1,0.5370413661003113
lraa,1676,norm_only,2531,1107,1,1,0.5117166042327881
lraa,1676,norm_only,2532,2628,1,1,0.5669777989387512
lraa,1676,norm_only,2533,1272,0,0,0.4639299511909485
lraa,1676,norm_only,2534,2377,1,0,0.47852882742881775
lraa,1676,norm_only,2535,1467,0,0,0.43782350420951843
lraa,1676,norm_only,2536,551,0,0,0.4436004161834717
lraa,1676,norm_only,2537,2068,0,0,0.46101680397987366
lraa,1676,norm_only,2538,664,0,0,0.4436004161834717
lraa,1676,norm_only,2539,2453,0,0,0.46101680397987366
lraa,1676,norm_only,2540,1753,0,0,0.4532618820667267
lraa,1676,norm_only,2541,1772,0,0,0.4455295503139496
lraa,1676,norm_only,2542,507,1,1,0.5380124449729919
lraa,1676,norm_only,2543,335,1,1,0.5832033753395081
lraa,1676,norm_only,2544,149,1,1,0.5755879878997803
lraa,1676,norm_only,2545,1709,1,1,0.5660185217857361
lraa,1676,norm_only,2546,1708,1,1,0.5136684775352478
lraa,1676,norm_only,2547,1206,0,0,0.42727723717689514
lraa,1676,norm_only,2548,1454,0,0,0.4148988127708435
lraa,1676,norm_only,2549,2840,1,1,0.5126925706863403
lraa,1676,norm_only,2550,334,1,1,0.5708098411560059
lraa,1676,norm_only,2551,1313,1,1,0.5448014140129089
lraa,1676,norm_only,2552,2075,1,1,0.5525397062301636
lraa,1676,norm_only,2553,2241,0,0,0.4493926465511322
lraa,1676,norm_only,2554,810,0,0,0.47073662281036377
lraa,1676,norm_only,2555,2217,1,1,0.5631377100944519
lraa,1676,norm_only,2556,1286,1,1,0.5048826336860657
lraa,1676,norm_only,2557,1469,1,1,0.5448014140129089
lraa,1676,norm_only,2558,2275,1,1,0.5822535157203674
lraa,1676,norm_only,2559,1069,1,0,0.4234580099582672
lraa,1676,norm_only,2560,1421,0,1,0.5302364826202393
lraa,1676,norm_only,2561,2053,0,0,0.46976351737976074
lraa,1676,norm_only,2562,2052,1,1,0.5292633771896362
lraa,1676,norm_only,2563,391,1,1,0.5794004201889038
lraa,1676,norm_only,2564,1885,1,1,0.5669777989387512
lraa,1676,norm_only,2565,1555,0,0,0.4590761363506317
lraa,1676,norm_only,2566,1825,1,1,0.5496405959129333
lraa,1676,norm_only,2567,1902,1,1,0.5048826336860657
lraa,1676,norm_only,2568,1528,1,1,0.5350984334945679
lraa,1676,norm_only,2569,924,1,0,0.46976351737976074
lraa,1676,norm_only,2570,1041,0,0,0.4941408932209015
lraa,1676,norm_only,2571,2598,0,0,0.42823338508605957
lraa,1676,norm_only,2572,2633,0,0,0.4765796661376953
lraa,1676,norm_only,2573,1761,1,1,0.5879430770874023
lraa,1676,norm_only,2574,1240,1,1,0.5688949227333069
lraa,1676,norm_only,2575,2139,0,0,0.4445647895336151
lraa,1676,norm_only,2576,2034,0,0,0.4445647895336151
lraa,1676,norm_only,2577,2545,0,0,0.4765796661376953
lraa,1676,norm_only,2578,2693,1,1,0.5282900333404541
lraa,1676,norm_only,2579,1755,0,0,0.4522939622402191
lraa,1676,norm_only,2580,2361,0,0,0.46101680397987366
lraa,1676,norm_only,2581,1109,1,1,0.5292633771896362
lraa,1676,norm_only,2582,539,1,1,0.531209409236908
lraa,1676,norm_only,2583,1631,0,0,0.47950369119644165
lraa,1676,norm_only,2584,2866,0,0,0.4765796661376953
lraa,1676,norm_only,2585,1429,0,0,0.44263648986816406
lraa,1676,norm_only,2586,2042,0,0,0.42536652088165283
lraa,1676,norm_only,2587,2876,1,1,0.5973730087280273
lraa,1676,norm_only,2588,939,1,0,0.49609383940696716
lraa,1676,norm_only,2589,2218,1,0,0.4590761363506317
lraa,1676,norm_only,2590,1768,1,1,0.541893720626831
lraa,1676,norm_only,2591,1513,0,0,0.42823338508605957
lraa,1676,norm_only,2592,2700,0,0,0.4746311902999878
lraa,1676,norm_only,2593,1226,0,1,0.5399537086486816
lraa,1676,norm_only,2594,1273,0,0,0.4196479618549347
lraa,1676,norm_only,2595,1900,0,0,0.4590761363506317
lraa,1676,norm_only,2596,311,1,1,0.5803520083427429
lraa,1676,norm_only,2597,2426,1,1,0.5525397062301636
lraa,1676,norm_only,2598,179,1,1,0.562176525592804
lraa,1676,norm_only,2599,2133,0,0,0.4717099368572235
lraa,1676,norm_only,2600,837,0,0,0.43014732003211975
lraa,1676,norm_only,2601,1534,0,0,0.4814538359642029
lraa,1676,norm_only,2602,2027,1,0,0.4765796661376953
lraa,1676,norm_only,2603,614,1,0,0.4990234673023224
lraa,1676,norm_only,2604,2883,1,1,0.5350984334945679
lraa,1676,norm_only,2605,1420,1,0,0.4931644797325134
lraa,1676,norm_only,2606,524,1,1,0.5448014140129089
lraa,1676,norm_only,2607,170,0,0,0.4139508903026581
lraa,1676,norm_only,2608,1612,1,1,0.5592900514602661
lraa,1676,norm_only,2609,1357,1,1,0.5583269596099854
lraa,1676,norm_only,2610,2698,1,1,0.5755879878997803
lraa,1676,norm_only,2611,2767,1,1,0.5331543684005737
lraa,1676,norm_only,2612,776,1,1,0.5563995838165283
lraa,1676,norm_only,2613,1464,1,1,0.5302364826202393
lraa,1676,norm_only,2614,55,1,1,0.5650587677955627
lraa,1676,norm_only,2615,1428,1,1,0.561214804649353
lraa,1676,norm_only,2616,1738,1,1,0.5640984773635864
lraa,1676,norm_only,2617,2584,1,1,0.5389832258224487
lraa,1676,norm_only,2618,1235,0,0,0.4687906503677368
lraa,1676,norm_only,2619,252,1,1,0.5755879878997803
lraa,1676,norm_only,2620,609,0,0,0.4445647895336151
lraa,1676,norm_only,2621,36,0,0,0.43494123220443726
lraa,1676,norm_only,2622,2287,1,0,0.4970703423023224
lraa,1676,norm_only,2623,2540,0,0,0.4639299511909485
lraa,1676,norm_only,2624,2880,0,0,0.491211861371994
lraa,1676,norm_only,2625,1746,0,0,0.4843800961971283
lraa,1676,norm_only,2626,1303,1,1,0.5457699298858643
lraa,1676,norm_only,2627,1088,0,0,0.43014732003211975
lraa,1676,norm_only,2628,50,1,0,0.4931644797325134
lraa,1676,norm_only,2629,1022,1,1,0.5592900514602661
lraa,1676,norm_only,2630,388,1,1,0.541893720626831
lraa,1676,norm_only,2631,1633,1,1,0.561214804649353
lraa,1676,norm_only,2632,2446,1,1,0.5515737533569336
lraa,1676,norm_only,2633,651,1,1,0.5039061903953552
lraa,1676,norm_only,2634,757,0,0,0.48535576462745667
lraa,1676,norm_only,2635,2702,1,0,0.47852882742881775
lraa,1676,norm_only,2636,1644,1,1,0.5087881684303284
lraa,1676,norm_only,2637,1259,0,0,0.4368622899055481
lraa,1676,norm_only,2638,2486,1,0,0.4590761363506317
lraa,1676,norm_only,2639,1362,1,0,0.4814538359642029
lraa,1676,norm_only,2640,70,0,0,0.42919009923934937
lraa,1676,norm_only,2641,111,0,0,0.45810624957084656
lraa,1676,norm_only,2642,1684,0,0,0.47268345952033997
lraa,1676,norm_only,2643,901,0,1,0.5496405959129333
lraa,1676,norm_only,2644,1754,1,1,0.6242935061454773
lraa,1676,norm_only,2645,999,1,1,0.5688949227333069
lraa,1676,norm_only,2646,2429,1,1,0.5851011276245117
lraa,1676,norm_only,2647,2355,1,1,0.5389832258224487
lraa,1676,norm_only,2648,1912,0,0,0.4339814782142639
lraa,1676,norm_only,2649,615,0,0,0.4148988127708435
lraa,1676,norm_only,2650,2347,0,0,0.4863315522670746
lraa,1676,norm_only,2651,2688,0,0,0.39981165528297424
lraa,1676,norm_only,2652,1929,1,1,0.5708098411560059
lraa,1676,norm_only,2653,594,1,1,0.5698526501655579
lraa,1676,norm_only,2654,1112,1,1,0.5292633771896362
lraa,1676,norm_only,2655,559,1,0,0.45810624957084656
lraa,1676,norm_only,2656,2204,1,1,0.5467381477355957
lraa,1676,norm_only,2657,518,0,0,0.41679665446281433
lraa,1676,norm_only,2658,2682,1,1,0.5428633093833923
lraa,1676,norm_only,2659,1654,1,1,0.5583269596099854
lraa,1676,norm_only,2660,387,0,0,0.4474602937698364
lraa,1676,norm_only,2661,2405,0,0,0.4639299511909485
lraa,1676,norm_only,2662,1212,1,1,0.5097643733024597
lraa,1676,norm_only,2663,713,0,1,0.5370413661003113
lraa,1676,norm_only,2664,2372,1,1,0.5341265201568604
lraa,1676,norm_only,2665,1559,0,0,0.47755417227745056
lraa,1676,norm_only,2666,1170,1,1,0.5650587677955627
lraa,1676,norm_only,2667,1654,1,1,0.561214804649353
lraa,1676,norm_only,2668,2104,1,1,0.5360700488090515
lraa,1676,norm_only,2669,998,1,1,0.5214711427688599
lraa,1676,norm_only,2670,1977,1,1,0.5360700488090515
lraa,1676,norm_only,2671,293,0,0,0.4484263062477112
lraa,1676,norm_only,2672,565,1,1,0.5350984334945679
lraa,1676,norm_only,2673,1901,1,1,0.5234203934669495
lraa,1676,norm_only,2674,1968,1,1,0.5448014140129089
lraa,1676,norm_only,2675,856,1,1,0.543832540512085
lraa,1676,norm_only,2676,1951,0,0,0.43782350420951843
lraa,1676,norm_only,2677,426,0,0,0.4339814782142639
lraa,1676,norm_only,2678,1001,1,1,0.5165954232215881
lraa,1676,norm_only,2679,591,1,1,0.590779185295105
lraa,1676,norm_only,2680,648,0,0,0.4407099783420563
lraa,1676,norm_only,2681,2189,0,0,0.42536652088165283
lraa,1676,norm_only,2682,2911,1,1,0.5784481763839722
lraa,1676,norm_only,2683,1585,1,1,0.5409238338470459
lraa,1676,norm_only,2684,1338,0,0,0.47268345952033997
lraa,1676,norm_only,2685,844,1,1,0.5544704794883728
lraa,1676,norm_only,2686,1285,0,0,0.47268345952033997
lraa,1676,norm_only,2687,865,1,1,0.5273165106773376
lraa,1676,norm_only,2688,2460,0,0,0.4639299511909485
lraa,1676,norm_only,2689,1834,1,0,0.44167301058769226
lraa,1676,norm_only,2690,1566,0,0,0.42536652088165283
lraa,1676,norm_only,2691,42,0,0,0.4639299511909485
lraa,1676,norm_only,2692,1569,1,1,0.5068355202674866
lraa,1676,norm_only,2693,2702,1,1,0.531209409236908
lraa,1676,norm_only,2694,2132,0,0,0.4532618820667267
lraa,1676,norm_only,2695,1736,1,1,0.5506073832511902
lraa,1676,norm_only,2696,1360,1,1,0.5798763036727905
lraa,1676,norm_only,2697,554,1,1,0.5331543684005737
lraa,1676,norm_only,2698,2253,0,0,0.46976351737976074
lraa,1676,norm_only,2699,2199,0,0,0.4148988127708435
lraa,1676,norm_only,2700,2321,0,0,0.45035937428474426
lraa,1676,norm_only,2701,1829,1,1,0.5746335387229919
lraa,1676,norm_only,2702,1031,0,0,0.38954654335975647
lraa,1676,norm_only,2703,2796,0,0,0.4824291169643402
lraa,1676,norm_only,2704,1222,1,1,0.5583269596099854
lraa,1676,norm_only,2705,786,1,1,0.5380124449729919
lraa,1676,norm_only,2706,469,1,1,0.5515737533569336
lraa,1676,norm_only,2707,2276,1,1,0.5822535157203674
lraa,1676,norm_only,2708,2130,1,1,0.5341265201568604
lraa,1676,norm_only,2709,2370,1,1,0.5068355202674866
lraa,1676,norm_only,2710,1079,0,0,0.4834045171737671
lraa,1676,norm_only,2711,2437,0,0,0.41205692291259766
lraa,1676,norm_only,2712,2426,1,1,0.5554351806640625
lraa,1676,norm_only,2713,1552,1,1,0.5515737533569336
lraa,1676,norm_only,2714,508,1,1,0.5563995838165283
lraa,1676,norm_only,2715,1679,1,1,0.5563995838165283
lraa,1676,norm_only,2716,799,0,0,0.4765796661376953
lraa,1676,norm_only,2717,516,1,1,0.5879430770874023
lraa,1676,norm_only,2718,186,0,0,0.39513421058654785
lraa,1676,norm_only,2719,1739,1,1,0.5428633093833923
lraa,1676,norm_only,2720,2838,1,1,0.5688949227333069
lraa,1676,norm_only,2721,2835,1,1,0.5573635101318359
lraa,1676,norm_only,2722,1105,1,1,0.581303060054779
lraa,1676,norm_only,2723,1990,1,0,0.4765796661376953
lraa,1676,norm_only,2724,1420,0,0,0.45713675022125244
lraa,1676,norm_only,2725,1721,1,1,0.5679365992546082
lraa,1676,norm_only,2726,2149,0,1,0.5195213556289673
lraa,1676,norm_only,2727,26,0,0,0.4148988127708435
lraa,1676,norm_only,2728,2806,1,0,0.491211861371994
lraa,1676,norm_only,2729,1259,0,0,0.4639299511909485
lraa,1676,norm_only,2730,1932,1,1,0.5784481763839722
lraa,1676,norm_only,2731,1688,1,1,0.5370413661003113
lraa,1676,norm_only,2732,1728,0,0,0.4990234673023224
lraa,1676,norm_only,2733,2079,0,0,0.45035937428474426
lraa,1676,norm_only,2734,1458,1,1,0.5253688097000122
lraa,1676,norm_only,2735,2175,0,0,0.46004629135131836
lraa,1676,norm_only,2736,809,1,1,0.5832033753395081
lraa,1676,norm_only,2737,1639,0,0,0.39326852560043335
lraa,1676,norm_only,2738,2138,0,0,0.4493926465511322
lraa,1676,norm_only,2739,2336,0,0,0.4205996096134186
lraa,1676,norm_only,2740,2742,1,1,0.5708098411560059
lraa,1676,norm_only,2741,57,1,1,0.5097643733024597
lraa,1676,norm_only,2742,1012,0,0,0.4330221712589264
lraa,1676,norm_only,2743,1389,1,1,0.5794004201889038
lraa,1676,norm_only,2744,2262,0,0,0.46295860409736633
lraa,1676,norm_only,2745,2367,1,1,0.5486735105514526
lraa,1676,norm_only,2746,48,1,1,0.5486735105514526
lraa,1676,norm_only,2747,2934,1,1,0.543832540512085
lraa,1676,norm_only,2748,1849,1,1,0.5660185217857361
lraa,1676,norm_only,2749,1822,1,1,0.5185462236404419
lraa,1676,norm_only,2750,2748,1,1,0.5399537086486816
lraa,1676,norm_only,2751,981,0,0,0.4561675190925598
lraa,1676,norm_only,2752,1769,0,0,0.46295860409736633
lraa,1676,norm_only,2753,1341,1,1,0.5292633771896362
lraa,1676,norm_only,2754,2027,0,1,0.5068355202674866
lraa,1676,norm_only,2755,1095,0,0,0.4990234673023224
lraa,1676,norm_only,2756,1282,1,1,0.5898345112800598
lraa,1676,norm_only,2757,24,0,0,0.4368622899055481
lraa,1676,norm_only,2758,1203,1,1,0.5717666149139404
lraa,1676,norm_only,2759,1167,1,1,0.5515737533569336
lraa,1676,norm_only,2760,69,1,1,0.5841525197029114
lraa,1676,norm_only,2761,2439,1,1,0.5888891220092773
lraa,1676,norm_only,2762,1182,1,1,0.5727227926254272
lraa,1676,norm_only,2763,375,1,1,0.562176525592804
lraa,1676,norm_only,2764,2450,1,1,0.6206215620040894
lraa,1676,norm_only,2765,696,1,0,0.4941408932209015
lraa,1676,norm_only,2766,1775,1,1,0.5097643733024597
lraa,1676,norm_only,2767,1121,1,1,0.5851011276245117
lraa,1676,norm_only,2768,2618,1,1,0.5399537086486816
lraa,1676,norm_only,2769,465,1,1,0.5136684775352478
lraa,1676,norm_only,2770,864,1,1,0.5765419602394104
lraa,1676,norm_only,2771,744,0,0,0.45132651925086975
lraa,1676,norm_only,2772,1059,1,1,0.5592900514602661
lraa,1676,norm_only,2773,1487,0,0,0.40922078490257263
lraa,1676,norm_only,2774,1687,0,0,0.4717099368572235
lraa,1676,norm_only,2775,2382,1,1,0.5794004201889038
lraa,1676,norm_only,2776,1991,0,0,0.45519861578941345
lraa,1676,norm_only,2777,1652,1,1,0.5496405959129333
lraa,1676,norm_only,2778,2702,1,0,0.4765796661376953
lraa,1676,norm_only,2779,1378,0,0,0.4765796661376953
lraa,1676,norm_only,2780,157,0,0,0.45035937428474426
lraa,1676,norm_only,2781,1889,0,0,0.4407099783420563
lraa,1676,norm_only,2782,2409,0,0,0.41679665446281433
lraa,1676,norm_only,2783,707,0,0,0.498046875
lraa,1676,norm_only,2784,2645,1,1,0.5506073832511902
lraa,1676,norm_only,2785,2847,1,1,0.5679365992546082
lraa,1676,norm_only,2786,126,1,1,0.5879430770874023
lraa,1676,norm_only,2787,2932,1,1,0.6057990789413452
lraa,1676,norm_only,2788,1900,1,1,0.5794004201889038
lraa,1676,norm_only,2789,1548,1,1,0.5755879878997803
lraa,1676,norm_only,2790,895,1,0,0.4455295503139496
lraa,1676,norm_only,2791,30,0,0,0.438785195350647
lraa,1676,norm_only,2792,1641,1,1,0.5794004201889038
lraa,1676,norm_only,2793,1053,1,1,0.5774953961372375
lraa,1676,norm_only,2794,246,1,1,0.5803520083427429
lraa,1676,norm_only,2795,2790,0,0,0.4824291169643402
lraa,1676,norm_only,2796,941,1,1,0.5983121991157532
lraa,1676,norm_only,2797,1451,0,0,0.4445647895336151
lraa,1676,norm_only,2798,305,1,1,0.5592900514602661
lraa,1676,norm_only,2799,2621,0,0,0.43782350420951843
lraa,1676,norm_only,2800,1979,1,1,0.5477060079574585
lraa,1676,norm_only,2801,2084,1,1,0.5592900514602661
lraa,1676,norm_only,2802,2635,1,1,0.5640984773635864
lraa,1676,norm_only,2803,859,0,0,0.44167301058769226
lraa,1676,norm_only,2804,2565,1,1,0.5224458575248718
lraa,1676,norm_only,2805,1348,1,1,0.5727227926254272
lraa,1676,norm_only,2806,701,1,1,0.5165954232215881
lraa,1676,norm_only,2807,973,0,0,0.3904758393764496
lraa,1676,norm_only,2808,2883,1,1,0.501953125
lraa,1676,norm_only,2809,2029,1,1,0.5224458575248718
lraa,1676,norm_only,2810,915,1,1,0.5496405959129333
lraa,1676,norm_only,2811,131,0,0,0.49218812584877014
lraa,1676,norm_only,2812,738,1,1,0.5409238338470459
lraa,1676,norm_only,2813,113,0,0,0.3839877247810364
lraa,1676,norm_only,2814,2873,0,1,0.5204963088035583
lraa,1676,norm_only,2815,603,0,0,0.4951173663139343
lraa,1676,norm_only,2816,207,1,1,0.541893720626831
lraa,1676,norm_only,2817,2514,1,0,0.4834045171737671
lraa,1676,norm_only,2818,2250,1,1,0.5224458575248718
lraa,1676,norm_only,2819,2518,1,0,0.4902355968952179
lraa,1676,norm_only,2820,2576,1,0,0.4765796661376953
lraa,1676,norm_only,2821,734,1,1,0.5146442651748657
lraa,1676,norm_only,2822,1837,0,0,0.4678179919719696
lraa,1676,norm_only,2823,2440,0,0,0.45035937428474426
lraa,1676,norm_only,2824,2909,1,1,0.5457699298858643
lraa,1676,norm_only,2825,434,1,1,0.5602526664733887
lraa,1676,norm_only,2826,1259,0,0,0.438785195350647
lraa,1676,norm_only,2827,2921,0,0,0.46295860409736633
lraa,1676,norm_only,2828,2640,0,0,0.3656831979751587
lraa,1676,norm_only,2829,1681,1,0,0.4990234673023224
lraa,1676,norm_only,2830,2912,1,1,0.5736784338951111
lraa,1676,norm_only,2831,1400,1,1,0.5688949227333069
lraa,1676,norm_only,2832,545,0,1,0.5302364826202393
lraa,1676,norm_only,2833,1180,1,1,0.5428633093833923
lraa,1676,norm_only,2834,1076,0,0,0.4522939622402191
lraa,1676,norm_only,2835,1485,1,1,0.5803520083427429
lraa,1676,norm_only,2836,297,0,0,0.45423004031181335
lraa,1676,norm_only,2837,2127,0,0,0.4863315522670746
lraa,1676,norm_only,2838,226,0,0,0.4639299511909485
lraa,1676,norm_only,2839,553,1,1,0.5486735105514526
lraa,1676,norm_only,2840,400,1,1,0.5448014140129089
lraa,1676,norm_only,2841,1925,1,1,0.561214804649353
lraa,1676,norm_only,2842,598,0,0,0.4474602937698364
lraa,1676,norm_only,2843,2600,0,0,0.4455295503139496
lraa,1676,norm_only,2844,417,1,1,0.5535053014755249
lraa,1676,norm_only,2845,731,1,1,0.561214804649353
lraa,1676,norm_only,2846,932,1,1,0.5097643733024597
lraa,1676,norm_only,2847,2157,1,1,0.5292633771896362
lraa,1676,norm_only,2848,2503,1,1,0.5992506742477417
lraa,1676,norm_only,2849,890,0,1,0.5204963088035583
lraa,1676,norm_only,2850,1509,1,1,0.541893720626831
lraa,1676,norm_only,2851,2224,0,0,0.45423004031181335
lraa,1676,norm_only,2852,161,0,0,0.3923368453979492
lraa,1676,norm_only,2853,1409,0,0,0.45423004031181335
lraa,1676,norm_only,2854,101,1,1,0.541893720626831
lraa,1676,norm_only,2855,2891,0,0,0.41774648427963257
lraa,1676,norm_only,2856,332,0,0,0.46295860409736633
lraa,1676,norm_only,2857,2587,0,0,0.46976351737976074
lraa,1676,norm_only,2858,894,0,1,0.5389832258224487
lraa,1676,norm_only,2859,1974,1,1,0.5573635101318359
lraa,1676,norm_only,2860,2109,1,1,0.5292633771896362
lraa,1676,norm_only,2861,2473,0,0,0.41679665446281433
lraa,1676,norm_only,2862,1988,1,1,0.5282900333404541
lraa,1676,norm_only,2863,241,0,0,0.45519861578941345
lraa,1676,norm_only,2864,1412,1,1,0.5544704794883728
lraa,1676,norm_only,2865,606,1,1,0.5679365992546082
lraa,1676,norm_only,2866,880,1,1,0.5195213556289673
lraa,1676,norm_only,2867,972,0,0,0.43014732003211975
lraa,1676,norm_only,2868,586,0,0,0.4687906503677368
lraa,1676,norm_only,2869,988,0,1,0.5029296278953552
lraa,1676,norm_only,2870,502,0,0,0.498046875
lraa,1676,norm_only,2871,1211,0,0,0.42536652088165283
lraa,1676,norm_only,2872,1913,1,1,0.5688949227333069
lraa,1676,norm_only,2873,1088,1,1,0.5583269596099854
lraa,1676,norm_only,2874,1720,1,0,0.4746311902999878
lraa,1676,norm_only,2875,1921,0,0,0.475605309009552
lraa,1676,norm_only,2876,2397,1,1,0.5486735105514526
lraa,1676,norm_only,2877,2263,1,1,0.5851011276245117
lraa,1676,norm_only,2878,29,1,1,0.5273165106773376
lraa,1676,norm_only,2879,1507,0,0,0.4882833957672119
lraa,1676,norm_only,2880,2684,1,1,0.5448014140129089
lraa,1676,norm_only,2881,294,1,1,0.5708098411560059
lraa,1676,norm_only,2882,127,1,1,0.5640984773635864
lraa,1676,norm_only,2883,443,0,0,0.45035937428474426
lraa,1676,norm_only,2884,2471,0,0,0.4668456017971039
lraa,1676,norm_only,2885,425,1,1,0.5477060079574585
lraa,1676,norm_only,2886,2521,1,0,0.42823338508605957
lraa,1676,norm_only,2887,2326,1,1,0.5669777989387512
lraa,1676,norm_only,2888,2389,1,1,0.5360700488090515
lraa,1676,norm_only,2889,536,0,0,0.4455295503139496
lraa,1676,norm_only,2890,704,1,1,0.5832033753395081
lraa,1676,norm_only,2891,947,0,0,0.39793840050697327
lraa,1676,norm_only,2892,2117,1,1,0.5341265201568604
lraa,1676,norm_only,2893,245,1,0,0.4590761363506317
lraa,1676,norm_only,2894,2526,1,1,0.5554351806640625
lraa,1676,norm_only,2895,588,1,1,0.5688949227333069
lraa,1676,norm_only,2896,2152,0,0,0.4814538359642029
lraa,1676,norm_only,2897,583,1,1,0.5282900333404541
lraa,1676,norm_only,2898,2881,1,1,0.5195213556289673
lraa,1676,norm_only,2899,496,1,1,0.5409238338470459
lraa,1676,norm_only,2900,1406,1,1,0.5058591365814209
lraa,1676,norm_only,2901,1289,1,1,0.5370413661003113
lraa,1676,norm_only,2902,2256,1,1,0.5936092734336853
lraa,1676,norm_only,2903,1802,0,0,0.4196479618549347
lraa,1676,norm_only,2904,1065,0,0,0.4882833957672119
lraa,1676,norm_only,2905,1174,1,1,0.5029296278953552
lraa,1676,norm_only,2906,2590,1,1,0.5399537086486816
lraa,1676,norm_only,2907,1839,0,0,0.47755417227745056
lraa,1676,norm_only,2908,2166,0,0,0.4330221712589264
lraa,1676,norm_only,2909,1081,1,1,0.5204963088035583
lraa,1676,norm_only,2910,866,0,0,0.42727723717689514
lraa,1676,norm_only,2911,1953,1,1,0.5331543684005737
lraa,1676,norm_only,2912,617,1,1,0.5573635101318359
lraa,1676,norm_only,2913,1900,1,1,0.5467381477355957
lraa,1676,norm_only,2914,911,1,1,0.543832540512085
lraa,1676,norm_only,2915,2051,1,1,0.5029296278953552
lraa,1676,norm_only,2916,1154,1,1,0.5841525197029114
lraa,1676,norm_only,2917,501,1,1,0.5515737533569336
lraa,1676,norm_only,2918,2561,0,0,0.4931644797325134
lraa,1676,norm_only,2919,348,1,1,0.524394690990448
lraa,1676,norm_only,2920,1221,0,0,0.4130035638809204
lraa,1676,norm_only,2921,306,1,1,0.562176525592804
lraa,1676,norm_only,2922,2536,1,1,0.5727227926254272
lraa,1676,norm_only,2923,2168,1,1,0.5688949227333069
lraa,1676,norm_only,2924,1398,1,1,0.601593554019928
lraa,1676,norm_only,2925,2366,0,1,0.5165954232215881
lraa,1676,norm_only,2926,336,1,1,0.5515737533569336
lraa,1676,norm_only,2927,1973,1,1,0.5917232036590576
lraa,1676,norm_only,2928,1874,1,0,0.46976351737976074
lraa,1676,norm_only,2929,3,1,1,0.5535053014755249
lraa,1676,norm_only,2930,616,1,1,0.5331543684005737
lraa,1676,norm_only,2931,1843,1,1,0.5583269596099854
lraa,1676,norm_only,2932,1102,0,1,0.5039061903953552
lraa,1676,norm_only,2933,1019,1,1,0.5860491394996643
lraa,1676,norm_only,2934,2277,0,0,0.44263648986816406
lraa,1676,norm_only,2935,163,0,0,0.40262696146965027
lraa,1676,norm_only,2936,1678,1,1,0.5467381477355957
lraa,1676,norm_only,2937,1672,1,0,0.475605309009552
lraa,1676,norm_only,2938,1,1,1,0.5602526664733887
lraa,1676,norm_only,2939,1007,1,1,0.5640984773635864
lraa,1676,norm_only,2940,300,1,0,0.4436004161834717
lraa,1676,norm_only,2941,2271,1,1,0.5370413661003113
lraa,1676,norm_only,2942,1670,0,0,0.4532618820667267
lraa,1676,norm_only,2943,2085,1,1,0.5477060079574585
lraa,1676,norm_only,2944,2496,1,1,0.5640984773635864
lraa,1676,norm_only,2945,324,0,0,0.43206340074539185
lraa,1676,norm_only,2946,693,0,0,0.4339814782142639
lraa,1676,norm_only,2947,1351,1,1,0.5496405959129333
lraa,1676,norm_only,2948,1367,1,1,0.5554351806640625
lraa,1676,norm_only,2949,2378,1,1,0.5506073832511902
lraa,1676,norm_only,2950,1380,0,0,0.4244120121002197
lraa,1676,norm_only,2951,623,1,1,0.5136684775352478
lraa,1676,norm_only,2952,1508,1,1,0.6011253595352173
lraa,1676,norm_only,2953,1304,0,0,0.46198752522468567
lraa,1676,norm_only,2954,1790,1,1,0.5573635101318359
lraa,1676,norm_only,2955,1384,1,0,0.4902355968952179
lraa,1676,norm_only,2956,2481,0,0,0.43782350420951843
lraa,1676,norm_only,2957,2281,1,1,0.5273165106773376
lraa,1676,norm_only,2958,2879,0,0,0.41869691014289856
lraa,1676,norm_only,2959,1551,1,1,0.5755879878997803
lraa,1676,norm_only,2960,1046,1,0,0.49609383940696716
lraa,1676,norm_only,2961,1983,0,0,0.4941408932209015
lraa,1676,norm_only,2962,1187,0,0,0.45713675022125244
lraa,1676,norm_only,2963,1461,1,1,0.5165954232215881
lraa,1676,norm_only,2964,1938,1,1,0.5477060079574585
lraa,1676,norm_only,2965,1279,1,0,0.44167301058769226
lraa,1676,norm_only,2966,648,1,1,0.5263427495956421
lraa,1676,norm_only,2967,2217,1,1,0.5631377100944519
lraa,1676,norm_only,2968,2254,0,0,0.41869691014289856
lraa,1676,norm_only,2969,7,1,1,0.5688949227333069
lraa,1676,norm_only,2970,1657,1,1,0.5583269596099854
lraa,1676,norm_only,2971,940,0,0,0.47852882742881775
lraa,1676,norm_only,2972,2307,0,0,0.40262696146965027
lraa,1676,norm_only,2973,2914,1,1,0.6029970645904541
lraa,1676,norm_only,2974,2523,1,1,0.5146442651748657
lraa,1676,norm_only,2975,582,1,1,0.5650587677955627
lraa,1676,norm_only,2976,1074,1,1,0.5467381477355957
lraa,1676,norm_only,2977,519,1,1,0.5302364826202393
lraa,1676,norm_only,2978,656,1,1,0.5592900514602661
lraa,1676,norm_only,2979,1564,1,1,0.5765419602394104
lraa,1676,norm_only,2980,868,1,1,0.5650587677955627
lraa,1676,norm_only,2981,971,1,0,0.45132651925086975
lraa,1676,norm_only,2982,778,1,1,0.5428633093833923
lraa,1676,norm_only,2983,2593,0,0,0.45519861578941345
lraa,1676,norm_only,2984,66,1,0,0.4990234673023224
lraa,1676,norm_only,2985,2115,0,0,0.41774648427963257
lraa,1676,norm_only,2986,1329,0,0,0.42250463366508484
lraa,1676,norm_only,2987,210,0,0,0.4717099368572235
lraa,1676,norm_only,2988,2496,1,1,0.5669777989387512
lraa,1676,norm_only,2989,253,1,1,0.5746335387229919
lraa,1676,norm_only,2990,359,1,1,0.5389832258224487
lraa,1676,norm_only,2991,1667,1,1,0.5360700488090515
lraa,1676,norm_only,2992,1177,1,0,0.4455295503139496
lraa,1676,norm_only,2993,2620,0,0,0.4263215959072113
lraa,1676,norm_only,2994,2259,0,0,0.4196479618549347
lraa,1676,norm_only,2995,2492,1,0,0.4951173663139343
lraa,1676,norm_only,2996,2307,0,0,0.39981165528297424
lraa,1676,norm_only,2997,384,1,0,0.4873073995113373
lraa,1676,norm_only,2998,584,0,0,0.4407099783420563
lraa,1676,norm_only,2999,958,1,1,0.5195213556289673
lraa,1676,norm_only,3000,1042,0,0,0.42823338508605957
lraa,1676,norm_only,3001,1432,1,0,0.4990234673023224
lraa,1676,norm_only,3002,1354,1,1,0.5973730087280273
lraa,1676,norm_only,3003,1228,0,0,0.4668456017971039
lraa,1676,norm_only,3004,647,0,0,0.4765796661376953
lraa,1676,norm_only,3005,381,1,1,0.5457699298858643
lraa,1676,norm_only,3006,979,1,1,0.5039061903953552
lraa,1676,norm_only,3007,1656,0,0,0.47755417227745056
lraa,1676,norm_only,3008,2087,1,1,0.5515737533569336
lraa,1676,norm_only,3009,815,1,1,0.5688949227333069
lraa,1676,norm_only,3010,1661,1,1,0.5573635101318359
lraa,1676,norm_only,3011,1707,1,1,0.5058591365814209
lraa,1676,norm_only,3012,507,1,1,0.5107405185699463
lraa,1676,norm_only,3013,2493,0,0,0.4407099783420563
lraa,1676,norm_only,3014,1722,1,0,0.475605309009552
lraa,1676,norm_only,3015,836,0,0,0.4464946985244751
lraa,1676,norm_only,3016,1695,1,1,0.5136684775352478
lraa,1676,norm_only,3017,2592,0,0,0.42250463366508484
lraa,1676,norm_only,3018,2159,1,1,0.5936092734336853
lraa,1676,norm_only,3019,678,0,1,0.5544704794883728
lraa,1676,norm_only,3020,2553,1,1,0.5698526501655579
lraa,1676,norm_only,3021,2465,0,0,0.4455295503139496
lraa,1676,norm_only,3022,1637,1,1,0.5117166042327881
lraa,1676,norm_only,3023,775,1,0,0.4843800961971283
lraa,1676,norm_only,3024,622,1,1,0.5331543684005737
lraa,1676,norm_only,3025,620,0,0,0.4522939622402191
lraa,1676,norm_only,3026,1383,0,0,0.4522939622402191
lraa,1676,norm_only,3027,2456,1,1,0.5860491394996643
lraa,1676,norm_only,3028,1985,0,0,0.43494123220443726
lraa,1676,norm_only,3029,1459,1,1,0.5273165106773376
lraa,1676,norm_only,3030,533,1,1,0.5214711427688599
lraa,1676,norm_only,3031,2379,1,1,0.543832540512085
lraa,1676,norm_only,3032,1860,0,0,0.45132651925086975
lraa,1676,norm_only,3033,1045,0,0,0.38214144110679626
lraa,1676,norm_only,3034,160,0,0,0.4834045171737671
lraa,1676,norm_only,3035,2060,0,0,0.46101680397987366
lraa,1676,norm_only,3036,2019,0,0,0.438785195350647
lraa,1676,norm_only,3037,2317,1,1,0.5794004201889038
lraa,1676,norm_only,3038,723,0,0,0.46587347984313965
lraa,1676,norm_only,3039,1131,0,1,0.5428633093833923
lraa,1676,norm_only,3040,2448,0,0,0.42155182361602783
lraa,1676,norm_only,3041,2169,0,0,0.4590761363506317
lraa,1676,norm_only,3042,850,1,1,0.562176525592804
lraa,1676,norm_only,3043,1724,1,1,0.5165954232215881
lraa,1676,norm_only,3044,2231,1,1,0.5350984334945679
lraa,1676,norm_only,3045,997,1,0,0.44167301058769226
lraa,1676,norm_only,3046,1726,1,1,0.5535053014755249
lraa,1676,norm_only,3047,1344,0,0,0.4148988127708435
lraa,1676,norm_only,3048,1805,1,0,0.4765796661376953
lraa,1676,norm_only,3049,2408,0,1,0.5898345112800598
lraa,1676,norm_only,3050,605,1,1,0.5698526501655579
lraa,1676,norm_only,3051,1421,0,1,0.5175709128379822
lraa,1676,norm_only,3052,2582,1,1,0.5832033753395081
lraa,1676,norm_only,3053,1961,1,1,0.5457699298858643
lraa,1676,norm_only,3054,1714,1,1,0.5448014140129089
lraa,1676,norm_only,3055,102,1,1,0.5486735105514526
lraa,1676,norm_only,3056,1373,0,0,0.47852882742881775
lraa,1676,norm_only,3057,1875,1,0,0.47852882742881775
lraa,1676,norm_only,3058,2647,1,1,0.5554351806640625
lraa,1676,norm_only,3059,2640,1,1,0.541893720626831
lraa,1676,norm_only,3060,200,1,1,0.5535053014755249
lraa,1676,norm_only,3061,2314,0,0,0.45519861578941345
lraa,1676,norm_only,3062,1510,0,0,0.44167301058769226
lraa,1676,norm_only,3063,1336,1,1,0.5650587677955627
lraa,1676,norm_only,3064,1472,1,1,0.5602526664733887
lraa,1676,norm_only,3065,1483,1,1,0.543832540512085
lraa,1676,norm_only,3066,1013,1,1,0.5477060079574585
lraa,1676,norm_only,3067,1912,0,0,0.4484263062477112
lraa,1676,norm_only,3068,945,0,0,0.42823338508605957
lraa,1676,norm_only,3069,2257,1,1,0.561214804649353
lraa,1676,norm_only,3070,1767,1,1,0.5803520083427429
lraa,1676,norm_only,3071,914,1,1,0.5467381477355957
lraa,1676,norm_only,3072,327,0,0,0.4882833957672119
lraa,1676,norm_only,3073,2344,1,1,0.5515737533569336
lraa,1676,norm_only,3074,2802,0,0,0.45519861578941345
lraa,1676,norm_only,3075,2568,1,1,0.5708098411560059
lraa,1676,norm_only,3076,2738,1,1,0.5563995838165283
lraa,1676,norm_only,3077,2026,1,1,0.5583269596099854
lraa,1676,norm_only,3078,579,1,1,0.501953125
lraa,1676,norm_only,3079,1529,1,1,0.5428633093833923
lraa,1676,norm_only,3080,2169,0,0,0.4678179919719696
lraa,1676,norm_only,3081,1136,0,0,0.46004629135131836
lraa,1676,norm_only,3082,1023,1,1,0.5389832258224487
lraa,1676,norm_only,3083,1938,1,1,0.5822535157203674
lraa,1676,norm_only,3084,987,0,0,0.48535576462745667
lraa,1676,norm_only,3085,2535,0,0,0.43974730372428894
lraa,1676,norm_only,3086,2368,0,0,0.4522939622402191
lraa,1676,norm_only,3087,654,0,0,0.4139508903026581
lraa,1676,norm_only,3088,2859,1,1,0.5097643733024597
lraa,1676,norm_only,3089,475,0,0,0.4263215959072113
lraa,1676,norm_only,3090,2226,0,0,0.4532618820667267
lraa,1676,norm_only,3091,505,0,0,0.4263215959072113
lraa,1676,norm_only,3092,2342,1,1,0.5573635101318359
lraa,1676,norm_only,3093,243,0,0,0.47073662281036377
lraa,1676,norm_only,3094,466,1,1,0.5592900514602661
lraa,1676,norm_only,3095,509,0,0,0.45810624957084656
lraa,1676,norm_only,3096,530,1,1,0.5341265201568604
lraa,1676,norm_only,3097,2874,1,1,0.5428633093833923
lraa,1676,norm_only,3098,1970,1,1,0.5399537086486816
lraa,1676,norm_only,3099,236,0,0,0.43974730372428894
lraa,1676,norm_only,3100,2073,1,1,0.541893720626831
lraa,1676,norm_only,3101,411,1,1,0.5165954232215881
lraa,1676,norm_only,3102,2694,1,1,0.5602526664733887
lraa,1676,norm_only,3103,1258,0,0,0.47950369119644165
lraa,1676,norm_only,3104,569,1,1,0.5573635101318359
lraa,1676,norm_only,3105,2896,1,1,0.5457699298858643
lraa,1676,norm_only,3106,2039,1,1,0.5765419602394104
lraa,1676,norm_only,3107,2764,0,0,0.46587347984313965
lraa,1676,norm_only,3108,1423,1,1,0.5341265201568604
lraa,1676,norm_only,3109,2779,1,1,0.5117166042327881
lraa,1676,norm_only,3110,1571,1,1,0.5273165106773376
lraa,1676,norm_only,3111,2708,0,1,0.5
lraa,1676,norm_only,3112,1944,0,0,0.4139508903026581
lraa,1676,norm_only,3113,62,0,0,0.4687906503677368
lraa,1676,norm_only,3114,708,1,1,0.5583269596099854
lraa,1676,norm_only,3115,208,1,1,0.5457699298858643
lraa,1676,norm_only,3116,1813,1,1,0.5341265201568604
lraa,1676,norm_only,3117,2908,1,1,0.5669777989387512
lraa,1676,norm_only,3118,1607,1,1,0.5331543684005737
lraa,1676,norm_only,3119,2171,1,1,0.543832540512085
lraa,1676,norm_only,3120,123,0,0,0.43974730372428894
lraa,1676,norm_only,3121,2457,0,0,0.4148988127708435
lraa,1676,norm_only,3122,299,0,0,0.4522939622402191
lraa,1676,norm_only,3123,73,1,1,0.5688949227333069
lraa,1676,norm_only,3124,2346,1,0,0.4814538359642029
lraa,1676,norm_only,3125,1731,1,1,0.561214804649353
lraa,1676,norm_only,3126,2270,0,0,0.45519861578941345
lraa,1676,norm_only,3127,1396,1,1,0.5467381477355957
lraa,1676,norm_only,3128,1870,1,1,0.6001883149147034
lraa,1676,norm_only,3129,1132,0,1,0.5165954232215881
lraa,1676,norm_only,3130,1241,0,0,0.4339814782142639
lraa,1676,norm_only,3131,358,1,1,0.5841525197029114
lraa,1676,norm_only,3132,1563,1,1,0.5784481763839722
lraa,1676,norm_only,3133,2403,0,0,0.4484263062477112
lraa,1676,norm_only,3134,1587,1,1,0.5389832258224487
lraa,1676,norm_only,3135,2690,1,1,0.5175709128379822
lraa,1676,norm_only,3136,1651,1,1,0.6039317846298218
lraa,1676,norm_only,3137,661,0,1,0.5535053014755249
lraa,1676,norm_only,3138,2080,0,0,0.41774648427963257
lraa,1676,norm_only,3139,2039,1,1,0.5496405959129333
lraa,1676,norm_only,3140,2750,1,1,0.5832033753395081
lraa,1676,norm_only,3141,1293,1,0,0.4892594516277313
lraa,1676,norm_only,3142,1383,0,0,0.4101654887199402
lraa,1676,norm_only,3143,1424,1,1,0.6011253595352173
lraa,1676,norm_only,3144,1295,0,0,0.4339814782142639
lraa,1676,norm_only,3145,800,1,1,0.532181978225708
lraa,1676,norm_only,3146,282,1,1,0.531209409236908
lraa,1676,norm_only,3147,2735,1,1,0.5515737533569336
lraa,1676,norm_only,3148,2534,1,1,0.5204963088035583
lraa,1676,norm_only,3149,1066,1,1,0.562176525592804
lraa,1676,norm_only,3150,1822,1,1,0.5117166042327881
lraa,1676,norm_only,3151,2890,1,1,0.5448014140129089
lraa,1676,norm_only,3152,2598,0,0,0.4882833957672119
lraa,1676,norm_only,3153,1039,1,1,0.6011253595352173
lraa,1676,norm_only,3154,2030,1,1,0.5331543684005737
lraa,1676,norm_only,3155,2586,0,0,0.47852882742881775
lraa,1676,norm_only,3156,758,0,0,0.43206340074539185
lraa,1676,norm_only,3157,129,1,1,0.5331543684005737
lraa,1676,norm_only,3158,560,0,0,0.4843800961971283
lraa,1676,norm_only,3159,2788,1,1,0.5156199336051941
lraa,1676,norm_only,3160,1503,0,0,0.4484263062477112
lraa,1676,norm_only,3161,2057,1,1,0.5602526664733887
lraa,1676,norm_only,3162,406,1,1,0.5292633771896362
lraa,1676,norm_only,3163,1841,1,1,0.596433162689209
lraa,1676,norm_only,3164,2103,1,0,0.4668456017971039
lraa,1676,norm_only,3165,2114,1,1,0.6011253595352173
lraa,1676,norm_only,3166,2867,0,0,0.4330221712589264
lraa,1676,norm_only,3167,370,1,0,0.45519861578941345
lraa,1676,norm_only,3168,642,1,1,0.6123096346855164
lraa,1676,norm_only,3169,1628,0,0,0.4359015226364136
lraa,1676,norm_only,3170,1796,0,0,0.46587347984313965
lraa,1676,norm_only,3171,1198,1,1,0.5736784338951111
lraa,1676,norm_only,3172,956,0,1,0.5
lraa,1676,norm_only,3173,2383,1,0,0.4990234673023224
lraa,1676,norm_only,3174,761,1,1,0.5380124449729919
lraa,1676,norm_only,3175,1172,1,1,0.5765419602394104
lraa,1676,norm_only,3176,1604,1,1,0.5224458575248718
lraa,1676,norm_only,3177,219,1,1,0.532181978225708
lraa,1676,norm_only,3178,2392,1,1,0.5282900333404541
lraa,1676,norm_only,3179,1331,1,1,0.5698526501655579
lraa,1676,norm_only,3180,1441,0,0,0.4484263062477112
lraa,1676,norm_only,3181,2172,1,1,0.5457699298858643
lraa,1676,norm_only,3182,1244,0,0,0.4445647895336151
lraa,1676,norm_only,3183,2381,1,1,0.5370413661003113
lraa,1676,norm_only,3184,2239,1,1,0.5602526664733887
lraa,1676,norm_only,3185,923,0,0,0.4455295503139496
lraa,1676,norm_only,3186,2232,1,1,0.5087881684303284
lraa,1676,norm_only,3187,2010,1,1,0.524394690990448
lraa,1676,norm_only,3188,991,0,0,0.475605309009552
lraa,1676,norm_only,3189,2810,0,0,0.44167301058769226
lraa,1676,norm_only,3190,2530,0,0,0.4882833957672119
lraa,1676,norm_only,3191,1523,0,0,0.46976351737976074
lraa,1676,norm_only,3192,954,1,1,0.5898345112800598
lraa,1676,norm_only,3193,1872,0,0,0.40544870495796204
lraa,1676,norm_only,3194,1455,0,0,0.42823338508605957
lraa,1676,norm_only,3195,1437,0,0,0.43782350420951843
lraa,1676,norm_only,3196,2352,0,0,0.46101680397987366
lraa,1676,norm_only,3197,137,1,1,0.541893720626831
lraa,1676,norm_only,3198,2745,1,1,0.5640984773635864
lraa,1676,norm_only,3199,839,1,1,0.5679365992546082
lraa,1676,norm_only,3200,1193,1,1,0.5165954232215881
lraa,1676,norm_only,3201,2006,1,1,0.5350984334945679
lraa,1676,norm_only,3202,1771,0,0,0.4445647895336151
lraa,1676,norm_only,3203,1436,0,1,0.5068355202674866
lraa,1676,norm_only,3204,2504,0,0,0.4843800961971283
lraa,1676,norm_only,3205,133,1,1,0.6141626238822937
lraa,1676,norm_only,3206,2320,1,1,0.5602526664733887
lraa,1676,norm_only,3207,2871,0,0,0.45519861578941345
lraa,1676,norm_only,3208,2214,1,1,0.5360700488090515
lraa,1676,norm_only,3209,2564,1,1,0.5869964361190796
lraa,1676,norm_only,3210,322,1,0,0.4931644797325134
lraa,1676,norm_only,3211,401,1,1,0.5525397062301636
lraa,1676,norm_only,3212,1078,0,0,0.4436004161834717
lraa,1676,norm_only,3213,157,0,0,0.4484263062477112
lraa,1676,norm_only,3214,2529,1,1,0.5983121991157532
lraa,1676,norm_only,3215,889,1,1,0.5794004201889038
lraa,1676,norm_only,3216,1871,0,0,0.4639299511909485
lraa,1676,norm_only,3217,2340,1,1,0.5554351806640625
lraa,1676,norm_only,3218,5,1,1,0.5380124449729919
lraa,1676,norm_only,3219,121,1,1,0.5175709128379822
lraa,1676,norm_only,3220,1479,0,0,0.46295860409736633
lraa,1676,norm_only,3221,1526,0,0,0.42823338508605957
lraa,1676,norm_only,3222,2438,1,0,0.4882833957672119
lraa,1676,norm_only,3223,2751,0,1,0.5068355202674866
lraa,1676,norm_only,3224,1113,0,0,0.42536652088165283
lraa,1676,norm_only,3225,360,1,1,0.5746335387229919
lraa,1676,norm_only,3226,2848,0,0,0.41774648427963257
lraa,1676,norm_only,3227,767,1,0,0.4590761363506317
lraa,1676,norm_only,3228,2682,1,1,0.5448014140129089
lraa,1676,norm_only,3229,1819,1,1,0.5515737533569336
lraa,1676,norm_only,3230,399,1,1,0.5048826336860657
lraa,1676,norm_only,3231,115,1,1,0.5273165106773376
lraa,1676,norm_only,3232,328,1,1,0.5224458575248718
lraa,1676,norm_only,3233,2895,1,1,0.541893720626831
lraa,1676,norm_only,3234,897,0,0,0.4263215959072113
lraa,1676,norm_only,3235,1846,0,0,0.42536652088165283
lraa,1676,norm_only,3236,2739,1,1,0.5253688097000122
lraa,1676,norm_only,3237,1417,1,1,0.5409238338470459
lraa,1676,norm_only,3238,1532,1,1,0.5039061903953552
lraa,1676,norm_only,3239,1185,1,1,0.5573635101318359
lraa,1676,norm_only,3240,352,1,1,0.5009765625
lraa,1676,norm_only,3241,817,1,1,0.5350984334945679
lraa,1676,norm_only,3242,2898,1,1,0.5554351806640625
lraa,1676,norm_only,3243,857,1,1,0.5669777989387512
lraa,1676,norm_only,3244,495,0,0,0.4359015226364136
lraa,1676,norm_only,3245,1255,1,1,0.5765419602394104
lraa,1676,norm_only,3246,1490,1,1,0.5058591365814209
lraa,1676,norm_only,3247,1035,1,1,0.5822535157203674
lraa,1676,norm_only,3248,1732,0,0,0.4484263062477112
lraa,1676,norm_only,3249,455,1,1,0.5428633093833923
lraa,1676,norm_only,3250,2622,1,1,0.5126925706863403
lraa,1676,norm_only,3251,472,1,1,0.5851011276245117
lraa,1676,norm_only,3252,1711,1,1,0.5602526664733887
lraa,1676,norm_only,3253,1365,1,0,0.47852882742881775
lraa,1676,norm_only,3254,2557,1,1,0.561214804649353
lraa,1676,norm_only,3255,2887,0,0,0.4804786741733551
lraa,1676,norm_only,3256,1422,0,0,0.45035937428474426
lraa,1676,norm_only,3257,1133,1,1,0.5736784338951111
lraa,1676,norm_only,3258,1216,0,0,0.4407099783420563
lraa,1676,norm_only,3259,1603,0,0,0.42823338508605957
lraa,1676,norm_only,3260,437,0,0,0.46587347984313965
lraa,1676,norm_only,3261,1106,1,1,0.5302364826202393
lraa,1676,norm_only,3262,2134,0,0,0.4834045171737671
lraa,1676,norm_only,3263,141,1,1,0.5156199336051941
lraa,1676,norm_only,3264,2048,1,0,0.4873073995113373
lraa,1676,norm_only,3265,1650,1,1,0.5331543684005737
lraa,1676,norm_only,3266,1923,1,1,0.5535053014755249
lraa,1676,norm_only,3267,1689,1,1,0.5650587677955627
lraa,1676,norm_only,3268,37,1,1,0.5165954232215881
lraa,1676,norm_only,3269,555,0,0,0.43782350420951843
lraa,1676,off,0,2461,0,1,0.5
lraa,1676,off,1,652,1,1,0.531209409236908
lraa,1676,off,2,694,1,1,0.5428633093833923
lraa,1676,off,3,1750,1,1,0.5660185217857361
lraa,1676,off,4,1356,1,1,0.5068355202674866
lraa,1676,off,5,1061,0,0,0.45519861578941345
lraa,1676,off,6,1159,1,1,0.5341265201568604
lraa,1676,off,7,2712,1,1,0.5409238338470459
lraa,1676,off,8,741,1,1,0.524394690990448
lraa,1676,off,9,2320,1,1,0.5535053014755249
lraa,1676,off,10,2845,1,1,0.5204963088035583
lraa,1676,off,11,2427,0,0,0.46490156650543213
lraa,1676,off,12,1377,1,0,0.4445647895336151
lraa,1676,off,13,2556,1,1,0.5009765625
lraa,1676,off,14,250,1,1,0.5535053014755249
lraa,1676,off,15,366,1,1,0.5389832258224487
lraa,1676,off,16,552,1,1,0.5370413661003113
lraa,1676,off,17,1806,1,1,0.5631377100944519
lraa,1676,off,18,2637,1,1,0.5165954232215881
lraa,1676,off,19,1116,1,1,0.5898345112800598
lraa,1676,off,20,1854,0,0,0.4765796661376953
lraa,1676,off,21,580,1,1,0.5097643733024597
lraa,1676,off,22,460,1,1,0.5136684775352478
lraa,1676,off,23,1326,1,1,0.5525397062301636
lraa,1676,off,24,514,1,0,0.46004629135131836
lraa,1676,off,25,2687,1,1,0.5525397062301636
lraa,1676,off,26,760,1,1,0.5282900333404541
lraa,1676,off,27,2644,0,0,0.47073662281036377
lraa,1676,off,28,2211,1,1,0.5640984773635864
lraa,1676,off,29,319,1,1,0.5822535157203674
lraa,1676,off,30,1904,1,1,0.5679365992546082
lraa,1676,off,31,2776,1,1,0.5708098411560059
lraa,1676,off,32,79,0,0,0.43014732003211975
lraa,1676,off,33,2863,1,1,0.5009765625
lraa,1676,off,34,2290,1,1,0.5506073832511902
lraa,1676,off,35,466,1,1,0.5448014140129089
lraa,1676,off,36,1201,0,0,0.4474602937698364
lraa,1676,off,37,577,1,1,0.5457699298858643
lraa,1676,off,38,2136,0,0,0.4814538359642029
lraa,1676,off,39,2307,0,0,0.40544870495796204
lraa,1676,off,40,2777,1,1,0.5428633093833923
lraa,1676,off,41,2198,0,0,0.44263648986816406
lraa,1676,off,42,2915,1,1,0.5029296278953552
lraa,1676,off,43,2480,0,0,0.4073334336280823
lraa,1676,off,44,51,1,1,0.5660185217857361
lraa,1676,off,45,2020,1,1,0.5292633771896362
lraa,1676,off,46,2010,1,1,0.5698526501655579
lraa,1676,off,47,193,1,1,0.5679365992546082
lraa,1676,off,48,2614,1,1,0.5467381477355957
lraa,1676,off,49,2184,1,0,0.43782350420951843
lraa,1676,off,50,109,1,1,0.5214711427688599
lraa,1676,off,51,2054,1,1,0.5669777989387512
lraa,1676,off,52,2380,0,0,0.4532618820667267
lraa,1676,off,53,1701,1,1,0.5204963088035583
lraa,1676,off,54,904,0,0,0.46976351737976074
lraa,1676,off,55,1675,0,1,0.5039061903953552
lraa,1676,off,56,2023,1,1,0.5486735105514526
lraa,1676,off,57,2337,1,1,0.5467381477355957
lraa,1676,off,58,1693,0,0,0.45423004031181335
lraa,1676,off,59,1596,1,1,0.5803520083427429
lraa,1676,off,60,1648,0,0,0.4765796661376953
lraa,1676,off,61,32,0,0,0.4130035638809204
lraa,1676,off,62,274,0,0,0.4834045171737671
lraa,1676,off,63,2462,1,1,0.5640984773635864
lraa,1676,off,64,772,1,1,0.5525397062301636
lraa,1676,off,65,747,1,0,0.4736572504043579
lraa,1676,off,66,1981,1,0,0.4843800961971283
lraa,1676,off,67,556,0,0,0.46101680397987366
lraa,1676,off,68,135,0,0,0.47073662281036377
lraa,1676,off,69,869,1,1,0.5331543684005737
lraa,1676,off,70,523,1,1,0.5554351806640625
lraa,1676,off,71,112,1,0,0.4931644797325134
lraa,1676,off,72,2393,0,0,0.498046875
lraa,1676,off,73,442,1,1,0.5592900514602661
lraa,1676,off,74,986,1,1,0.590779185295105
lraa,1676,off,75,2269,1,1,0.5058591365814209
lraa,1676,off,76,1195,0,0,0.46587347984313965
lraa,1676,off,77,1647,0,0,0.4368622899055481
lraa,1676,off,78,2589,1,1,0.5399537086486816
lraa,1676,off,79,2775,0,0,0.438785195350647
lraa,1676,off,80,1337,0,0,0.43014732003211975
lraa,1676,off,81,2507,1,1,0.5755879878997803
lraa,1676,off,82,1553,0,0,0.4717099368572235
lraa,1676,off,83,2406,1,1,0.5224458575248718
lraa,1676,off,84,1087,0,1,0.5350984334945679
lraa,1676,off,85,2355,1,1,0.5253688097000122
lraa,1676,off,86,1965,1,1,0.543832540512085
lraa,1676,off,87,201,1,1,0.5698526501655579
lraa,1676,off,88,750,1,1,0.5888891220092773
lraa,1676,off,89,304,1,1,0.5544704794883728
lraa,1676,off,90,1123,1,1,0.5097643733024597
lraa,1676,off,91,1899,1,1,0.5126925706863403
lraa,1676,off,92,91,1,1,0.5851011276245117
lraa,1676,off,93,1659,1,1,0.5708098411560059
lraa,1676,off,94,2311,1,1,0.5506073832511902
lraa,1676,off,95,1298,0,0,0.4990234673023224
lraa,1676,off,96,2443,1,1,0.5486735105514526
lraa,1676,off,97,2913,1,1,0.5477060079574585
lraa,1676,off,98,636,0,0,0.46198752522468567
lraa,1676,off,99,863,0,0,0.46490156650543213
lraa,1676,off,100,1427,1,1,0.541893720626831
lraa,1676,off,101,81,0,1,0.5302364826202393
lraa,1676,off,102,835,1,1,0.5350984334945679
lraa,1676,off,103,353,0,0,0.4736572504043579
lraa,1676,off,104,517,1,1,0.5292633771896362
lraa,1676,off,105,1134,1,1,0.5389832258224487
lraa,1676,off,106,634,0,0,0.4196479618549347
lraa,1676,off,107,1207,0,0,0.45423004031181335
lraa,1676,off,108,499,0,1,0.5350984334945679
lraa,1676,off,109,953,0,0,0.4687906503677368
lraa,1676,off,110,2089,1,1,0.562176525592804
lraa,1676,off,111,1488,1,1,0.5302364826202393
lraa,1676,off,112,2330,0,0,0.42155182361602783
lraa,1676,off,113,2174,1,1,0.5165954232215881
lraa,1676,off,114,235,1,1,0.5736784338951111
lraa,1676,off,115,2477,1,1,0.5009765625
lraa,1676,off,116,1545,1,1,0.5592900514602661
lraa,1676,off,117,185,1,1,0.5544704794883728
lraa,1676,off,118,1380,0,0,0.43206340074539185
lraa,1676,off,119,891,1,0,0.4407099783420563
lraa,1676,off,120,1536,1,1,0.524394690990448
lraa,1676,off,121,2532,1,1,0.5554351806640625
lraa,1676,off,122,2528,0,0,0.4863315522670746
lraa,1676,off,123,968,0,0,0.4436004161834717
lraa,1676,off,124,376,1,1,0.5457699298858643
lraa,1676,off,125,2475,0,0,0.4765796661376953
lraa,1676,off,126,2307,0,0,0.40922078490257263
lraa,1676,off,127,658,0,0,0.4016878008842468
lraa,1676,off,128,2671,1,1,0.5341265201568604
lraa,1676,off,129,1252,0,0,0.4902355968952179
lraa,1676,off,130,1301,1,1,0.5535053014755249
lraa,1676,off,131,2562,1,1,0.5350984334945679
lraa,1676,off,132,1947,0,0,0.4522939622402191
lraa,1676,off,133,2296,0,0,0.46976351737976074
lraa,1676,off,134,1176,0,0,0.4455295503139496
lraa,1676,off,135,1922,1,1,0.5650587677955627
lraa,1676,off,136,1860,1,1,0.5185462236404419
lraa,1676,off,137,124,0,0,0.4863315522670746
lraa,1676,off,138,493,1,1,0.5496405959129333
lraa,1676,off,139,2527,0,0,0.4902355968952179
lraa,1676,off,140,2309,0,1,0.5234203934669495
lraa,1676,off,141,1463,0,0,0.4330221712589264
lraa,1676,off,142,2579,1,1,0.5467381477355957
lraa,1676,off,143,1640,1,1,0.5746335387229919
lraa,1676,off,144,1762,0,0,0.4311051368713379
lraa,1676,off,145,1425,1,1,0.5331543684005737
lraa,1676,off,146,1516,1,1,0.5736784338951111
lraa,1676,off,147,2081,1,1,0.5350984334945679
lraa,1676,off,148,695,0,0,0.4196479618549347
lraa,1676,off,149,646,1,1,0.541893720626831
lraa,1676,off,150,1876,0,0,0.43494123220443726
lraa,1676,off,151,2793,1,1,0.5640984773635864
lraa,1676,off,152,34,1,1,0.5860491394996643
lraa,1676,off,153,244,0,0,0.45810624957084656
lraa,1676,off,154,2145,0,0,0.45519861578941345
lraa,1676,off,155,1016,1,0,0.4892594516277313
lraa,1676,off,156,2260,0,0,0.4484263062477112
lraa,1676,off,157,2167,1,1,0.5486735105514526
lraa,1676,off,158,341,1,1,0.5350984334945679
lraa,1676,off,159,1025,1,1,0.532181978225708
lraa,1676,off,160,2588,1,1,0.532181978225708
lraa,1676,off,161,1580,1,1,0.5535053014755249
lraa,1676,off,162,444,1,1,0.5616957545280457
lraa,1676,off,163,756,1,1,0.5117166042327881
lraa,1676,off,164,78,0,1,0.5263427495956421
lraa,1676,off,165,2095,0,1,0.5273165106773376
lraa,1676,off,166,2266,1,1,0.5477060079574585
lraa,1676,off,167,2291,0,1,0.5009765625
lraa,1676,off,168,1575,0,0,0.4464946985244751
lraa,1676,off,169,785,0,0,0.4359015226364136
lraa,1676,off,170,2448,0,0,0.46004629135131836
lraa,1676,off,171,1054,0,0,0.4035668969154358
lraa,1676,off,172,2868,1,1,0.5029296278953552
lraa,1676,off,173,2872,0,0,0.47268345952033997
lraa,1676,off,174,447,1,1,0.562176525592804
lraa,1676,off,175,562,1,1,0.5708098411560059
lraa,1676,off,176,1927,0,0,0.43974730372428894
lraa,1676,off,177,1898,1,0,0.4951173663139343
lraa,1676,off,178,369,0,0,0.45519861578941345
lraa,1676,off,179,1307,0,0,0.4717099368572235
lraa,1676,off,180,1733,1,0,0.475605309009552
lraa,1676,off,181,2310,0,0,0.4474602937698364
lraa,1676,off,182,140,1,1,0.5156199336051941
lraa,1676,off,183,644,1,1,0.5457699298858643
lraa,1676,off,184,1949,0,0,0.45713675022125244
lraa,1676,off,185,461,1,1,0.5717666149139404
lraa,1676,off,186,1105,1,1,0.5688949227333069
lraa,1676,off,187,1075,1,1,0.5544704794883728
lraa,1676,off,188,1138,1,1,0.5331543684005737
lraa,1676,off,189,890,1,1,0.5428633093833923
lraa,1676,off,190,1766,1,1,0.5380124449729919
lraa,1676,off,191,84,1,1,0.5156199336051941
lraa,1676,off,192,2124,1,1,0.532181978225708
lraa,1676,off,193,1917,1,1,0.5389832258224487
lraa,1676,off,194,2407,1,1,0.5146442651748657
lraa,1676,off,195,535,1,1,0.5097643733024597
lraa,1676,off,196,2106,0,0,0.4678179919719696
lraa,1676,off,197,2115,0,0,0.4263215959072113
lraa,1676,off,198,2937,0,0,0.48535576462745667
lraa,1676,off,199,763,1,1,0.5660185217857361
lraa,1676,off,200,2041,1,1,0.5097643733024597
lraa,1676,off,201,1812,1,1,0.5175709128379822
lraa,1676,off,202,1862,1,1,0.5078118443489075
lraa,1676,off,203,1955,0,1,0.5029296278953552
lraa,1676,off,204,855,1,1,0.5204963088035583
lraa,1676,off,205,2417,1,1,0.5486735105514526
lraa,1676,off,206,1238,0,0,0.4902355968952179
lraa,1676,off,207,1849,1,1,0.5602526664733887
lraa,1676,off,208,1671,0,0,0.46587347984313965
lraa,1676,off,209,2088,0,0,0.4941408932209015
lraa,1676,off,210,480,1,1,0.5746335387229919
lraa,1676,off,211,1881,0,1,0.5126925706863403
lraa,1676,off,212,1005,0,0,0.4330221712589264
lraa,1676,off,213,2339,1,1,0.5350984334945679
lraa,1676,off,214,157,0,0,0.4445647895336151
lraa,1676,off,215,2924,1,1,0.5669777989387512
lraa,1676,off,216,171,0,0,0.45035937428474426
lraa,1676,off,217,125,1,1,0.5708098411560059
lraa,1676,off,218,1146,1,1,0.5515737533569336
lraa,1676,off,219,2316,1,1,0.5669777989387512
lraa,1676,off,220,1713,0,0,0.49218812584877014
lraa,1676,off,221,668,0,0,0.46976351737976074
lraa,1676,off,222,577,0,0,0.4436004161834717
lraa,1676,off,223,798,0,0,0.45810624957084656
lraa,1676,off,224,185,1,1,0.5496405959129333
lraa,1676,off,225,2225,0,0,0.4902355968952179
lraa,1676,off,226,1857,1,1,0.5380124449729919
lraa,1676,off,227,2766,1,1,0.5583269596099854
lraa,1676,off,228,1787,1,0,0.4892594516277313
lraa,1676,off,229,628,0,1,0.532181978225708
lraa,1676,off,230,2082,1,1,0.5448014140129089
lraa,1676,off,231,1270,1,1,0.543832540512085
lraa,1676,off,232,843,1,1,0.5727227926254272
lraa,1676,off,233,1550,0,0,0.4882833957672119
lraa,1676,off,234,2001,1,1,0.5698526501655579
lraa,1676,off,235,2335,0,0,0.4532618820667267
lraa,1676,off,236,2798,0,0,0.47268345952033997
lraa,1676,off,237,1635,1,1,0.5234203934669495
lraa,1676,off,238,2760,1,1,0.5698526501655579
lraa,1676,off,239,286,0,0,0.4139508903026581
lraa,1676,off,240,1617,1,1,0.5467381477355957
lraa,1676,off,241,423,1,1,0.5048826336860657
lraa,1676,off,242,211,0,0,0.438785195350647
lraa,1676,off,243,2839,0,0,0.4148988127708435
lraa,1676,off,244,409,1,1,0.524394690990448
lraa,1676,off,245,2016,1,1,0.5448014140129089
lraa,1676,off,246,467,0,0,0.4493926465511322
lraa,1676,off,247,4,1,1,0.5389832258224487
lraa,1676,off,248,1341,1,1,0.5156199336051941
lraa,1676,off,249,2657,1,1,0.5803520083427429
lraa,1676,off,250,1879,1,1,0.5350984334945679
lraa,1676,off,251,1861,1,1,0.5525397062301636
lraa,1676,off,252,1032,1,1,0.5544704794883728
lraa,1676,off,253,529,1,1,0.5794004201889038
lraa,1676,off,254,1350,1,1,0.5331543684005737
lraa,1676,off,255,2445,1,1,0.501953125
lraa,1676,off,256,463,1,1,0.5727227926254272
lraa,1676,off,257,797,1,1,0.5195213556289673
lraa,1676,off,258,1403,0,0,0.45810624957084656
lraa,1676,off,259,1328,0,0,0.4970703423023224
lraa,1676,off,260,1859,0,0,0.4639299511909485
lraa,1676,off,261,2829,1,1,0.5640984773635864
lraa,1676,off,262,154,1,1,0.5563995838165283
lraa,1676,off,263,2489,1,1,0.5448014140129089
lraa,1676,off,264,1710,1,1,0.541893720626831
lraa,1676,off,265,2219,1,1,0.5350984334945679
lraa,1676,off,266,966,1,1,0.5583269596099854
lraa,1676,off,267,259,1,1,0.5535053014755249
lraa,1676,off,268,132,0,0,0.4101654887199402
lraa,1676,off,269,124,0,0,0.47755417227745056
lraa,1676,off,270,1496,1,1,0.5506073832511902
lraa,1676,off,271,827,0,0,0.42727723717689514
lraa,1676,off,272,331,0,0,0.4834045171737671
lraa,1676,off,273,1333,1,1,0.5851011276245117
lraa,1676,off,274,1284,1,1,0.5602526664733887
lraa,1676,off,275,75,0,0,0.42919009923934937
lraa,1676,off,276,1453,0,1,0.5039061903953552
lraa,1676,off,277,1894,0,0,0.4445647895336151
lraa,1676,off,278,2013,1,1,0.5165954232215881
lraa,1676,off,279,118,1,1,0.5688949227333069
lraa,1676,off,280,2059,1,1,0.5583269596099854
lraa,1676,off,281,1914,1,1,0.5399537086486816
lraa,1676,off,282,700,0,0,0.4436004161834717
lraa,1676,off,283,2818,1,1,0.5428633093833923
lraa,1676,off,284,2717,0,0,0.4561675190925598
lraa,1676,off,285,1616,1,1,0.5746335387229919
lraa,1676,off,286,883,1,1,0.5563995838165283
lraa,1676,off,287,563,1,1,0.531209409236908
lraa,1676,off,288,1680,1,0,0.47268345952033997
lraa,1676,off,289,2071,0,0,0.4863315522670746
lraa,1676,off,290,2341,0,0,0.43782350420951843
lraa,1676,off,291,2680,0,0,0.45132651925086975
lraa,1676,off,292,2815,1,1,0.543832540512085
lraa,1676,off,293,1946,0,0,0.44263648986816406
lraa,1676,off,294,1642,0,1,0.5078118443489075
lraa,1676,off,295,2495,1,1,0.5592900514602661
lraa,1676,off,296,802,1,1,0.5583269596099854
lraa,1676,off,297,1878,1,0,0.4765796661376953
lraa,1676,off,298,801,0,0,0.4445647895336151
lraa,1676,off,299,1141,1,1,0.5784481763839722
lraa,1676,off,300,1737,0,0,0.45423004031181335
lraa,1676,off,301,2831,0,1,0.5126925706863403
lraa,1676,off,302,1399,0,0,0.4263215959072113
lraa,1676,off,303,918,1,1,0.5973730087280273
lraa,1676,off,304,2193,0,0,0.4736572504043579
lraa,1676,off,305,1024,1,1,0.5009765625
lraa,1676,off,306,1128,1,1,0.5253688097000122
lraa,1676,off,307,175,1,1,0.5477060079574585
lraa,1676,off,308,71,0,0,0.45713675022125244
lraa,1676,off,309,2589,1,1,0.5370413661003113
lraa,1676,off,310,544,1,1,0.5525397062301636
lraa,1676,off,311,1033,0,0,0.4130035638809204
lraa,1676,off,312,2531,0,0,0.43782350420951843
lraa,1676,off,313,1296,1,1,0.5535053014755249
lraa,1676,off,314,2185,1,1,0.561214804649353
lraa,1676,off,315,2076,1,0,0.4892594516277313
lraa,1676,off,316,2284,0,0,0.46490156650543213
lraa,1676,off,317,249,1,1,0.501953125
lraa,1676,off,318,2245,1,1,0.5370413661003113
lraa,1676,off,319,1446,1,1,0.5602526664733887
lraa,1676,off,320,2315,1,0,0.4814538359642029
lraa,1676,off,321,1310,1,1,0.5888891220092773
lraa,1676,off,322,35,1,1,0.5360700488090515
lraa,1676,off,323,2574,1,1,0.501953125
lraa,1676,off,324,2035,1,1,0.5370413661003113
lraa,1676,off,325,2604,1,1,0.5097643733024597
lraa,1676,off,326,2261,0,0,0.4804786741733551
lraa,1676,off,327,859,0,0,0.42919009923934937
lraa,1676,off,328,2098,1,1,0.5669777989387512
lraa,1676,off,329,1265,1,1,0.5573635101318359
lraa,1676,off,330,28,1,1,0.5631377100944519
lraa,1676,off,331,1044,1,1,0.5563995838165283
lraa,1676,off,332,1374,1,1,0.5360700488090515
lraa,1676,off,333,2918,1,1,0.5669777989387512
lraa,1676,off,334,1183,0,0,0.4892594516277313
lraa,1676,off,335,2421,0,0,0.46198752522468567
lraa,1676,off,336,641,1,0,0.4931644797325134
lraa,1676,off,337,286,1,1,0.5631377100944519
lraa,1676,off,338,679,1,1,0.5009765625
lraa,1676,off,339,27,0,0,0.45810624957084656
lraa,1676,off,340,2726,1,1,0.5389832258224487
lraa,1676,off,341,1598,0,0,0.41774648427963257
lraa,1676,off,342,2178,1,1,0.5039061903953552
lraa,1676,off,343,1937,1,1,0.5175709128379822
lraa,1676,off,344,1392,1,1,0.5755879878997803
lraa,1676,off,345,873,1,1,0.590779185295105
lraa,1676,off,346,494,1,1,0.5292633771896362
lraa,1676,off,347,711,1,1,0.6141626238822937
lraa,1676,off,348,2626,1,1,0.5544704794883728
lraa,1676,off,349,2860,1,1,0.5058591365814209
lraa,1676,off,350,184,0,1,0.5428633093833923
lraa,1676,off,351,227,0,0,0.4407099783420563
lraa,1676,off,352,1963,1,1,0.5515737533569336
lraa,1676,off,353,2676,1,1,0.5058591365814209
lraa,1676,off,354,1772,0,0,0.47073662281036377
lraa,1676,off,355,2121,0,0,0.4804786741733551
lraa,1676,off,356,233,1,1,0.5380124449729919
lraa,1676,off,357,974,0,0,0.4330221712589264
lraa,1676,off,358,1706,1,1,0.531209409236908
lraa,1676,off,359,705,0,0,0.43014732003211975
lraa,1676,off,360,1038,1,1,0.5234203934669495
lraa,1676,off,361,2774,1,1,0.5496405959129333
lraa,1676,off,362,310,1,1,0.5195213556289673
lraa,1676,off,363,2607,0,0,0.4532618820667267
lraa,1676,off,364,1502,1,1,0.581303060054779
lraa,1676,off,365,2869,0,0,0.4445647895336151
lraa,1676,off,366,217,1,1,0.5156199336051941
lraa,1676,off,367,356,0,0,0.4590761363506317
lraa,1676,off,368,1327,1,1,0.5496405959129333
lraa,1676,off,369,2294,0,0,0.41111084818840027
lraa,1676,off,370,2857,0,1,0.5292633771896362
lraa,1676,off,371,457,1,1,0.5746335387229919
lraa,1676,off,372,377,1,1,0.5640984773635864
lraa,1676,off,373,1743,0,0,0.41205692291259766
lraa,1676,off,374,1393,1,1,0.5331543684005737
lraa,1676,off,375,1145,1,1,0.5428633093833923
lraa,1676,off,376,1072,1,1,0.5535053014755249
lraa,1676,off,377,1419,1,1,0.5389832258224487
lraa,1676,off,378,1789,1,1,0.5841525197029114
lraa,1676,off,379,1978,1,1,0.5544704794883728
lraa,1676,off,380,1674,1,1,0.5592900514602661
lraa,1676,off,381,1246,1,1,0.5496405959129333
lraa,1676,off,382,256,1,0,0.491211861371994
lraa,1676,off,383,2521,1,1,0.5544704794883728
lraa,1676,off,384,586,1,0,0.4941408932209015
lraa,1676,off,385,2418,1,1,0.5803520083427429
lraa,1676,off,386,1114,1,1,0.5477060079574585
lraa,1676,off,387,176,0,1,0.5097643733024597
lraa,1676,off,388,338,1,0,0.42536652088165283
lraa,1676,off,389,1665,1,1,0.5583269596099854
lraa,1676,off,390,721,1,1,0.5602526664733887
lraa,1676,off,391,2235,1,1,0.5969031453132629
lraa,1676,off,392,2643,1,1,0.531209409236908
lraa,1676,off,393,2549,0,0,0.4078049957752228
lraa,1676,off,394,2216,0,1,0.541893720626831
lraa,1676,off,395,796,0,1,0.5234203934669495
lraa,1676,off,396,1380,0,0,0.43782350420951843
lraa,1676,off,397,227,0,0,0.43782350420951843
lraa,1676,off,398,2410,1,0,0.49218812584877014
lraa,1676,off,399,1109,1,1,0.5302364826202393
lraa,1676,off,400,2759,1,0,0.46004629135131836
lraa,1676,off,401,1292,0,0,0.4311051368713379
lraa,1676,off,402,1941,1,1,0.5698526501655579
lraa,1676,off,403,1966,0,0,0.43014732003211975
lraa,1676,off,404,2444,0,0,0.4474602937698364
lraa,1676,off,405,1826,0,0,0.47950369119644165
lraa,1676,off,406,2498,1,1,0.5360700488090515
lraa,1676,off,407,1195,1,1,0.5851011276245117
lraa,1676,off,408,1556,1,1,0.5253688097000122
lraa,1676,off,409,2470,1,1,0.5736784338951111
lraa,1676,off,410,1378,1,1,0.5563995838165283
lraa,1676,off,411,295,0,0,0.4736572504043579
lraa,1676,off,412,1195,1,1,0.562176525592804
lraa,1676,off,413,675,0,0,0.4493926465511322
lraa,1676,off,414,150,0,0,0.4455295503139496
lraa,1676,off,415,2756,0,0,0.4493926465511322
lraa,1676,off,416,618,0,0,0.45423004031181335
lraa,1676,off,417,944,1,1,0.5573635101318359
lraa,1676,off,418,2120,1,1,0.5496405959129333
lraa,1676,off,419,2479,1,1,0.5698526501655579
lraa,1676,off,420,2506,0,0,0.43014732003211975
lraa,1676,off,421,1918,1,1,0.5282900333404541
lraa,1676,off,422,266,0,0,0.45519861578941345
lraa,1676,off,423,2181,0,0,0.49609383940696716
lraa,1676,off,424,1267,1,1,0.5650587677955627
lraa,1676,off,425,21,0,0,0.4436004161834717
lraa,1676,off,426,931,0,0,0.48535576462745667
lraa,1676,off,427,768,0,0,0.4436004161834717
lraa,1676,off,428,2660,1,1,0.5477060079574585
lraa,1676,off,429,2414,1,0,0.4687906503677368
lraa,1676,off,430,1866,1,1,0.5428633093833923
lraa,1676,off,431,1264,1,1,0.5448014140129089
lraa,1676,off,432,1317,1,1,0.5698526501655579
lraa,1676,off,433,2376,0,0,0.44167301058769226
lraa,1676,off,434,383,0,0,0.48535576462745667
lraa,1676,off,435,445,0,1,0.5736784338951111
lraa,1676,off,436,482,0,0,0.4101654887199402
lraa,1676,off,437,742,1,1,0.532181978225708
lraa,1676,off,438,1976,1,1,0.5496405959129333
lraa,1676,off,439,2585,1,1,0.5506073832511902
lraa,1676,off,440,1549,0,0,0.46295860409736633
lraa,1676,off,441,1179,1,1,0.5107405185699463
lraa,1676,off,442,1957,1,1,0.5669777989387512
lraa,1676,off,443,955,1,1,0.5832033753395081
lraa,1676,off,444,2672,1,1,0.5214711427688599
lraa,1676,off,445,403,1,1,0.5428633093833923
lraa,1676,off,446,2583,0,1,0.531209409236908
lraa,1676,off,447,2003,1,1,0.5640984773635864
lraa,1676,off,448,1161,1,0,0.4970703423023224
lraa,1676,off,449,2451,0,1,0.5
lraa,1676,off,450,1106,0,1,0.5107405185699463
lraa,1676,off,451,271,1,1,0.5592900514602661
lraa,1676,off,452,8,0,0,0.47852882742881775
lraa,1676,off,453,526,1,1,0.5195213556289673
lraa,1676,off,454,562,1,1,0.5631377100944519
lraa,1676,off,455,84,1,1,0.5224458575248718
lraa,1676,off,456,1280,0,0,0.4746311902999878
lraa,1676,off,457,1405,1,1,0.6011253595352173
lraa,1676,off,458,948,1,1,0.5097643733024597
lraa,1676,off,459,2357,1,1,0.5302364826202393
lraa,1676,off,460,2218,1,0,0.4746311902999878
lraa,1676,off,461,1160,1,1,0.531209409236908
lraa,1676,off,462,1867,1,1,0.532181978225708
lraa,1676,off,463,541,0,0,0.43782350420951843
lraa,1676,off,464,2784,0,0,0.4436004161834717
lraa,1676,off,465,2390,1,1,0.5350984334945679
lraa,1676,off,466,2902,1,0,0.47852882742881775
lraa,1676,off,467,2375,0,0,0.4263215959072113
lraa,1676,off,468,2876,1,1,0.5765419602394104
lraa,1676,off,469,285,1,1,0.5563995838165283
lraa,1676,off,470,1480,1,1,0.5224458575248718
lraa,1676,off,471,1150,1,1,0.5058591365814209
lraa,1676,off,472,736,1,1,0.5331543684005737
lraa,1676,off,473,2699,1,1,0.5389832258224487
lraa,1676,off,474,1358,1,1,0.5457699298858643
lraa,1676,off,475,2904,1,1,0.5496405959129333
lraa,1676,off,476,867,0,1,0.5341265201568604
lraa,1676,off,477,788,1,1,0.543832540512085
lraa,1676,off,478,1370,0,1,0.5592900514602661
lraa,1676,off,479,825,0,0,0.4522939622402191
lraa,1676,off,480,2047,0,0,0.4892594516277313
lraa,1676,off,481,1206,0,0,0.4474602937698364
lraa,1676,off,482,215,1,1,0.5409238338470459
lraa,1676,off,483,1857,0,0,0.43014732003211975
lraa,1676,off,484,1822,1,1,0.5068355202674866
lraa,1676,off,485,2170,1,1,0.5544704794883728
lraa,1676,off,486,596,0,1,0.5234203934669495
lraa,1676,off,487,1740,1,1,0.5794004201889038
lraa,1676,off,488,1299,0,0,0.4639299511909485
lraa,1676,off,489,2147,0,0,0.4474602937698364
lraa,1676,off,490,486,0,0,0.4311051368713379
lraa,1676,off,491,271,1,1,0.5736784338951111
lraa,1676,off,492,845,1,1,0.561214804649353
lraa,1676,off,493,1779,0,0,0.41869691014289856
lraa,1676,off,494,1909,1,1,0.5039061903953552
lraa,1676,off,495,1723,1,1,0.5717666149139404
lraa,1676,off,496,2210,1,0,0.4834045171737671
lraa,1676,off,497,1030,1,1,0.5428633093833923
lraa,1676,off,498,593,0,0,0.4436004161834717
lraa,1676,off,499,2348,0,0,0.45132651925086975
lraa,1676,off,500,2685,0,0,0.41869691014289856
lraa,1676,off,501,1457,1,1,0.5370413661003113
lraa,1676,off,502,849,1,1,0.6076632142066956
lraa,1676,off,503,1060,1,0,0.4532618820667267
lraa,1676,off,504,237,0,0,0.4746311902999878
lraa,1676,off,505,2252,1,1,0.5331543684005737
lraa,1676,off,506,2325,0,0,0.43974730372428894
lraa,1676,off,507,978,0,0,0.4464946985244751
lraa,1676,off,508,2018,0,1,0.5563995838165283
lraa,1676,off,509,2255,0,0,0.4311051368713379
lraa,1676,off,510,732,1,1,0.5380124449729919
lraa,1676,off,511,404,0,0,0.46587347984313965
lraa,1676,off,512,2045,0,0,0.45423004031181335
lraa,1676,off,513,1543,1,1,0.5544704794883728
lraa,1676,off,514,724,1,1,0.5380124449729919
lraa,1676,off,515,521,0,0,0.45519861578941345
lraa,1676,off,516,2033,0,1,0.5428633093833923
lraa,1676,off,517,682,0,0,0.42823338508605957
lraa,1676,off,518,462,1,1,0.5660185217857361
lraa,1676,off,519,2240,1,1,0.543832540512085
lraa,1676,off,520,2227,0,0,0.45423004031181335
lraa,1676,off,521,1089,1,1,0.562176525592804
lraa,1676,off,522,2442,1,1,0.5126925706863403
lraa,1676,off,523,2375,1,1,0.524394690990448
lraa,1676,off,524,470,1,1,0.5736784338951111
lraa,1676,off,525,1676,0,0,0.42727723717689514
lraa,1676,off,526,1375,0,0,0.45713675022125244
lraa,1676,off,527,992,1,1,0.6048657894134521
lraa,1676,off,528,288,1,1,0.5331543684005737
lraa,1676,off,529,378,1,1,0.5506073832511902
lraa,1676,off,530,1832,0,0,0.42919009923934937
lraa,1676,off,531,1565,0,0,0.4484263062477112
lraa,1676,off,532,1297,0,0,0.4339814782142639
lraa,1676,off,533,1052,0,1,0.5214711427688599
lraa,1676,off,534,1349,1,1,0.5457699298858643
lraa,1676,off,535,1609,1,1,0.5563995838165283
lraa,1676,off,536,727,0,1,0.5048826336860657
lraa,1676,off,537,793,1,1,0.5573635101318359
lraa,1676,off,538,1774,1,1,0.5068355202674866
lraa,1676,off,539,504,1,1,0.5822535157203674
lraa,1676,off,540,363,1,0,0.47268345952033997
lraa,1676,off,541,2487,1,0,0.47073662281036377
lraa,1676,off,542,1068,1,1,0.5360700488090515
lraa,1676,off,543,2078,0,0,0.39606815576553345
lraa,1676,off,544,2828,1,1,0.5350984334945679
lraa,1676,off,545,2129,1,0,0.4639299511909485
lraa,1676,off,546,2381,1,1,0.5650587677955627
lraa,1676,off,547,2428,1,1,0.561214804649353
lraa,1676,off,548,1364,0,0,0.4493926465511322
lraa,1676,off,549,339,1,1,0.5496405959129333
lraa,1676,off,550,338,0,0,0.40922078490257263
lraa,1676,off,551,2247,0,0,0.4234580099582672
lraa,1676,off,552,1070,0,1,0.5136684775352478
lraa,1676,off,553,451,1,1,0.5380124449729919
lraa,1676,off,554,381,1,1,0.5467381477355957
lraa,1676,off,555,1831,0,0,0.475605309009552
lraa,1676,off,556,343,1,1,0.5370413661003113
lraa,1676,off,557,963,1,1,0.5448014140129089
lraa,1676,off,558,1240,1,1,0.5602526664733887
lraa,1676,off,559,419,0,0,0.43206340074539185
lraa,1676,off,560,368,0,0,0.46295860409736633
lraa,1676,off,561,147,1,1,0.501953125
lraa,1676,off,562,2890,0,0,0.4532618820667267
lraa,1676,off,563,439,0,0,0.4368622899055481
lraa,1676,off,564,1050,0,0,0.46490156650543213
lraa,1676,off,565,1601,0,0,0.42727723717689514
lraa,1676,off,566,2513,0,0,0.42823338508605957
lraa,1676,off,567,2286,0,0,0.46587347984313965
lraa,1676,off,568,2625,0,0,0.43782350420951843
lraa,1676,off,569,1249,0,0,0.4144247770309448
lraa,1676,off,570,1462,1,0,0.4765796661376953
lraa,1676,off,571,666,0,0,0.46101680397987366
lraa,1676,off,572,309,1,1,0.561214804649353
lraa,1676,off,573,1342,1,1,0.5341265201568604
lraa,1676,off,574,393,1,1,0.5544704794883728
lraa,1676,off,575,2690,1,1,0.5126925706863403
lraa,1676,off,576,80,1,1,0.5224458575248718
lraa,1676,off,577,1824,1,1,0.5399537086486816
lraa,1676,off,578,1704,0,1,0.5146442651748657
lraa,1676,off,579,484,1,0,0.4746311902999878
lraa,1676,off,580,667,0,0,0.4484263062477112
lraa,1676,off,581,578,0,0,0.46295860409736633
lraa,1676,off,582,958,1,1,0.5146442651748657
lraa,1676,off,583,538,1,1,0.5399537086486816
lraa,1676,off,584,2877,1,0,0.4717099368572235
lraa,1676,off,585,607,0,0,0.41111084818840027
lraa,1676,off,586,2322,1,1,0.5302364826202393
lraa,1676,off,587,506,1,0,0.4941408932209015
lraa,1676,off,588,1456,0,0,0.49218812584877014
lraa,1676,off,589,1778,1,1,0.5486735105514526
lraa,1676,off,590,1777,1,1,0.5688949227333069
lraa,1676,off,591,1144,0,0,0.42155182361602783
lraa,1676,off,592,1746,0,0,0.4687906503677368
lraa,1676,off,593,890,0,0,0.491211861371994
lraa,1676,off,594,1572,1,1,0.6011253595352173
lraa,1676,off,595,1821,0,0,0.46976351737976074
lraa,1676,off,596,1798,1,1,0.5234203934669495
lraa,1676,off,597,2615,1,1,0.5535053014755249
lraa,1676,off,598,1147,1,1,0.5380124449729919
lraa,1676,off,599,2131,1,1,0.562176525592804
lraa,1676,off,600,793,1,1,0.5331543684005737
lraa,1676,off,601,840,1,1,0.5302364826202393
lraa,1676,off,602,1084,0,0,0.4639299511909485
lraa,1676,off,603,1669,1,0,0.4931644797325134
lraa,1676,off,604,2288,0,0,0.4522939622402191
lraa,1676,off,605,2233,0,1,0.531209409236908
lraa,1676,off,606,729,1,1,0.581303060054779
lraa,1676,off,607,349,1,1,0.5506073832511902
lraa,1676,off,608,1289,1,1,0.541893720626831
lraa,1676,off,609,1573,0,0,0.4990234673023224
lraa,1676,off,610,597,1,1,0.5669777989387512
lraa,1676,off,611,2400,1,1,0.5048826336860657
lraa,1676,off,612,2789,1,1,0.5185462236404419
lraa,1676,off,613,1494,1,1,0.5331543684005737
lraa,1676,off,614,1184,0,0,0.4049779772758484
lraa,1676,off,615,639,1,1,0.5573635101318359
lraa,1676,off,616,2544,1,1,0.5399537086486816
lraa,1676,off,617,952,1,1,0.5592900514602661
lraa,1676,off,618,1497,1,1,0.5029296278953552
lraa,1676,off,619,448,1,1,0.5409238338470459
lraa,1676,off,620,892,0,0,0.4804786741733551
lraa,1676,off,621,1236,1,1,0.5774953961372375
lraa,1676,off,622,331,1,0,0.4951173663139343
lraa,1676,off,623,633,1,1,0.5631377100944519
lraa,1676,off,624,917,1,1,0.5282900333404541
lraa,1676,off,625,1314,1,1,0.5156199336051941
lraa,1676,off,626,1168,1,1,0.5224458575248718
lraa,1676,off,627,1480,1,1,0.5399537086486816
lraa,1676,off,628,818,1,1,0.5282900333404541
lraa,1676,off,629,1009,0,0,0.4843800961971283
lraa,1676,off,630,222,0,1,0.5477060079574585
lraa,1676,off,631,769,1,1,0.5669777989387512
lraa,1676,off,632,2519,1,1,0.5370413661003113
lraa,1676,off,633,2361,0,0,0.4902355968952179
lraa,1676,off,634,400,0,1,0.5078118443489075
lraa,1676,off,635,277,1,1,0.5399537086486816
lraa,1676,off,636,660,1,1,0.5146442651748657
lraa,1676,off,637,1692,1,1,0.5048826336860657
lraa,1676,off,638,1934,0,0,0.4590761363506317
lraa,1676,off,639,1460,0,0,0.46101680397987366
lraa,1676,off,640,1230,1,1,0.5525397062301636
lraa,1676,off,641,1645,0,0,0.4532618820667267
lraa,1676,off,642,1475,1,1,0.5146442651748657
lraa,1676,off,643,96,1,1,0.5573635101318359
lraa,1676,off,644,1136,0,0,0.4474602937698364
lraa,1676,off,645,2809,1,1,0.543832540512085
lraa,1676,off,646,1501,1,0,0.45132651925086975
lraa,1676,off,647,264,0,0,0.4445647895336151
lraa,1676,off,648,1594,1,1,0.5477060079574585
lraa,1676,off,649,587,1,1,0.5698526501655579
lraa,1676,off,650,414,1,1,0.5860491394996643
lraa,1676,off,651,942,0,0,0.3970029056072235
lraa,1676,off,652,2641,1,1,0.5822535157203674
lraa,1676,off,653,436,0,0,0.48535576462745667
lraa,1676,off,654,1717,1,1,0.5457699298858643
lraa,1676,off,655,1877,1,1,0.5583269596099854
lraa,1676,off,656,1626,1,1,0.5097643733024597
lraa,1676,off,657,2040,0,0,0.46295860409736633
lraa,1676,off,658,2420,1,1,0.5808276534080505
lraa,1676,off,659,2521,1,1,0.5708098411560059
lraa,1676,off,660,158,1,1,0.561214804649353
lraa,1676,off,661,1312,1,1,0.5058591365814209
lraa,1676,off,662,31,0,1,0.5273165106773376
lraa,1676,off,663,1151,1,1,0.5679365992546082
lraa,1676,off,664,2815,1,1,0.5428633093833923
lraa,1676,off,665,1195,0,0,0.46976351737976074
lraa,1676,off,666,1141,1,1,0.5803520083427429
lraa,1676,off,667,2024,0,0,0.4765796661376953
lraa,1676,off,668,1842,1,1,0.5399537086486816
lraa,1676,off,669,1345,1,1,0.5583269596099854
lraa,1676,off,670,2783,1,1,0.5950219631195068
lraa,1676,off,671,1873,1,1,0.5214711427688599
lraa,1676,off,672,1905,1,1,0.5165954232215881
lraa,1676,off,673,2834,1,1,0.5931380391120911
lraa,1676,off,674,1853,0,0,0.4493926465511322
lraa,1676,off,675,1407,1,1,0.5146442651748657
lraa,1676,off,676,2148,0,0,0.4493926465511322
lraa,1676,off,677,1186,0,0,0.45423004031181335
lraa,1676,off,678,1845,0,0,0.46101680397987366
lraa,1676,off,679,273,0,0,0.4407099783420563
lraa,1676,off,680,764,1,1,0.543832540512085
lraa,1676,off,681,2673,1,0,0.45519861578941345
lraa,1676,off,682,1649,1,1,0.5380124449729919
lraa,1676,off,683,820,1,0,0.4843800961971283
lraa,1676,off,684,1694,0,0,0.43974730372428894
lraa,1676,off,685,860,1,1,0.5253688097000122
lraa,1676,off,686,2730,0,0,0.46101680397987366
lraa,1676,off,687,1685,0,0,0.4843800961971283
lraa,1676,off,688,887,1,1,0.5669777989387512
lraa,1676,off,689,2009,1,1,0.5185462236404419
lraa,1676,off,690,1397,0,0,0.44263648986816406
lraa,1676,off,691,2430,1,1,0.5794004201889038
lraa,1676,off,692,1892,1,1,0.5341265201568604
lraa,1676,off,693,174,1,1,0.5841525197029114
lraa,1676,off,694,2096,1,1,0.5457699298858643
lraa,1676,off,695,1138,0,0,0.43206340074539185
lraa,1676,off,696,364,1,1,0.5175709128379822
lraa,1676,off,697,120,0,0,0.40544870495796204
lraa,1676,off,698,1735,0,0,0.4464946985244751
lraa,1676,off,699,468,1,1,0.5457699298858643
lraa,1676,off,700,1421,1,1,0.5360700488090515
lraa,1676,off,701,2849,1,1,0.5214711427688599
lraa,1676,off,702,1578,0,0,0.46101680397987366
lraa,1676,off,703,1448,1,1,0.562176525592804
lraa,1676,off,704,203,1,1,0.5515737533569336
lraa,1676,off,705,1975,0,0,0.4736572504043579
lraa,1676,off,706,2926,1,1,0.561214804649353
lraa,1676,off,707,751,0,0,0.43494123220443726
lraa,1676,off,708,2583,0,1,0.5253688097000122
lraa,1676,off,709,2093,0,0,0.4244120121002197
lraa,1676,off,710,334,1,1,0.5399537086486816
lraa,1676,off,711,783,1,1,0.5727227926254272
lraa,1676,off,712,1822,0,0,0.4970703423023224
lraa,1676,off,713,611,1,0,0.45519861578941345
lraa,1676,off,714,1994,1,1,0.5380124449729919
lraa,1676,off,715,1882,1,1,0.5331543684005737
lraa,1676,off,716,795,1,1,0.5165954232215881
lraa,1676,off,717,407,1,1,0.5185462236404419
lraa,1676,off,718,2313,1,1,0.5292633771896362
lraa,1676,off,719,625,1,1,0.5794004201889038
lraa,1676,off,720,746,0,0,0.4464946985244751
lraa,1676,off,721,1281,1,1,0.5794004201889038
lraa,1676,off,722,1614,1,1,0.5746335387229919
lraa,1676,off,723,2,0,0,0.46490156650543213
lraa,1676,off,724,466,1,1,0.5765419602394104
lraa,1676,off,725,143,1,1,0.5195213556289673
lraa,1676,off,726,2273,1,1,0.5808276534080505
lraa,1676,off,727,2285,0,0,0.4474602937698364
lraa,1676,off,728,1113,0,0,0.4339814782142639
lraa,1676,off,729,2499,1,1,0.5640984773635864
lraa,1676,off,730,2500,0,0,0.47073662281036377
lraa,1676,off,731,1582,1,1,0.5535053014755249
lraa,1676,off,732,1835,1,1,0.5822535157203674
lraa,1676,off,733,557,1,1,0.5774953961372375
lraa,1676,off,734,2882,1,1,0.5097643733024597
lraa,1676,off,735,2707,1,1,0.5331543684005737
lraa,1676,off,736,1499,0,0,0.498046875
lraa,1676,off,737,2025,0,0,0.40922078490257263
lraa,1676,off,738,1379,1,1,0.5655386447906494
lraa,1676,off,739,412,1,1,0.5563995838165283
lraa,1676,off,740,969,0,1,0.501953125
lraa,1676,off,741,483,1,1,0.6113819479942322
lraa,1676,off,742,1062,1,1,0.5660185217857361
lraa,1676,off,743,9,1,1,0.5156199336051941
lraa,1676,off,744,2061,1,1,0.5457699298858643
lraa,1676,off,745,683,1,1,0.5973730087280273
lraa,1676,off,746,2482,0,1,0.5389832258224487
lraa,1676,off,747,2452,0,0,0.4522939622402191
lraa,1676,off,748,2396,0,0,0.498046875
lraa,1676,off,749,1191,1,1,0.5755879878997803
lraa,1676,off,750,1055,1,0,0.4717099368572235
lraa,1676,off,751,2893,1,1,0.5048826336860657
lraa,1676,off,752,325,0,0,0.45035937428474426
lraa,1676,off,753,875,1,1,0.5515737533569336
lraa,1676,off,754,2720,0,0,0.46198752522468567
lraa,1676,off,755,1411,1,0,0.4882833957672119
lraa,1676,off,756,1071,1,1,0.5486735105514526
lraa,1676,off,757,1811,1,1,0.5117166042327881
lraa,1676,off,758,161,0,0,0.4073334336280823
lraa,1676,off,759,2760,1,1,0.5755879878997803
lraa,1676,off,760,621,1,1,0.532181978225708
lraa,1676,off,761,2132,0,0,0.46198752522468567
lraa,1676,off,762,2836,0,0,0.42919009923934937
lraa,1676,off,763,399,1,0,0.4931644797325134
lraa,1676,off,764,2243,1,1,0.5117166042327881
lraa,1676,off,765,686,1,0,0.491211861371994
lraa,1676,off,766,2910,1,1,0.5273165106773376
lraa,1676,off,767,2674,1,1,0.5146442651748657
lraa,1676,off,768,1515,1,1,0.6039317846298218
lraa,1676,off,769,2384,1,1,0.5669777989387512
lraa,1676,off,770,1836,0,0,0.46004629135131836
lraa,1676,off,771,198,1,1,0.5554351806640625
lraa,1676,off,772,2749,1,1,0.5399537086486816
lraa,1676,off,773,1699,1,1,0.5774953961372375
lraa,1676,off,774,69,0,1,0.5
lraa,1676,off,775,1139,0,0,0.47852882742881775
lraa,1676,off,776,950,0,0,0.44263648986816406
lraa,1676,off,777,1234,1,0,0.4902355968952179
lraa,1676,off,778,1018,1,1,0.5204963088035583
lraa,1676,off,779,2304,1,1,0.5563995838165283
lraa,1676,off,780,386,1,1,0.543832540512085
lraa,1676,off,781,2646,1,1,0.562176525592804
lraa,1676,off,782,1269,0,0,0.4287117123603821
lraa,1676,off,783,232,0,1,0.5048826336860657
lraa,1676,off,784,450,0,0,0.4882833957672119
lraa,1676,off,785,1576,1,0,0.49609383940696716
lraa,1676,off,786,1759,0,0,0.45035937428474426
lraa,1676,off,787,1268,0,0,0.4561675190925598
lraa,1676,off,788,223,1,1,0.5688949227333069
lraa,1676,off,789,2162,0,0,0.4736572504043579
lraa,1676,off,790,974,0,0,0.43782350420951843
lraa,1676,off,791,1620,1,1,0.590779185295105
lraa,1676,off,792,2067,1,1,0.5214711427688599
lraa,1676,off,793,2736,1,1,0.5068355202674866
lraa,1676,off,794,784,0,0,0.4330221712589264
lraa,1676,off,795,262,1,1,0.5755879878997803
lraa,1676,off,796,1747,1,1,0.5331543684005737
lraa,1676,off,797,728,0,0,0.4804786741733551
lraa,1676,off,798,263,1,1,0.5448014140129089
lraa,1676,off,799,1208,1,1,0.5039061903953552
lraa,1676,off,800,292,0,0,0.4263215959072113
lraa,1676,off,801,1333,1,1,0.5592900514602661
lraa,1676,off,802,619,1,1,0.5409238338470459
lraa,1676,off,803,2616,1,1,0.5175709128379822
lraa,1676,off,804,279,0,0,0.45519861578941345
lraa,1676,off,805,935,1,1,0.5117166042327881
lraa,1676,off,806,452,1,1,0.5350984334945679
lraa,1676,off,807,362,0,0,0.46490156650543213
lraa,1676,off,808,1320,1,1,0.5048826336860657
lraa,1676,off,809,2605,1,0,0.4765796661376953
lraa,1676,off,810,2716,1,1,0.5602526664733887
lraa,1676,off,811,1900,1,1,0.5698526501655579
lraa,1676,off,812,1961,1,1,0.5496405959129333
lraa,1676,off,813,2785,1,1,0.5983121991157532
lraa,1676,off,814,985,1,1,0.5602526664733887
lraa,1676,off,815,2433,0,0,0.4493926465511322
lraa,1676,off,816,1629,0,0,0.4804786741733551
lraa,1676,off,817,2870,1,1,0.5457699298858643
lraa,1676,off,818,1270,1,1,0.5204963088035583
lraa,1676,off,819,12,1,0,0.4765796661376953
lraa,1676,off,820,2597,1,1,0.562176525592804
lraa,1676,off,821,454,1,0,0.47950369119644165
lraa,1676,off,822,2086,0,0,0.44263648986816406
lraa,1676,off,823,512,1,1,0.5573635101318359
lraa,1676,off,824,2755,0,0,0.42250463366508484
lraa,1676,off,825,2276,1,1,0.5350984334945679
lraa,1676,off,826,1125,1,1,0.5525397062301636
lraa,1676,off,827,351,1,1,0.5234203934669495
lraa,1676,off,828,899,0,1,0.5156199336051941
lraa,1676,off,829,122,1,1,0.5078118443489075
lraa,1676,off,830,1547,1,1,0.5535053014755249
lraa,1676,off,831,148,0,1,0.543832540512085
lraa,1676,off,832,1096,0,0,0.4873073995113373
lraa,1676,off,833,2815,1,1,0.561214804649353
lraa,1676,off,834,943,1,1,0.5282900333404541
lraa,1676,off,835,1430,1,1,0.5573635101318359
lraa,1676,off,836,2693,1,1,0.5224458575248718
lraa,1676,off,837,2425,1,1,0.5380124449729919
lraa,1676,off,838,906,0,0,0.438785195350647
lraa,1676,off,839,458,0,0,0.4244120121002197
lraa,1676,off,840,913,0,0,0.4639299511909485
lraa,1676,off,841,2724,1,1,0.5477060079574585
lraa,1676,off,842,689,1,1,0.5234203934669495
lraa,1676,off,843,1366,1,1,0.5477060079574585
lraa,1676,off,844,2644,1,0,0.4668456017971039
lraa,1676,off,845,209,1,1,0.5273165106773376
lraa,1676,off,846,473,1,1,0.543832540512085
lraa,1676,off,847,770,1,1,0.5448014140129089
lraa,1676,off,848,503,0,0,0.43494123220443726
lraa,1676,off,849,178,0,0,0.45713675022125244
lraa,1676,off,850,114,0,0,0.4804786741733551
lraa,1676,off,851,2602,0,0,0.4892594516277313
lraa,1676,off,852,13,0,0,0.45423004031181335
lraa,1676,off,853,224,0,1,0.5087881684303284
lraa,1676,off,854,699,1,1,0.541893720626831
lraa,1676,off,855,550,1,1,0.5822535157203674
lraa,1676,off,856,1959,0,0,0.41774648427963257
lraa,1676,off,857,2668,1,1,0.5506073832511902
lraa,1676,off,858,2719,0,0,0.4484263062477112
lraa,1676,off,859,2846,1,1,0.5389832258224487
lraa,1676,off,860,1346,0,0,0.45132651925086975
lraa,1676,off,861,854,0,0,0.45035937428474426
lraa,1676,off,862,1887,0,0,0.4035668969154358
lraa,1676,off,863,1410,1,1,0.5602526664733887
lraa,1676,off,864,2884,0,0,0.43974730372428894
lraa,1676,off,865,2435,1,1,0.5370413661003113
lraa,1676,off,866,960,0,0,0.4311051368713379
lraa,1676,off,867,1980,0,1,0.5282900333404541
lraa,1676,off,868,919,1,1,0.5477060079574585
lraa,1676,off,869,743,0,0,0.41869691014289856
lraa,1676,off,870,1504,1,1,0.5389832258224487
lraa,1676,off,871,85,0,0,0.4814538359642029
lraa,1676,off,872,1085,1,1,0.5583269596099854
lraa,1676,off,873,853,0,0,0.48535576462745667
lraa,1676,off,874,964,1,1,0.5214711427688599
lraa,1676,off,875,2197,1,1,0.5688949227333069
lraa,1676,off,876,2345,0,0,0.4873073995113373
lraa,1676,off,877,1363,1,0,0.47755417227745056
lraa,1676,off,878,1599,0,0,0.46976351737976074
lraa,1676,off,879,814,0,0,0.4330221712589264
lraa,1676,off,880,1822,1,1,0.5165954232215881
lraa,1676,off,881,740,1,1,0.5263427495956421
lraa,1676,off,882,274,1,1,0.561214804649353
lraa,1676,off,883,20,0,0,0.43782350420951843
lraa,1676,off,884,819,0,0,0.4130035638809204
lraa,1676,off,885,2649,0,0,0.4445647895336151
lraa,1676,off,886,420,1,1,0.5688949227333069
lraa,1676,off,887,337,0,0,0.4765796661376953
lraa,1676,off,888,2578,1,1,0.5185462236404419
lraa,1676,off,889,1664,1,1,0.5573635101318359
lraa,1676,off,890,2323,0,0,0.4814538359642029
lraa,1676,off,891,274,0,0,0.48535576462745667
lraa,1676,off,892,715,1,1,0.5717666149139404
lraa,1676,off,893,1757,1,1,0.5477060079574585
lraa,1676,off,894,2580,0,0,0.4368622899055481
lraa,1676,off,895,1473,1,1,0.5997195839881897
lraa,1676,off,896,900,0,0,0.4484263062477112
lraa,1676,off,897,1558,0,0,0.4464946985244751
lraa,1676,off,898,2012,1,1,0.5602526664733887
lraa,1676,off,899,2363,0,0,0.4717099368572235
lraa,1676,off,900,2413,1,1,0.541893720626831
lraa,1676,off,901,2282,1,1,0.5292633771896362
lraa,1676,off,902,741,1,1,0.5822535157203674
lraa,1676,off,903,780,0,0,0.47073662281036377
lraa,1676,off,904,2494,1,1,0.5506073832511902
lraa,1676,off,905,2248,1,1,0.541893720626831
lraa,1676,off,906,2789,0,0,0.4941408932209015
lraa,1676,off,907,275,0,0,0.4736572504043579
lraa,1676,off,908,1027,1,1,0.5467381477355957
lraa,1676,off,909,1476,1,1,0.5765419602394104
lraa,1676,off,910,1175,0,0,0.43782350420951843
lraa,1676,off,911,1666,1,1,0.5554351806640625
lraa,1676,off,912,2850,0,0,0.4258440136909485
lraa,1676,off,913,1124,0,0,0.4484263062477112
lraa,1676,off,914,2128,1,1,0.5535053014755249
lraa,1676,off,915,511,1,1,0.5039061903953552
lraa,1676,off,916,1886,1,1,0.5573635101318359
lraa,1676,off,917,2878,0,0,0.46490156650543213
lraa,1676,off,918,1233,1,1,0.5204963088035583
lraa,1676,off,919,894,1,1,0.5746335387229919
lraa,1676,off,920,1691,0,0,0.47950369119644165
lraa,1676,off,921,737,1,0,0.4765796661376953
lraa,1676,off,922,2375,1,1,0.5380124449729919
lraa,1676,off,923,2436,1,1,0.5302364826202393
lraa,1676,off,924,1799,0,0,0.4073334336280823
lraa,1676,off,925,2740,0,0,0.438785195350647
lraa,1676,off,926,202,1,1,0.5736784338951111
lraa,1676,off,927,2512,1,1,0.5350984334945679
lraa,1676,off,928,1961,1,1,0.5457699298858643
lraa,1676,off,929,2919,1,1,0.5107405185699463
lraa,1676,off,930,2679,1,1,0.5389832258224487
lraa,1676,off,931,1482,0,0,0.4863315522670746
lraa,1676,off,932,1697,0,0,0.43782350420951843
lraa,1676,off,933,1996,1,1,0.5009765625
lraa,1676,off,934,2889,1,1,0.5822535157203674
lraa,1676,off,935,2011,1,1,0.5679365992546082
lraa,1676,off,936,1449,0,0,0.4445647895336151
lraa,1676,off,937,405,0,0,0.4746311902999878
lraa,1676,off,938,595,1,1,0.541893720626831
lraa,1676,off,939,982,1,1,0.5399537086486816
lraa,1676,off,940,1051,1,1,0.5341265201568604
lraa,1676,off,941,1637,1,1,0.5078118443489075
lraa,1676,off,942,1780,0,1,0.5370413661003113
lraa,1676,off,943,89,0,1,0.5126925706863403
lraa,1676,off,944,756,1,1,0.5165954232215881
lraa,1676,off,945,1138,1,1,0.5156199336051941
lraa,1676,off,946,916,1,0,0.4824291169643402
lraa,1676,off,947,1764,1,0,0.47950369119644165
lraa,1676,off,948,1522,1,1,0.5954925417900085
lraa,1676,off,949,522,1,1,0.5525397062301636
lraa,1676,off,950,2630,1,1,0.5592900514602661
lraa,1676,off,951,2069,1,0,0.45713675022125244
lraa,1676,off,952,2000,0,0,0.44794324040412903
lraa,1676,off,953,789,0,0,0.4445647895336151
lraa,1676,off,954,568,0,0,0.4368622899055481
lraa,1676,off,955,994,0,1,0.5
lraa,1676,off,956,1010,1,1,0.5592900514602661
lraa,1676,off,957,2558,1,1,0.5156199336051941
lraa,1676,off,958,2467,1,1,0.5822535157203674
lraa,1676,off,959,2888,1,0,0.4445647895336151
lraa,1676,off,960,128,1,1,0.5544704794883728
lraa,1676,off,961,2741,1,1,0.5573635101318359
lraa,1676,off,962,164,0,0,0.4717099368572235
lraa,1676,off,963,2787,1,1,0.5506073832511902
lraa,1676,off,964,2117,1,1,0.5263427495956421
lraa,1676,off,965,2320,1,1,0.5380124449729919
lraa,1676,off,966,2225,1,1,0.5156199336051941
lraa,1676,off,967,653,1,1,0.5409238338470459
lraa,1676,off,968,2478,1,1,0.5698526501655579
lraa,1676,off,969,1058,1,1,0.5380124449729919
lraa,1676,off,970,662,1,1,0.5273165106773376
lraa,1676,off,971,602,1,1,0.5954925417900085
lraa,1676,off,972,1857,0,0,0.4234580099582672
lraa,1676,off,973,1002,1,1,0.5736784338951111
lraa,1676,off,974,1514,1,1,0.5428633093833923
lraa,1676,off,975,476,1,1,0.5698526501655579
lraa,1676,off,976,2873,0,1,0.5146442651748657
lraa,1676,off,977,1546,1,1,0.5048826336860657
lraa,1676,off,978,1935,1,1,0.5097643733024597
lraa,1676,off,979,2301,0,0,0.46490156650543213
lraa,1676,off,980,52,0,1,0.5380124449729919
lraa,1676,off,981,59,1,1,0.5486735105514526
lraa,1676,off,982,2244,1,1,0.562176525592804
lraa,1676,off,983,2196,0,0,0.46101680397987366
lraa,1676,off,984,2471,0,0,0.47268345952033997
lraa,1676,off,985,2752,0,0,0.4970703423023224
lraa,1676,off,986,1195,1,1,0.561214804649353
lraa,1676,off,987,284,1,1,0.5602526664733887
lraa,1676,off,988,1933,1,1,0.5195213556289673
lraa,1676,off,989,2733,0,0,0.43974730372428894
lraa,1676,off,990,894,1,1,0.5602526664733887
lraa,1676,off,991,1560,1,1,0.5573635101318359
lraa,1676,off,992,2221,0,0,0.40544870495796204
lraa,1676,off,993,660,1,0,0.4873073995113373
lraa,1676,off,994,1466,0,0,0.4368622899055481
lraa,1676,off,995,2822,0,0,0.4590761363506317
lraa,1676,off,996,2569,0,0,0.4678179919719696
lraa,1676,off,997,1276,1,1,0.5350984334945679
lraa,1676,off,998,1638,0,0,0.41774648427963257
lraa,1676,off,999,142,1,1,0.5822535157203674
lraa,1676,off,1000,2385,1,1,0.562176525592804
lraa,1676,off,1001,1318,0,0,0.4717099368572235
lraa,1676,off,1002,2758,0,0,0.4639299511909485
lraa,1676,off,1003,1094,1,1,0.5457699298858643
lraa,1676,off,1004,1623,1,1,0.5214711427688599
lraa,1676,off,1005,706,0,0,0.4493926465511322
lraa,1676,off,1006,1213,1,1,0.5592900514602661
lraa,1676,off,1007,2629,1,1,0.5945512652397156
lraa,1676,off,1008,1401,1,1,0.5389832258224487
lraa,1676,off,1009,1239,1,0,0.4931644797325134
lraa,1676,off,1010,2706,0,1,0.5175709128379822
lraa,1676,off,1011,821,1,1,0.5936092734336853
lraa,1676,off,1012,938,0,0,0.45035937428474426
lraa,1676,off,1013,491,1,0,0.4765796661376953
lraa,1676,off,1014,2886,1,1,0.5389832258224487
lraa,1676,off,1015,2125,1,1,0.5146442651748657
lraa,1676,off,1016,1135,1,0,0.4951173663139343
lraa,1676,off,1017,1359,0,0,0.4368622899055481
lraa,1676,off,1018,313,1,1,0.5195213556289673
lraa,1676,off,1019,2731,0,0,0.42919009923934937
lraa,1676,off,1020,497,0,0,0.4814538359642029
lraa,1676,off,1021,2212,1,1,0.5457699298858643
lraa,1676,off,1022,804,1,1,0.5544704794883728
lraa,1676,off,1023,1782,1,1,0.5592900514602661
lraa,1676,off,1024,2307,0,0,0.4063907265663147
lraa,1676,off,1025,2292,1,1,0.5784481763839722
lraa,1676,off,1026,1816,0,0,0.46587347984313965
lraa,1676,off,1027,1916,0,0,0.4668456017971039
lraa,1676,off,1028,2192,1,1,0.5650587677955627
lraa,1676,off,1029,21,0,0,0.4464946985244751
lraa,1676,off,1030,543,1,0,0.491211861371994
lraa,1676,off,1031,606,1,1,0.5573635101318359
lraa,1676,off,1032,2851,1,1,0.5554351806640625
lraa,1676,off,1033,2347,1,1,0.5592900514602661
lraa,1676,off,1034,754,1,1,0.5068355202674866
lraa,1676,off,1035,286,1,1,0.5784481763839722
lraa,1676,off,1036,962,0,1,0.5448014140129089
lraa,1676,off,1037,290,1,0,0.45519861578941345
lraa,1676,off,1038,990,1,1,0.543832540512085
lraa,1676,off,1039,771,1,1,0.531209409236908
lraa,1676,off,1040,166,0,0,0.47755417227745056
lraa,1676,off,1041,1257,0,0,0.45423004031181335
lraa,1676,off,1042,1855,0,1,0.5156199336051941
lraa,1676,off,1043,1660,1,1,0.5631377100944519
lraa,1676,off,1044,2568,1,1,0.5
lraa,1676,off,1045,1968,1,1,0.5078118443489075
lraa,1676,off,1046,1694,1,0,0.4863315522670746
lraa,1676,off,1047,2472,1,1,0.6011253595352173
lraa,1676,off,1048,490,0,0,0.47950369119644165
lraa,1676,off,1049,1807,0,0,0.4445647895336151
lraa,1676,off,1050,168,1,1,0.532181978225708
lraa,1676,off,1051,1021,1,1,0.5448014140129089
lraa,1676,off,1052,1321,0,1,0.5136684775352478
lraa,1676,off,1053,1557,0,0,0.4445647895336151
lraa,1676,off,1054,2401,1,1,0.5331543684005737
lraa,1676,off,1055,1758,1,1,0.5506073832511902
lraa,1676,off,1056,1402,1,1,0.5650587677955627
lraa,1676,off,1057,2240,1,1,0.5302364826202393
lraa,1676,off,1058,2511,1,1,0.5583269596099854
lraa,1676,off,1059,1801,1,1,0.5409238338470459
lraa,1676,off,1060,2794,0,0,0.41774648427963257
lraa,1676,off,1061,1856,1,1,0.5282900333404541
lraa,1676,off,1062,745,0,0,0.45810624957084656
lraa,1676,off,1063,877,1,1,0.5360700488090515
lraa,1676,off,1064,2036,1,1,0.5165954232215881
lraa,1676,off,1065,2144,1,1,0.5126925706863403
lraa,1676,off,1066,650,1,1,0.5774953961372375
lraa,1676,off,1067,995,0,0,0.4445647895336151
lraa,1676,off,1068,1465,1,0,0.4990234673023224
lraa,1676,off,1069,1100,1,1,0.5736784338951111
lraa,1676,off,1070,528,1,1,0.5774953961372375
lraa,1676,off,1071,144,0,0,0.4234580099582672
lraa,1676,off,1072,428,0,0,0.4368622899055481
lraa,1676,off,1073,2781,1,1,0.5578453540802002
lraa,1676,off,1074,610,1,0,0.4590761363506317
lraa,1676,off,1075,1505,0,0,0.4834045171737671
lraa,1676,off,1076,1792,1,1,0.5009765625
lraa,1676,off,1077,572,1,1,0.524394690990448
lraa,1676,off,1078,1869,0,0,0.43974730372428894
lraa,1676,off,1079,558,1,1,0.5822535157203674
lraa,1676,off,1080,1540,1,1,0.5273165106773376
lraa,1676,off,1081,22,1,1,0.524394690990448
lraa,1676,off,1082,925,0,0,0.4873073995113373
lraa,1676,off,1083,2534,1,1,0.524394690990448
lraa,1676,off,1084,86,1,1,0.5784481763839722
lraa,1676,off,1085,2236,1,1,0.501953125
lraa,1676,off,1086,43,1,1,0.5048826336860657
lraa,1676,off,1087,2043,0,1,0.5029296278953552
lraa,1676,off,1088,905,1,1,0.541893720626831
lraa,1676,off,1089,551,0,0,0.45035937428474426
lraa,1676,off,1090,2534,1,1,0.524394690990448
lraa,1676,off,1091,153,0,0,0.4436004161834717
lraa,1676,off,1092,1962,0,0,0.4455295503139496
lraa,1676,off,1093,951,0,1,0.5224458575248718
lraa,1676,off,1094,1469,1,1,0.5535053014755249
lraa,1676,off,1095,2920,1,1,0.5688949227333069
lraa,1676,off,1096,1770,1,1,0.5573635101318359
lraa,1676,off,1097,2734,1,1,0.5175709128379822
lraa,1676,off,1098,2885,1,1,0.5544704794883728
lraa,1676,off,1099,2799,1,1,0.5253688097000122
lraa,1676,off,1100,2416,0,1,0.5380124449729919
lraa,1676,off,1101,1844,0,0,0.46976351737976074
lraa,1676,off,1102,1931,0,0,0.4892594516277313
lraa,1676,off,1103,862,0,0,0.47755417227745056
lraa,1676,off,1104,1903,0,0,0.4941408932209015
lraa,1676,off,1105,2844,1,1,0.5664982199668884
lraa,1676,off,1106,2525,0,0,0.45374593138694763
lraa,1676,off,1107,2522,1,1,0.5058591365814209
lraa,1676,off,1108,2215,1,0,0.4990234673023224
lraa,1676,off,1109,2415,1,1,0.532181978225708
lraa,1676,off,1110,2603,1,1,0.5583269596099854
lraa,1676,off,1111,959,0,1,0.5078118443489075
lraa,1676,off,1112,898,1,1,0.561214804649353
lraa,1676,off,1113,1608,1,1,0.5602526664733887
lraa,1676,off,1114,677,1,1,0.5273165106773376
lraa,1676,off,1115,229,1,1,0.5341265201568604
lraa,1676,off,1116,2466,1,1,0.5784481763839722
lraa,1676,off,1117,2757,1,1,0.5428633093833923
lraa,1676,off,1118,1074,0,1,0.5428633093833923
lraa,1676,off,1119,2170,1,1,0.5107405185699463
lraa,1676,off,1120,2153,0,0,0.4882833957672119
lraa,1676,off,1121,165,0,1,0.5224458575248718
lraa,1676,off,1122,25,1,0,0.498046875
lraa,1676,off,1123,355,1,1,0.5467381477355957
lraa,1676,off,1124,1500,1,1,0.5350984334945679
lraa,1676,off,1125,1091,0,0,0.49609383940696716
lraa,1676,off,1126,1347,0,0,0.4639299511909485
lraa,1676,off,1127,1215,1,1,0.561214804649353
lraa,1676,off,1128,2833,1,1,0.5486735105514526
lraa,1676,off,1129,90,1,1,0.5631377100944519
lraa,1676,off,1130,1404,1,1,0.531209409236908
lraa,1676,off,1131,1512,1,0,0.498046875
lraa,1676,off,1132,1600,0,1,0.5669777989387512
lraa,1676,off,1133,1251,1,1,0.5341265201568604
lraa,1676,off,1134,807,0,0,0.4339814782142639
lraa,1676,off,1135,921,1,1,0.5253688097000122
lraa,1676,off,1136,2432,1,1,0.5708098411560059
lraa,1676,off,1137,2177,1,1,0.5869964361190796
lraa,1676,off,1138,2424,1,1,0.561214804649353
lraa,1676,off,1139,220,1,1,0.5851011276245117
lraa,1676,off,1140,952,1,1,0.5486735105514526
lraa,1676,off,1141,2371,0,0,0.4436004161834717
lraa,1676,off,1142,1474,1,1,0.581303060054779
lraa,1676,off,1143,126,1,1,0.5774953961372375
lraa,1676,off,1144,1952,1,1,0.5869964361190796
lraa,1676,off,1145,626,1,1,0.5068355202674866
lraa,1676,off,1146,811,0,0,0.4445647895336151
lraa,1676,off,1147,1625,0,0,0.43782350420951843
lraa,1676,off,1148,2713,1,1,0.5078118443489075
lraa,1676,off,1149,2097,1,1,0.5204963088035583
lraa,1676,off,1150,2666,0,0,0.4464946985244751
lraa,1676,off,1151,2180,1,1,0.596433162689209
lraa,1676,off,1152,2892,1,1,0.5399537086486816
lraa,1676,off,1153,2008,0,0,0.4590761363506317
lraa,1676,off,1154,2268,1,1,0.5117166042327881
lraa,1676,off,1155,138,1,1,0.5467381477355957
lraa,1676,off,1156,2864,1,1,0.5525397062301636
lraa,1676,off,1157,2610,0,0,0.42727723717689514
lraa,1676,off,1158,1804,1,1,0.5360700488090515
lraa,1676,off,1159,1588,1,1,0.5822535157203674
lraa,1676,off,1160,1095,0,1,0.5253688097000122
lraa,1676,off,1161,2852,1,1,0.5774953961372375
lraa,1676,off,1162,2722,1,1,0.5588085651397705
lraa,1676,off,1163,2746,1,1,0.5282900333404541
lraa,1676,off,1164,1662,1,1,0.5039061903953552
lraa,1676,off,1165,2631,1,1,0.5477060079574585
lraa,1676,off,1166,2201,1,1,0.5525397062301636
lraa,1676,off,1167,1103,1,1,0.5224458575248718
lraa,1676,off,1168,1330,1,1,0.5954925417900085
lraa,1676,off,1169,1546,1,1,0.5879430770874023
lraa,1676,off,1170,1324,1,1,0.5467381477355957
lraa,1676,off,1171,980,0,0,0.4407099783420563
lraa,1676,off,1172,1517,0,0,0.48535576462745667
lraa,1676,off,1173,2441,1,1,0.5506073832511902
lraa,1676,off,1174,1814,0,1,0.5126925706863403
lraa,1676,off,1175,418,1,1,0.5525397062301636
lraa,1676,off,1176,2108,1,1,0.5698526501655579
lraa,1676,off,1177,1511,0,1,0.5467381477355957
lraa,1676,off,1178,1742,1,0,0.4882833957672119
lraa,1676,off,1179,1942,1,1,0.5389832258224487
lraa,1676,off,1180,1897,1,0,0.46004629135131836
lraa,1676,off,1181,1858,1,1,0.5370413661003113
lraa,1676,off,1182,958,1,1,0.5058591365814209
lraa,1676,off,1183,1195,1,1,0.5755879878997803
lraa,1676,off,1184,1677,1,1,0.5954925417900085
lraa,1676,off,1185,1442,1,1,0.5467381477355957
lraa,1676,off,1186,1056,1,1,0.5592900514602661
lraa,1676,off,1187,438,0,0,0.45519861578941345
lraa,1676,off,1188,911,1,1,0.5282900333404541
lraa,1676,off,1189,382,0,0,0.44167301058769226
lraa,1676,off,1190,537,0,0,0.4814538359642029
lraa,1676,off,1191,2327,1,1,0.5506073832511902
lraa,1676,off,1192,379,1,0,0.4814538359642029
lraa,1676,off,1193,1263,1,1,0.5058591365814209
lraa,1676,off,1194,1163,1,1,0.541893720626831
lraa,1676,off,1195,823,0,0,0.4455295503139496
lraa,1676,off,1196,1658,1,1,0.5515737533569336
lraa,1676,off,1197,477,1,1,0.543832540512085
lraa,1676,off,1198,2090,1,1,0.541893720626831
lraa,1676,off,1199,2191,1,1,0.5282900333404541
lraa,1676,off,1200,851,1,1,0.5535053014755249
lraa,1676,off,1201,2077,1,1,0.5525397062301636
lraa,1676,off,1202,2051,1,0,0.4941408932209015
lraa,1676,off,1203,816,1,1,0.5097643733024597
lraa,1676,off,1204,1643,0,1,0.5087881684303284
lraa,1676,off,1205,2161,0,0,0.491211861371994
lraa,1676,off,1206,2143,1,1,0.5822535157203674
lraa,1676,off,1207,858,0,0,0.45519861578941345
lraa,1676,off,1208,1381,1,1,0.561214804649353
lraa,1676,off,1209,2334,1,1,0.5048826336860657
lraa,1676,off,1210,946,0,0,0.40262696146965027
lraa,1676,off,1211,2689,0,0,0.475605309009552
lraa,1676,off,1212,920,0,0,0.4892594516277313
lraa,1676,off,1213,2331,1,1,0.5573635101318359
lraa,1676,off,1214,544,1,1,0.5660185217857361
lraa,1676,off,1215,2632,1,1,0.5544704794883728
lraa,1676,off,1216,1776,1,1,0.5214711427688599
lraa,1676,off,1217,2820,1,1,0.5525397062301636
lraa,1676,off,1218,1027,0,0,0.46198752522468567
lraa,1676,off,1219,1972,1,1,0.5341265201568604
lraa,1676,off,1220,1525,0,0,0.46101680397987366
lraa,1676,off,1221,1506,0,0,0.4590761363506317
lraa,1676,off,1222,1863,1,1,0.5554351806640625
lraa,1676,off,1223,2573,1,1,0.5
lraa,1676,off,1224,2065,1,1,0.5097643733024597
lraa,1676,off,1225,2110,1,1,0.5292633771896362
lraa,1676,off,1226,301,0,0,0.40262696146965027
lraa,1676,off,1227,130,1,1,0.5640984773635864
lraa,1676,off,1228,2022,0,1,0.5554351806640625
lraa,1676,off,1229,1413,1,1,0.5583269596099854
lraa,1676,off,1230,973,0,0,0.4082767367362976
lraa,1676,off,1231,1484,1,1,0.5399537086486816
lraa,1676,off,1232,23,1,1,0.5341265201568604
lraa,1676,off,1233,1092,0,1,0.5185462236404419
lraa,1676,off,1234,2163,0,0,0.4668456017971039
lraa,1676,off,1235,488,0,0,0.49218812584877014
lraa,1676,off,1236,2058,0,0,0.4244120121002197
lraa,1676,off,1237,2374,0,0,0.43974730372428894
lraa,1676,off,1238,635,1,0,0.46587347984313965
lraa,1676,off,1239,429,0,0,0.49609383940696716
lraa,1676,off,1240,896,0,0,0.4892594516277313
lraa,1676,off,1241,2606,0,0,0.4522939622402191
lraa,1676,off,1242,18,1,1,0.6187804341316223
lraa,1676,off,1243,2658,0,0,0.4368622899055481
lraa,1676,off,1244,1926,0,0,0.46587347984313965
lraa,1676,off,1245,739,1,1,0.5448014140129089
lraa,1676,off,1246,2447,1,1,0.5698526501655579
lraa,1676,off,1247,140,1,1,0.5214711427688599
lraa,1676,off,1248,2754,0,0,0.475605309009552
lraa,1676,off,1249,1057,1,1,0.5708098411560059
lraa,1676,off,1250,2890,1,1,0.5263427495956421
lraa,1676,off,1251,2395,1,1,0.5669777989387512
lraa,1676,off,1252,838,1,1,0.541893720626831
lraa,1676,off,1253,2100,0,0,0.42919009923934937
lraa,1676,off,1254,2619,1,1,0.5331543684005737
lraa,1676,off,1255,2007,1,1,0.5477060079574585
lraa,1676,off,1256,1178,0,0,0.41205692291259766
lraa,1676,off,1257,1003,0,0,0.4834045171737671
lraa,1676,off,1258,1214,1,1,0.531209409236908
lraa,1676,off,1259,2933,1,1,0.5631377100944519
lraa,1676,off,1260,1137,0,0,0.4590761363506317
lraa,1676,off,1261,2652,1,1,0.5525397062301636
lraa,1676,off,1262,1855,1,1,0.5253688097000122
lraa,1676,off,1263,385,1,1,0.5350984334945679
lraa,1676,off,1264,474,0,0,0.46198752522468567
lraa,1676,off,1265,1683,0,0,0.46976351737976074
lraa,1676,off,1266,2107,0,0,0.45810624957084656
lraa,1676,off,1267,2900,1,1,0.5058591365814209
lraa,1676,off,1268,97,0,0,0.43782350420951843
lraa,1676,off,1269,766,0,1,0.5165954232215881
lraa,1676,off,1270,124,0,0,0.4863315522670746
lraa,1676,off,1271,1262,1,1,0.5708098411560059
lraa,1676,off,1272,1993,0,0,0.4951173663139343
lraa,1676,off,1273,2452,1,1,0.5467381477355957
lraa,1676,off,1274,830,0,0,0.4474602937698364
lraa,1676,off,1275,67,0,0,0.45519861578941345
lraa,1676,off,1276,1322,1,1,0.5097643733024597
lraa,1676,off,1277,267,1,1,0.5583269596099854
lraa,1676,off,1278,1613,1,0,0.46198752522468567
lraa,1676,off,1279,2365,1,1,0.5399537086486816
lraa,1676,off,1280,2711,1,1,0.5380124449729919
lraa,1676,off,1281,54,0,0,0.43782350420951843
lraa,1676,off,1282,1047,1,1,0.5156199336051941
lraa,1676,off,1283,1686,1,0,0.498046875
lraa,1676,off,1284,1745,0,0,0.4508429169654846
lraa,1676,off,1285,546,0,0,0.45035937428474426
lraa,1676,off,1286,464,1,1,0.5331543684005737
lraa,1676,off,1287,2906,1,1,0.5736784338951111
lraa,1676,off,1288,1129,0,0,0.38861799240112305
lraa,1676,off,1289,396,0,0,0.4814538359642029
lraa,1676,off,1290,2581,1,0,0.42250463366508484
lraa,1676,off,1291,2542,1,1,0.5477060079574585
lraa,1676,off,1292,45,0,1,0.531209409236908
lraa,1676,off,1293,2141,1,1,0.5428633093833923
lraa,1676,off,1294,60,1,1,0.5467381477355957
lraa,1676,off,1295,2183,1,1,0.590779185295105
lraa,1676,off,1296,1037,0,0,0.47755417227745056
lraa,1676,off,1297,2931,1,1,0.5515737533569336
lraa,1676,off,1298,1752,1,1,0.5496405959129333
lraa,1676,off,1299,1759,1,1,0.5302364826202393
lraa,1676,off,1300,2566,1,0,0.4931644797325134
lraa,1676,off,1301,926,1,1,0.5302364826202393
lraa,1676,off,1302,2753,0,0,0.4464946985244751
lraa,1676,off,1303,260,0,0,0.45035937428474426
lraa,1676,off,1304,1984,1,1,0.5253688097000122
lraa,1676,off,1305,1696,0,0,0.4873073995113373
lraa,1676,off,1306,1220,1,1,0.6039317846298218
lraa,1676,off,1307,2930,0,0,0.4639299511909485
lraa,1676,off,1308,1277,1,1,0.5774953961372375
lraa,1676,off,1309,136,1,1,0.5992506742477417
lraa,1676,off,1310,1387,1,0,0.4902355968952179
lraa,1676,off,1311,2875,1,0,0.491211861371994
lraa,1676,off,1312,1130,1,1,0.5554351806640625
lraa,1676,off,1313,912,1,1,0.5841525197029114
lraa,1676,off,1314,1919,1,1,0.5631377100944519
lraa,1676,off,1315,822,1,1,0.5832033753395081
lraa,1676,off,1316,350,0,0,0.46198752522468567
lraa,1676,off,1317,2768,1,1,0.5360700488090515
lraa,1676,off,1318,435,0,0,0.42155182361602783
lraa,1676,off,1319,1961,1,1,0.5486735105514526
lraa,1676,off,1320,613,1,1,0.5879430770874023
lraa,1676,off,1321,344,1,1,0.5457699298858643
lraa,1676,off,1322,698,1,1,0.6160122752189636
lraa,1676,off,1323,2264,1,1,0.5631377100944519
lraa,1676,off,1324,1365,1,0,0.4814538359642029
lraa,1676,off,1325,1855,0,0,0.4484263062477112
lraa,1676,off,1326,573,0,0,0.4464946985244751
lraa,1676,off,1327,1940,1,0,0.4863315522670746
lraa,1676,off,1328,82,0,0,0.4484263062477112
lraa,1676,off,1329,498,1,1,0.5535053014755249
lraa,1676,off,1330,204,1,1,0.541893720626831
lraa,1676,off,1331,1261,0,0,0.4373428225517273
lraa,1676,off,1332,1325,1,1,0.541893720626831
lraa,1676,off,1333,1026,0,0,0.45713675022125244
lraa,1676,off,1334,1971,0,0,0.46295860409736633
lraa,1676,off,1335,2113,1,1,0.5331543684005737
lraa,1676,off,1336,191,1,0,0.45713675022125244
lraa,1676,off,1337,1969,1,1,0.5302364826202393
lraa,1676,off,1338,2601,1,1,0.5370413661003113
lraa,1676,off,1339,1803,1,1,0.5496405959129333
lraa,1676,off,1340,2534,1,0,0.4814538359642029
lraa,1676,off,1341,1241,0,0,0.4330221712589264
lraa,1676,off,1342,1690,1,1,0.5341265201568604
lraa,1676,off,1343,1602,1,1,0.5078118443489075
lraa,1676,off,1344,2350,0,0,0.45423004031181335
lraa,1676,off,1345,1385,0,1,0.501953125
lraa,1676,off,1346,73,1,1,0.5640984773635864
lraa,1676,off,1347,686,1,1,0.532181978225708
lraa,1676,off,1348,432,1,1,0.5370413661003113
lraa,1676,off,1349,1668,1,1,0.5409238338470459
lraa,1676,off,1350,2202,0,0,0.4339814782142639
lraa,1676,off,1351,380,1,1,0.5563995838165283
lraa,1676,off,1352,1527,1,1,0.5253688097000122
lraa,1676,off,1353,2642,0,0,0.4464946985244751
lraa,1676,off,1354,1718,1,0,0.4902355968952179
lraa,1676,off,1355,725,1,1,0.5660185217857361
lraa,1676,off,1356,1309,0,0,0.4311051368713379
lraa,1676,off,1357,354,1,1,0.5669777989387512
lraa,1676,off,1358,1880,0,1,0.5136684775352478
lraa,1676,off,1359,1729,0,1,0.5175709128379822
lraa,1676,off,1360,2454,0,1,0.5068355202674866
lraa,1676,off,1361,2692,1,1,0.5389832258224487
lraa,1676,off,1362,218,1,1,0.5573635101318359
lraa,1676,off,1363,2449,0,0,0.4824291169643402
lraa,1676,off,1364,2237,0,0,0.4063907265663147
lraa,1676,off,1365,2031,0,0,0.4687906503677368
lraa,1676,off,1366,1231,0,0,0.44167301058769226
lraa,1676,off,1367,1986,1,1,0.5727227926254272
lraa,1676,off,1368,2508,0,0,0.4436004161834717
lraa,1676,off,1369,249,1,1,0.5039061903953552
lraa,1676,off,1370,581,0,0,0.4668456017971039
lraa,1676,off,1371,373,1,0,0.45810624957084656
lraa,1676,off,1372,1237,0,0,0.4455295503139496
lraa,1676,off,1373,2092,1,1,0.5380124449729919
lraa,1676,off,1374,571,1,1,0.5583269596099854
lraa,1676,off,1375,1192,1,1,0.5331543684005737
lraa,1676,off,1376,2140,1,1,0.561214804649353
lraa,1676,off,1377,679,0,0,0.4892594516277313
lraa,1676,off,1378,312,1,1,0.5583269596099854
lraa,1676,off,1379,1205,1,1,0.561214804649353
lraa,1676,off,1380,2299,1,1,0.5380124449729919
lraa,1676,off,1381,2387,0,0,0.4639299511909485
lraa,1676,off,1382,803,0,0,0.475605309009552
lraa,1676,off,1383,2548,1,1,0.5175709128379822
lraa,1676,off,1384,1716,0,0,0.4678179919719696
lraa,1676,off,1385,2126,1,1,0.543832540512085
lraa,1676,off,1386,35,1,1,0.5851011276245117
lraa,1676,off,1387,1086,0,1,0.5087881684303284
lraa,1676,off,1388,510,0,1,0.5370413661003113
lraa,1676,off,1389,347,1,1,0.5467381477355957
lraa,1676,off,1390,2922,0,0,0.47852882742881775
lraa,1676,off,1391,2182,0,0,0.45132651925086975
lraa,1676,off,1392,643,1,1,0.5803520083427429
lraa,1676,off,1393,1259,0,0,0.4330221712589264
lraa,1676,off,1394,2194,1,1,0.5660185217857361
lraa,1676,off,1395,68,0,0,0.45713675022125244
lraa,1676,off,1396,1104,1,1,0.5698526501655579
lraa,1676,off,1397,549,1,1,0.5669777989387512
lraa,1676,off,1398,2715,1,0,0.498046875
lraa,1676,off,1399,2552,0,0,0.4951173663139343
lraa,1676,off,1400,949,1,1,0.543832540512085
lraa,1676,off,1401,2135,0,0,0.49218812584877014
lraa,1676,off,1402,459,0,0,0.46587347984313965
lraa,1676,off,1403,441,0,0,0.4814538359642029
lraa,1676,off,1404,1404,1,1,0.5370413661003113
lraa,1676,off,1405,2792,0,0,0.46295860409736633
lraa,1676,off,1406,2639,1,1,0.5631377100944519
lraa,1676,off,1407,1568,1,1,0.5185462236404419
lraa,1676,off,1408,1611,1,1,0.5234203934669495
lraa,1676,off,1409,1589,1,1,0.5544704794883728
lraa,1676,off,1410,108,1,1,0.5273165106773376
lraa,1676,off,1411,2274,0,0,0.4532618820667267
lraa,1676,off,1412,1903,1,0,0.47950369119644165
lraa,1676,off,1413,1156,1,1,0.5554351806640625
lraa,1676,off,1414,1217,1,1,0.5448014140129089
lraa,1676,off,1415,1840,0,0,0.45519861578941345
lraa,1676,off,1416,1520,1,1,0.541893720626831
lraa,1676,off,1417,360,1,1,0.5708098411560059
lraa,1676,off,1418,2563,1,1,0.590779185295105
lraa,1676,off,1419,1308,1,1,0.5640984773635864
lraa,1676,off,1420,624,1,1,0.5496405959129333
lraa,1676,off,1421,547,0,0,0.4368622899055481
lraa,1676,off,1422,1443,0,1,0.532181978225708
lraa,1676,off,1423,570,0,1,0.5195213556289673
lraa,1676,off,1424,151,1,1,0.5253688097000122
lraa,1676,off,1425,2665,1,1,0.5765419602394104
lraa,1676,off,1426,95,1,1,0.5165954232215881
lraa,1676,off,1427,214,0,0,0.45519861578941345
lraa,1676,off,1428,1727,1,1,0.531209409236908
lraa,1676,off,1429,712,1,1,0.5674572587013245
lraa,1676,off,1430,759,0,0,0.39793840050697327
lraa,1676,off,1431,2360,1,1,0.5029296278953552
lraa,1676,off,1432,532,1,1,0.5302364826202393
lraa,1676,off,1433,1048,1,1,0.5165954232215881
lraa,1676,off,1434,2520,1,1,0.5234203934669495
lraa,1676,off,1435,100,0,0,0.4130035638809204
lraa,1676,off,1436,2186,1,1,0.5467381477355957
lraa,1676,off,1437,2510,1,0,0.4804786741733551
lraa,1676,off,1438,685,0,0,0.45519861578941345
lraa,1676,off,1439,2015,0,1,0.5029296278953552
lraa,1676,off,1440,2164,1,1,0.5573635101318359
lraa,1676,off,1441,665,1,1,0.5631377100944519
lraa,1676,off,1442,433,0,0,0.3942009508609772
lraa,1676,off,1443,1195,1,1,0.5660185217857361
lraa,1676,off,1444,643,1,1,0.5717666149139404
lraa,1676,off,1445,1118,1,0,0.4970703423023224
lraa,1676,off,1446,1746,0,0,0.4561675190925598
lraa,1676,off,1447,248,1,1,0.5380124449729919
lraa,1676,off,1448,1673,1,1,0.543832540512085
lraa,1676,off,1449,415,0,0,0.42823338508605957
lraa,1676,off,1450,718,1,1,0.5350984334945679
lraa,1676,off,1451,2419,0,0,0.4668456017971039
lraa,1676,off,1452,908,1,1,0.561214804649353
lraa,1676,off,1453,2475,0,0,0.4590761363506317
lraa,1676,off,1454,421,1,1,0.5029296278953552
lraa,1676,off,1455,2459,0,0,0.4639299511909485
lraa,1676,off,1456,1256,0,0,0.42919009923934937
lraa,1676,off,1457,792,0,0,0.44167301058769226
lraa,1676,off,1458,1352,1,1,0.541893720626831
lraa,1676,off,1459,1166,0,0,0.4687906503677368
lraa,1676,off,1460,1426,0,0,0.4445647895336151
lraa,1676,off,1461,1391,1,1,0.6001883149147034
lraa,1676,off,1462,2656,1,1,0.541893720626831
lraa,1676,off,1463,1519,0,0,0.4455295503139496
lraa,1676,off,1464,2208,1,1,0.5457699298858643
lraa,1676,off,1465,2703,1,1,0.5341265201568604
lraa,1676,off,1466,192,1,1,0.5
lraa,1676,off,1467,216,0,0,0.42823338508605957
lraa,1676,off,1468,1141,1,1,0.5669777989387512
lraa,1676,off,1469,1408,1,1,0.5515737533569336
lraa,1676,off,1470,2434,0,0,0.45132651925086975
lraa,1676,off,1471,1288,0,0,0.4436004161834717
lraa,1676,off,1472,225,1,1,0.5640984773635864
lraa,1676,off,1473,1489,1,1,0.5068355202674866
lraa,1676,off,1474,2206,0,0,0.4824291169643402
lraa,1676,off,1475,257,1,1,0.5544704794883728
lraa,1676,off,1476,1705,1,1,0.5535053014755249
lraa,1676,off,1477,2237,0,0,0.3970029056072235
lraa,1676,off,1478,431,1,1,0.5650587677955627
lraa,1676,off,1479,156,1,1,0.5832033753395081
lraa,1676,off,1480,2575,1,1,0.5650587677955627
lraa,1676,off,1481,676,1,0,0.498046875
lraa,1676,off,1482,1967,0,0,0.45423004031181335
lraa,1676,off,1483,697,1,1,0.5117166042327881
lraa,1676,off,1484,2425,1,1,0.5370413661003113
lraa,1676,off,1485,1311,1,1,0.5263427495956421
lraa,1676,off,1486,1361,1,1,0.5195213556289673
lraa,1676,off,1487,2801,1,0,0.4484263062477112
lraa,1676,off,1488,1204,1,0,0.4941408932209015
lraa,1676,off,1489,2072,0,0,0.4882833957672119
lraa,1676,off,1490,321,0,0,0.4941408932209015
lraa,1676,off,1491,1250,0,1,0.5263427495956421
lraa,1676,off,1492,1435,1,1,0.5525397062301636
lraa,1676,off,1493,2740,1,0,0.4590761363506317
lraa,1676,off,1494,2538,0,0,0.44263648986816406
lraa,1676,off,1495,1194,1,1,0.5736784338951111
lraa,1676,off,1496,2816,1,1,0.5869964361190796
lraa,1676,off,1497,180,1,1,0.5350984334945679
lraa,1676,off,1498,2901,1,1,0.531209409236908
lraa,1676,off,1499,658,1,0,0.39981165528297424
lraa,1676,off,1500,929,1,1,0.541893720626831
lraa,1676,off,1501,2354,1,1,0.590779185295105
lraa,1676,off,1502,1756,0,0,0.43206340074539185
lraa,1676,off,1503,2791,0,0,0.41869691014289856
lraa,1676,off,1504,1597,1,1,0.5185462236404419
lraa,1676,off,1505,1763,1,1,0.5224458575248718
lraa,1676,off,1506,945,0,0,0.4368622899055481
lraa,1676,off,1507,813,0,1,0.6043989062309265
lraa,1676,off,1508,638,0,0,0.45132651925086975
lraa,1676,off,1509,281,1,1,0.5399537086486816
lraa,1676,off,1510,1591,1,1,0.5126925706863403
lraa,1676,off,1511,964,1,1,0.5448014140129089
lraa,1676,off,1512,2388,1,1,0.5794004201889038
lraa,1676,off,1513,2595,1,0,0.4736572504043579
lraa,1676,off,1514,1920,0,1,0.501953125
lraa,1676,off,1515,339,1,1,0.5554351806640625
lraa,1676,off,1516,2696,1,1,0.562176525592804
lraa,1676,off,1517,2577,0,0,0.498046875
lraa,1676,off,1518,1029,0,0,0.4148988127708435
lraa,1676,off,1519,2037,1,1,0.5496405959129333
lraa,1676,off,1520,1017,0,1,0.5214711427688599
lraa,1676,off,1521,2718,1,1,0.5525397062301636
lraa,1676,off,1522,1153,0,0,0.4407099783420563
lraa,1676,off,1523,2230,0,0,0.4368622899055481
lraa,1676,off,1524,688,1,1,0.5370413661003113
lraa,1676,off,1525,886,1,1,0.5263427495956421
lraa,1676,off,1526,1744,1,1,0.5234203934669495
lraa,1676,off,1527,1369,1,0,0.4687906503677368
lraa,1676,off,1528,1614,1,1,0.5563995838165283
lraa,1676,off,1529,2187,1,1,0.581303060054779
lraa,1676,off,1530,58,0,0,0.37662312388420105
lraa,1676,off,1531,308,1,1,0.5117166042327881
lraa,1676,off,1532,1748,0,0,0.4882833957672119
lraa,1676,off,1533,2763,0,1,0.531209409236908
lraa,1676,off,1534,2431,0,0,0.438785195350647
lraa,1676,off,1535,2571,1,1,0.5708098411560059
lraa,1676,off,1536,720,1,0,0.4892594516277313
lraa,1676,off,1537,1343,0,0,0.4522939622402191
lraa,1676,off,1538,1195,1,1,0.5688949227333069
lraa,1676,off,1539,2604,1,1,0.5048826336860657
lraa,1676,off,1540,1556,1,0,0.48535576462745667
lraa,1676,off,1541,408,1,1,0.5039061903953552
lraa,1676,off,1542,274,1,1,0.5204963088035583
lraa,1676,off,1543,1395,0,0,0.4736572504043579
lraa,1676,off,1544,146,1,1,0.5341265201568604
lraa,1676,off,1545,333,1,1,0.5389832258224487
lraa,1676,off,1546,657,0,0,0.4474602937698364
lraa,1676,off,1547,989,1,1,0.5428633093833923
lraa,1676,off,1548,2662,1,1,0.5708098411560059
lraa,1676,off,1549,702,0,0,0.4522939622402191
lraa,1676,off,1550,1015,0,0,0.4493926465511322
lraa,1676,off,1551,422,1,1,0.5009765625
lraa,1676,off,1552,928,1,1,0.5370413661003113
lraa,1676,off,1553,2289,0,0,0.4736572504043579
lraa,1676,off,1554,2179,1,1,0.5263427495956421
lraa,1676,off,1555,1838,1,1,0.5058591365814209
lraa,1676,off,1556,957,0,0,0.47755417227745056
lraa,1676,off,1557,2808,0,0,0.4522939622402191
lraa,1676,off,1558,0,0,1,0.531209409236908
lraa,1676,off,1559,1815,1,1,0.5563995838165283
lraa,1676,off,1560,258,1,1,0.5428633093833923
lraa,1676,off,1561,2300,1,0,0.46490156650543213
lraa,1676,off,1562,181,0,0,0.4561675190925598
lraa,1676,off,1563,2111,1,1,0.5860491394996643
lraa,1676,off,1564,1847,1,1,0.5253688097000122
lraa,1676,off,1565,1468,1,1,0.5602526664733887
lraa,1676,off,1566,2686,0,0,0.43782350420951843
lraa,1676,off,1567,1730,1,0,0.4902355968952179
lraa,1676,off,1568,2502,1,1,0.5506073832511902
lraa,1676,off,1569,2516,1,1,0.5331543684005737
lraa,1676,off,1570,92,0,0,0.4678179919719696
lraa,1676,off,1571,2265,0,0,0.4765796661376953
lraa,1676,off,1572,1190,0,0,0.47755417227745056
lraa,1676,off,1573,1077,1,1,0.5879430770874023
lraa,1676,off,1574,1956,0,1,0.5370413661003113
lraa,1676,off,1575,1034,1,1,0.5292633771896362
lraa,1676,off,1576,934,0,0,0.4863315522670746
lraa,1676,off,1577,93,1,1,0.5370413661003113
lraa,1676,off,1578,1886,1,1,0.5467381477355957
lraa,1676,off,1579,1682,0,0,0.4493926465511322
lraa,1676,off,1580,2843,1,1,0.5554351806640625
lraa,1676,off,1581,520,1,1,0.5669777989387512
lraa,1676,off,1582,2074,1,1,0.5126925706863403
lraa,1676,off,1583,2497,0,0,0.4082767367362976
lraa,1676,off,1584,2905,1,1,0.5722447633743286
lraa,1676,off,1585,983,1,1,0.5544704794883728
lraa,1676,off,1586,1961,1,1,0.5457699298858643
lraa,1676,off,1587,1090,0,0,0.4765796661376953
lraa,1676,off,1588,2811,0,0,0.4522939622402191
lraa,1676,off,1589,2055,1,1,0.5058591365814209
lraa,1676,off,1590,669,1,1,0.5117166042327881
lraa,1676,off,1591,2062,1,1,0.5525397062301636
lraa,1676,off,1592,107,0,1,0.5195213556289673
lraa,1676,off,1593,2146,1,0,0.4834045171737671
lraa,1676,off,1594,2795,0,0,0.45132651925086975
lraa,1676,off,1595,221,1,1,0.5573635101318359
lraa,1676,off,1596,1082,1,0,0.4941408932209015
lraa,1676,off,1597,2306,0,0,0.4882833957672119
lraa,1676,off,1598,2391,0,0,0.4863315522670746
lraa,1676,off,1599,2083,1,1,0.5273165106773376
lraa,1676,off,1600,1302,1,1,0.5506073832511902
lraa,1676,off,1601,2897,1,1,0.5224458575248718
lraa,1676,off,1602,2547,0,1,0.5774953961372375
lraa,1676,off,1603,1772,0,0,0.45132651925086975
lraa,1676,off,1604,2333,0,0,0.4902355968952179
lraa,1676,off,1605,2648,1,1,0.5496405959129333
lraa,1676,off,1606,1524,1,1,0.5727227926254272
lraa,1676,off,1607,879,1,1,0.5554351806640625
lraa,1676,off,1608,2629,1,1,0.501953125
lraa,1676,off,1609,2861,0,0,0.4863315522670746
lraa,1676,off,1610,1274,1,1,0.5954925417900085
lraa,1676,off,1611,2064,1,1,0.5746335387229919
lraa,1676,off,1612,847,0,0,0.43494123220443726
lraa,1676,off,1613,1278,0,0,0.4002804160118103
lraa,1676,off,1614,2228,1,1,0.561214804649353
lraa,1676,off,1615,2854,0,0,0.4561675190925598
lraa,1676,off,1616,2242,1,1,0.5496405959129333
lraa,1676,off,1617,1809,0,0,0.4007493853569031
lraa,1676,off,1618,2705,0,0,0.47268345952033997
lraa,1676,off,1619,177,1,1,0.5428633093833923
lraa,1676,off,1620,2917,0,0,0.47268345952033997
lraa,1676,off,1621,1141,1,1,0.5765419602394104
lraa,1676,off,1622,882,1,1,0.5640984773635864
lraa,1676,off,1623,316,1,1,0.5765419602394104
lraa,1676,off,1624,393,1,1,0.5554351806640625
lraa,1676,off,1625,1850,1,0,0.4873073995113373
lraa,1676,off,1626,2923,0,0,0.4717099368572235
lraa,1676,off,1627,416,1,1,0.541893720626831
lraa,1676,off,1628,1440,1,1,0.561214804649353
lraa,1676,off,1629,2651,1,1,0.5097643733024597
lraa,1676,off,1630,1218,1,1,0.5409238338470459
lraa,1676,off,1631,410,1,1,0.5136684775352478
lraa,1676,off,1632,2925,1,0,0.4941408932209015
lraa,1676,off,1633,1242,1,1,0.5389832258224487
lraa,1676,off,1634,1035,1,1,0.581303060054779
lraa,1676,off,1635,2659,1,1,0.5573635101318359
lraa,1676,off,1636,72,1,1,0.5370413661003113
lraa,1676,off,1637,2338,1,1,0.5496405959129333
lraa,1676,off,1638,2359,0,0,0.438785195350647
lraa,1676,off,1639,1906,0,0,0.4311051368713379
lraa,1676,off,1640,663,1,1,0.5525397062301636
lraa,1676,off,1641,846,1,1,0.543832540512085
lraa,1676,off,1642,1537,0,0,0.4882833957672119
lraa,1676,off,1643,2890,1,1,0.5448014140129089
lraa,1676,off,1644,1064,0,0,0.4455295503139496
lraa,1676,off,1645,39,1,1,0.5679365992546082
lraa,1676,off,1646,397,1,1,0.5399537086486816
lraa,1676,off,1647,833,1,1,0.5950219631195068
lraa,1676,off,1648,2747,0,0,0.4368622899055481
lraa,1676,off,1649,1071,1,0,0.4804786741733551
lraa,1676,off,1650,1781,0,0,0.45423004031181335
lraa,1676,off,1651,485,1,1,0.5370413661003113
lraa,1676,off,1652,1445,0,0,0.45810624957084656
lraa,1676,off,1653,11,0,0,0.4205996096134186
lraa,1676,off,1654,2935,0,0,0.46587347984313965
lraa,1676,off,1655,445,1,1,0.5535053014755249
lraa,1676,off,1656,2624,0,0,0.45132651925086975
lraa,1676,off,1657,2399,1,1,0.5506073832511902
lraa,1676,off,1658,2466,1,1,0.5486735105514526
lraa,1676,off,1659,1155,0,0,0.3849121630191803
lraa,1676,off,1660,500,1,1,0.5282900333404541
lraa,1676,off,1661,1521,1,1,0.5273165106773376
lraa,1676,off,1662,903,1,1,0.5224458575248718
lraa,1676,off,1663,722,1,1,0.5583269596099854
lraa,1676,off,1664,296,1,1,0.5650587677955627
lraa,1676,off,1665,1817,1,1,0.5803520083427429
lraa,1676,off,1666,99,0,1,0.5204963088035583
lraa,1676,off,1667,1888,1,1,0.5370413661003113
lraa,1676,off,1668,2862,0,0,0.4455295503139496
lraa,1676,off,1669,302,0,0,0.4522939622402191
lraa,1676,off,1670,1110,1,1,0.5253688097000122
lraa,1676,off,1671,2521,1,1,0.5746335387229919
lraa,1676,off,1672,531,1,1,0.5669777989387512
lraa,1676,off,1673,2697,0,1,0.5039061903953552
lraa,1676,off,1674,790,0,0,0.42727723717689514
lraa,1676,off,1675,1518,0,0,0.4311051368713379
lraa,1676,off,1676,1036,1,1,0.5360700488090515
lraa,1676,off,1677,2903,1,1,0.5583269596099854
lraa,1676,off,1678,690,1,1,0.5727227926254272
lraa,1676,off,1679,812,0,0,0.45713675022125244
lraa,1676,off,1680,2101,1,0,0.4814538359642029
lraa,1676,off,1681,1382,1,1,0.5078118443489075
lraa,1676,off,1682,791,1,1,0.5389832258224487
lraa,1676,off,1683,2278,0,0,0.43014732003211975
lraa,1676,off,1684,2704,0,0,0.498046875
lraa,1676,off,1685,2328,0,0,0.4532618820667267
lraa,1676,off,1686,2094,0,0,0.45132651925086975
lraa,1676,off,1687,2729,1,1,0.5399537086486816
lraa,1676,off,1688,876,1,1,0.5515737533569336
lraa,1676,off,1689,2677,1,1,0.5467381477355957
lraa,1676,off,1690,790,0,0,0.44263648986816406
lraa,1676,off,1691,424,0,0,0.47073662281036377
lraa,1676,off,1692,317,1,0,0.4736572504043579
lraa,1676,off,1693,2229,1,1,0.5350984334945679
lraa,1676,off,1694,2855,1,1,0.5380124449729919
lraa,1676,off,1695,1372,1,1,0.5765419602394104
lraa,1676,off,1696,1924,1,1,0.5525397062301636
lraa,1676,off,1697,2358,0,1,0.5078118443489075
lraa,1676,off,1698,1337,0,0,0.43974730372428894
lraa,1676,off,1699,344,1,1,0.5389832258224487
lraa,1676,off,1700,2173,1,1,0.5253688097000122
lraa,1676,off,1701,1108,0,0,0.47755417227745056
lraa,1676,off,1702,1063,1,1,0.5563995838165283
lraa,1676,off,1703,2695,1,0,0.45519861578941345
lraa,1676,off,1704,61,1,1,0.524394690990448
lraa,1676,off,1705,2004,1,1,0.5029296278953552
lraa,1676,off,1706,2528,1,0,0.47268345952033997
lraa,1676,off,1707,2832,0,0,0.41205692291259766
lraa,1676,off,1708,1315,0,0,0.4970703423023224
lraa,1676,off,1709,1254,1,1,0.5467381477355957
lraa,1676,off,1710,1570,0,0,0.4717099368572235
lraa,1676,off,1711,578,0,0,0.4765796661376953
lraa,1676,off,1712,2063,0,1,0.5
lraa,1676,off,1713,16,1,1,0.5156199336051941
lraa,1676,off,1714,2246,0,0,0.4882833957672119
lraa,1676,off,1715,2823,0,0,0.4196479618549347
lraa,1676,off,1716,456,1,1,0.5945512652397156
lraa,1676,off,1717,1122,0,0,0.46198752522468567
lraa,1676,off,1718,831,0,0,0.42155182361602783
lraa,1676,off,1719,2156,1,1,0.5467381477355957
lraa,1676,off,1720,1702,1,1,0.5841525197029114
lraa,1676,off,1721,314,1,1,0.532181978225708
lraa,1676,off,1722,195,0,0,0.45519861578941345
lraa,1676,off,1723,1936,1,1,0.5774953961372375
lraa,1676,off,1724,870,1,1,0.5273165106773376
lraa,1676,off,1725,2343,0,1,0.5448014140129089
lraa,1676,off,1726,272,1,1,0.5350984334945679
lraa,1676,off,1727,2251,1,1,0.5554351806640625
lraa,1676,off,1728,2021,1,1,0.5292633771896362
lraa,1676,off,1729,1491,1,1,0.5755879878997803
lraa,1676,off,1730,283,1,1,0.5058591365814209
lraa,1676,off,1731,2916,1,1,0.5399537086486816
lraa,1676,off,1732,1152,1,0,0.491211861371994
lraa,1676,off,1733,1797,1,1,0.5851011276245117
lraa,1676,off,1734,2496,1,1,0.5457699298858643
lraa,1676,off,1735,1200,0,0,0.491211861371994
lraa,1676,off,1736,1157,1,1,0.5389832258224487
lraa,1676,off,1737,1561,1,1,0.5650587677955627
lraa,1676,off,1738,513,0,0,0.4464946985244751
lraa,1676,off,1739,6,1,1,0.5428633093833923
lraa,1676,off,1740,2119,1,1,0.5477060079574585
lraa,1676,off,1741,2627,1,1,0.5506073832511902
lraa,1676,off,1742,1615,0,0,0.4951173663139343
lraa,1676,off,1743,1127,1,1,0.5945512652397156
lraa,1676,off,1744,2612,0,0,0.4882833957672119
lraa,1676,off,1745,848,0,0,0.48535576462745667
lraa,1676,off,1746,2654,1,1,0.5224458575248718
lraa,1676,off,1747,2683,0,0,0.46004629135131836
lraa,1676,off,1748,430,1,1,0.5341265201568604
lraa,1676,off,1749,592,0,0,0.4330221712589264
lraa,1676,off,1750,1083,0,0,0.43782350420951843
lraa,1676,off,1751,2682,1,1,0.5583269596099854
lraa,1676,off,1752,139,0,0,0.43206340074539185
lraa,1676,off,1753,2560,1,1,0.5698526501655579
lraa,1676,off,1754,1581,1,0,0.48535576462745667
lraa,1676,off,1755,884,1,1,0.5457699298858643
lraa,1676,off,1756,1109,1,1,0.5136684775352478
lraa,1676,off,1757,2599,1,1,0.5097643733024597
lraa,1676,off,1758,649,1,1,0.5448014140129089
lraa,1676,off,1759,1355,1,1,0.5477060079574585
lraa,1676,off,1760,1371,1,1,0.5224458575248718
lraa,1676,off,1761,2188,1,1,0.5879430770874023
lraa,1676,off,1762,390,1,0,0.4455295503139496
lraa,1676,off,1763,1590,1,1,0.5841525197029114
lraa,1676,off,1764,1173,1,0,0.47950369119644165
lraa,1676,off,1765,517,1,1,0.5448014140129089
lraa,1676,off,1766,1646,1,1,0.5755879878997803
lraa,1676,off,1767,2664,0,0,0.4436004161834717
lraa,1676,off,1768,1703,1,1,0.5068355202674866
lraa,1676,off,1769,2655,1,1,0.543832540512085
lraa,1676,off,1770,261,1,1,0.5224458575248718
lraa,1676,off,1771,907,1,1,0.5506073832511902
lraa,1676,off,1772,1101,1,1,0.5214711427688599
lraa,1676,off,1773,298,1,1,0.5273165106773376
lraa,1676,off,1774,2854,0,0,0.46587347984313965
lraa,1676,off,1775,2319,0,0,0.42155182361602783
lraa,1676,off,1776,2787,1,1,0.5554351806640625
lraa,1676,off,1777,2019,0,0,0.4359015226364136
lraa,1676,off,1778,2623,0,0,0.4359015226364136
lraa,1676,off,1779,2551,1,1,0.5009765625
lraa,1676,off,1780,1414,1,1,0.5477060079574585
lraa,1676,off,1781,320,0,0,0.4892594516277313
lraa,1676,off,1782,824,1,1,0.5515737533569336
lraa,1676,off,1783,2825,0,0,0.43014732003211975
lraa,1676,off,1784,2223,1,1,0.5331543684005737
lraa,1676,off,1785,841,1,1,0.5669777989387512
lraa,1676,off,1786,1567,1,1,0.5832033753395081
lraa,1676,off,1787,265,1,0,0.4951173663139343
lraa,1676,off,1788,548,0,0,0.47852882742881775
lraa,1676,off,1789,684,0,0,0.42155182361602783
lraa,1676,off,1790,1992,0,0,0.44167301058769226
lraa,1676,off,1791,735,1,1,0.5253688097000122
lraa,1676,off,1792,2118,1,1,0.5535053014755249
lraa,1676,off,1793,872,1,1,0.5784481763839722
lraa,1676,off,1794,689,1,1,0.5204963088035583
lraa,1676,off,1795,1827,0,0,0.4484263062477112
lraa,1676,off,1796,189,0,1,0.5592900514602661
lraa,1676,off,1797,2837,1,1,0.5573635101318359
lraa,1676,off,1798,402,1,1,0.5428633093833923
lraa,1676,off,1799,2138,1,1,0.5117166042327881
lraa,1676,off,1800,326,1,1,0.5506073832511902
lraa,1676,off,1801,2200,1,1,0.5496405959129333
lraa,1676,off,1802,1800,1,1,0.6067315340042114
lraa,1676,off,1803,318,1,1,0.5185462236404419
lraa,1676,off,1804,1950,0,0,0.4474602937698364
lraa,1676,off,1805,1975,0,0,0.4484263062477112
lraa,1676,off,1806,65,0,0,0.4455295503139496
lraa,1676,off,1807,2524,1,1,0.543832540512085
lraa,1676,off,1808,1162,1,1,0.5717666149139404
lraa,1676,off,1809,94,0,0,0.41869691014289856
lraa,1676,off,1810,567,1,1,0.5409238338470459
lraa,1676,off,1811,2907,1,1,0.5448014140129089
lraa,1676,off,1812,1838,1,1,0.5822535157203674
lraa,1676,off,1813,2398,0,0,0.46004629135131836
lraa,1676,off,1814,1542,1,1,0.5477060079574585
lraa,1676,off,1815,1883,0,0,0.4263215959072113
lraa,1676,off,1816,2014,1,1,0.5631377100944519
lraa,1676,off,1817,2011,1,1,0.5602526664733887
lraa,1676,off,1818,1353,0,0,0.4824291169643402
lraa,1676,off,1819,640,1,1,0.5457699298858643
lraa,1676,off,1820,1495,1,1,0.5214711427688599
lraa,1676,off,1821,1418,1,0,0.44167301058769226
lraa,1676,off,1822,2675,1,0,0.4931644797325134
lraa,1676,off,1823,1868,1,0,0.4824291169643402
lraa,1676,off,1824,481,0,0,0.4493926465511322
lraa,1676,off,1825,394,1,1,0.5185462236404419
lraa,1676,off,1826,2771,0,0,0.4902355968952179
lraa,1676,off,1827,842,0,1,0.5496405959129333
lraa,1676,off,1828,489,1,1,0.541893720626831
lraa,1676,off,1829,1999,1,1,0.5486735105514526
lraa,1676,off,1830,1245,1,1,0.5755879878997803
lraa,1676,off,1831,187,0,0,0.4339814782142639
lraa,1676,off,1832,1126,1,1,0.5428633093833923
lraa,1676,off,1833,1416,1,1,0.5185462236404419
lraa,1676,off,1834,2203,1,1,0.5360700488090515
lraa,1676,off,1835,2207,1,1,0.5399537086486816
lraa,1676,off,1836,1939,0,0,0.498046875
lraa,1676,off,1837,1852,1,1,0.5360700488090515
lraa,1676,off,1838,1020,1,1,0.5156199336051941
lraa,1676,off,1839,2543,0,0,0.43974730372428894
lraa,1676,off,1840,398,1,1,0.5525397062301636
lraa,1676,off,1841,213,0,0,0.4746311902999878
lraa,1676,off,1842,2213,1,0,0.4330221712589264
lraa,1676,off,1843,777,1,1,0.5214711427688599
lraa,1676,off,1844,2691,1,1,0.5486735105514526
lraa,1676,off,1845,2804,1,1,0.5496405959129333
lraa,1676,off,1846,1663,0,0,0.45519861578941345
lraa,1676,off,1847,1300,1,1,0.5175709128379822
lraa,1676,off,1848,268,1,1,0.5477060079574585
lraa,1676,off,1849,1292,0,0,0.4359015226364136
lraa,1676,off,1850,961,0,1,0.5698526501655579
lraa,1676,off,1851,2663,1,1,0.5156199336051941
lraa,1676,off,1852,681,1,1,0.5708098411560059
lraa,1676,off,1853,242,0,0,0.45713675022125244
lraa,1676,off,1854,2476,0,1,0.5631377100944519
lraa,1676,off,1855,1915,1,1,0.5224458575248718
lraa,1676,off,1856,630,0,0,0.4746311902999878
lraa,1676,off,1857,2899,1,1,0.5457699298858643
lraa,1676,off,1858,1290,0,0,0.438785195350647
lraa,1676,off,1859,2608,0,0,0.4590761363506317
lraa,1676,off,1860,2805,1,1,0.5360700488090515
lraa,1676,off,1861,270,0,0,0.46295860409736633
lraa,1676,off,1862,2634,0,0,0.4990234673023224
lraa,1676,off,1863,2827,1,0,0.43494123220443726
lraa,1676,off,1864,674,1,1,0.5486735105514526
lraa,1676,off,1865,1884,1,1,0.5467381477355957
lraa,1676,off,1866,1380,0,0,0.438785195350647
lraa,1676,off,1867,1498,1,1,0.5515737533569336
lraa,1676,off,1868,2889,1,1,0.5794004201889038
lraa,1676,off,1869,1291,1,1,0.5136684775352478
lraa,1676,off,1870,2515,0,0,0.46198752522468567
lraa,1676,off,1871,828,1,0,0.475605309009552
lraa,1676,off,1872,1210,1,0,0.46976351737976074
lraa,1676,off,1873,15,1,1,0.5048826336860657
lraa,1676,off,1874,2222,1,1,0.5457699298858643
lraa,1676,off,1875,2154,0,0,0.475605309009552
lraa,1676,off,1876,2773,0,1,0.5078118443489075
lraa,1676,off,1877,576,1,1,0.5282900333404541
lraa,1676,off,1878,228,1,1,0.5282900333404541
lraa,1676,off,1879,2894,1,0,0.4931644797325134
lraa,1676,off,1880,1486,1,1,0.5273165106773376
lraa,1676,off,1881,878,0,0,0.43494123220443726
lraa,1676,off,1882,1574,0,0,0.4532618820667267
lraa,1676,off,1883,964,0,0,0.48535576462745667
lraa,1676,off,1884,1006,1,1,0.5399537086486816
lraa,1676,off,1885,2826,1,1,0.5650587677955627
lraa,1676,off,1886,1890,0,0,0.4101654887199402
lraa,1676,off,1887,2687,1,1,0.5535053014755249
lraa,1676,off,1888,608,1,0,0.4873073995113373
lraa,1676,off,1889,1246,1,1,0.5448014140129089
lraa,1676,off,1890,779,1,1,0.5467381477355957
lraa,1676,off,1891,1912,0,0,0.43974730372428894
lraa,1676,off,1892,449,1,1,0.5224458575248718
lraa,1676,off,1893,1431,0,1,0.5029296278953552
lraa,1676,off,1894,395,1,0,0.4678179919719696
lraa,1676,off,1895,1149,0,0,0.4590761363506317
lraa,1676,off,1896,346,1,1,0.5214711427688599
lraa,1676,off,1897,893,1,1,0.5302364826202393
lraa,1676,off,1898,1630,1,1,0.5448014140129089
lraa,1676,off,1899,749,0,0,0.4941408932209015
lraa,1676,off,1900,1338,0,0,0.46976351737976074
lraa,1676,off,1901,1945,1,1,0.562176525592804
lraa,1676,off,1902,1209,0,0,0.4445647895336151
lraa,1676,off,1903,2830,1,0,0.4951173663139343
lraa,1676,off,1904,2740,0,0,0.46587347984313965
lraa,1676,off,1905,303,0,0,0.44167301058769226
lraa,1676,off,1906,289,1,1,0.5669777989387512
lraa,1676,off,1907,1111,0,0,0.44167301058769226
lraa,1676,off,1908,738,1,1,0.5698526501655579
lraa,1676,off,1909,1415,1,1,0.5380124449729919
lraa,1676,off,1910,2519,0,0,0.46198752522468567
lraa,1676,off,1911,2709,0,0,0.43974730372428894
lraa,1676,off,1912,734,1,1,0.5380124449729919
lraa,1676,off,1913,2744,1,1,0.5506073832511902
lraa,1676,off,1914,2422,0,0,0.47852882742881775
lraa,1676,off,1915,2817,1,1,0.5640984773635864
lraa,1676,off,1916,159,0,0,0.48535576462745667
lraa,1676,off,1917,286,1,1,0.5029296278953552
lraa,1676,off,1918,2205,1,1,0.5784481763839722
lraa,1676,off,1919,1530,1,1,0.5563995838165283
lraa,1676,off,1920,98,1,1,0.5477060079574585
lraa,1676,off,1921,964,1,1,0.5380124449729919
lraa,1676,off,1922,361,1,1,0.5195213556289673
lraa,1676,off,1923,1579,1,0,0.4678179919719696
lraa,1676,off,1924,2484,0,0,0.4863315522670746
lraa,1676,off,1925,342,0,0,0.4746311902999878
lraa,1676,off,1926,2761,1,1,0.5945512652397156
lraa,1676,off,1927,357,1,1,0.5331543684005737
lraa,1676,off,1928,2005,1,1,0.541893720626831
lraa,1676,off,1929,1406,1,1,0.5370413661003113
lraa,1676,off,1930,2710,1,1,0.5428633093833923
lraa,1676,off,1931,1143,0,0,0.43206340074539185
lraa,1676,off,1932,691,0,0,0.41584742069244385
lraa,1676,off,1933,240,1,1,0.5515737533569336
lraa,1676,off,1934,254,1,1,0.5869964361190796
lraa,1676,off,1935,1169,1,1,0.5869964361190796
lraa,1676,off,1936,1997,1,1,0.5350984334945679
lraa,1676,off,1937,395,0,0,0.4639299511909485
lraa,1676,off,1938,2929,0,0,0.45713675022125244
lraa,1676,off,1939,1577,0,0,0.44987595081329346
lraa,1676,off,1940,2732,0,0,0.42536652088165283
lraa,1676,off,1941,87,1,1,0.5136684775352478
lraa,1676,off,1942,2279,0,0,0.4330221712589264
lraa,1676,off,1943,1470,1,1,0.531209409236908
lraa,1676,off,1944,21,0,0,0.4455295503139496
lraa,1676,off,1945,1998,0,0,0.4561675190925598
lraa,1676,off,1946,1224,0,0,0.4561675190925598
lraa,1676,off,1947,2678,1,0,0.4882833957672119
lraa,1676,off,1948,2318,0,0,0.4824291169643402
lraa,1676,off,1949,672,0,1,0.5583269596099854
lraa,1676,off,1950,1893,0,0,0.4522939622402191
lraa,1676,off,1951,787,1,0,0.47852882742881775
lraa,1676,off,1952,1710,1,0,0.4746311902999878
lraa,1676,off,1953,1229,0,0,0.4330221712589264
lraa,1676,off,1954,2524,1,1,0.5640984773635864
lraa,1676,off,1955,278,0,0,0.44167301058769226
lraa,1676,off,1956,673,0,0,0.4311051368713379
lraa,1676,off,1957,2122,0,0,0.4765796661376953
lraa,1676,off,1958,1368,1,1,0.532181978225708
lraa,1676,off,1959,2070,0,0,0.4590761363506317
lraa,1676,off,1960,1243,1,1,0.5341265201568604
lraa,1676,off,1961,2056,0,0,0.45132651925086975
lraa,1676,off,1962,717,1,0,0.49218812584877014
lraa,1676,off,1963,1538,1,1,0.5224458575248718
lraa,1676,off,1964,2044,1,1,0.5755879878997803
lraa,1676,off,1965,1632,0,0,0.4941408932209015
lraa,1676,off,1966,1080,1,1,0.5078118443489075
lraa,1676,off,1967,2155,1,0,0.46587347984313965
lraa,1676,off,1968,1004,0,1,0.5698526501655579
lraa,1676,off,1969,2351,1,1,0.5650587677955627
lraa,1676,off,1970,714,0,0,0.4339814782142639
lraa,1676,off,1971,400,0,1,0.5058591365814209
lraa,1676,off,1972,1260,1,1,0.590779185295105
lraa,1676,off,1973,2458,0,0,0.43782350420951843
lraa,1676,off,1974,1960,1,1,0.5399537086486816
lraa,1676,off,1975,1140,1,0,0.49218812584877014
lraa,1676,off,1976,1056,0,0,0.42727723717689514
lraa,1676,off,1977,2423,1,1,0.501953125
lraa,1676,off,1978,1120,1,1,0.541893720626831
lraa,1676,off,1979,188,1,1,0.5688949227333069
lraa,1676,off,1980,1388,0,0,0.44263648986816406
lraa,1676,off,1981,1164,0,0,0.4639299511909485
lraa,1676,off,1982,806,1,1,0.5573635101318359
lraa,1676,off,1983,2190,1,1,0.5515737533569336
lraa,1676,off,1984,2074,1,0,0.4834045171737671
lraa,1676,off,1985,487,0,0,0.4561675190925598
lraa,1676,off,1986,199,0,0,0.4736572504043579
lraa,1676,off,1987,2234,1,1,0.532181978225708
lraa,1676,off,1988,1093,1,0,0.4970703423023224
lraa,1676,off,1989,2324,1,1,0.5698526501655579
lraa,1676,off,1990,1175,0,0,0.4311051368713379
lraa,1676,off,1991,659,1,1,0.596433162689209
lraa,1676,off,1992,1948,0,0,0.4311051368713379
lraa,1676,off,1993,2209,1,1,0.5869964361190796
lraa,1676,off,1994,1605,1,1,0.5399537086486816
lraa,1676,off,1995,2749,0,0,0.45035937428474426
lraa,1676,off,1996,1493,1,1,0.5341265201568604
lraa,1676,off,1997,1165,0,0,0.45423004031181335
lraa,1676,off,1998,1622,1,1,0.5515737533569336
lraa,1676,off,1999,2028,0,0,0.4892594516277313
lraa,1676,off,2000,62,0,0,0.47852882742881775
lraa,1676,off,2001,871,1,1,0.5253688097000122
lraa,1676,off,2002,632,1,1,0.543832540512085
lraa,1676,off,2003,372,1,1,0.5917232036590576
lraa,1676,off,2004,2308,0,0,0.4746311902999878
lraa,1676,off,2005,1791,1,1,0.5496405959129333
lraa,1676,off,2006,599,1,1,0.5688949227333069
lraa,1676,off,2007,2815,1,1,0.5506073832511902
lraa,1676,off,2008,2701,0,0,0.4436004161834717
lraa,1676,off,2009,238,1,1,0.531209409236908
lraa,1676,off,2010,1008,0,0,0.4464946985244751
lraa,1676,off,2011,2151,1,1,0.5448014140129089
lraa,1676,off,2012,894,1,1,0.5803520083427429
lraa,1676,off,2013,1535,1,1,0.5467381477355957
lraa,1676,off,2014,2305,1,1,0.5078118443489075
lraa,1676,off,2015,1848,0,0,0.4804786741733551
lraa,1676,off,2016,963,1,1,0.5341265201568604
lraa,1676,off,2017,2772,1,1,0.5380124449729919
lraa,1676,off,2018,1275,1,1,0.581303060054779
lraa,1676,off,2019,190,1,1,0.5457699298858643
lraa,1676,off,2020,1961,1,1,0.5477060079574585
lraa,1676,off,2021,719,0,0,0.43494123220443726
lraa,1676,off,2022,1895,0,0,0.42250463366508484
lraa,1676,off,2023,2491,0,0,0.46976351737976074
lraa,1676,off,2024,1334,0,0,0.47073662281036377
lraa,1676,off,2025,1011,1,1,0.5467381477355957
lraa,1676,off,2026,2743,0,0,0.40450742840766907
lraa,1676,off,2027,205,1,1,0.5784481763839722
lraa,1676,off,2028,1891,1,1,0.5380124449729919
lraa,1676,off,2029,2272,1,1,0.5535053014755249
lraa,1676,off,2030,255,1,1,0.5146442651748657
lraa,1676,off,2031,1830,1,1,0.543832540512085
lraa,1676,off,2032,120,0,0,0.41774648427963257
lraa,1676,off,2033,2312,1,1,0.5879430770874023
lraa,1676,off,2034,1634,1,1,0.5448014140129089
lraa,1676,off,2035,590,1,1,0.5992506742477417
lraa,1676,off,2036,2786,1,1,0.5389832258224487
lraa,1676,off,2037,2116,1,1,0.5360700488090515
lraa,1676,off,2038,1481,1,0,0.4330221712589264
lraa,1676,off,2039,1119,1,1,0.5467381477355957
lraa,1676,off,2040,671,1,1,0.5755879878997803
lraa,1676,off,2041,2749,0,0,0.44263648986816406
lraa,1676,off,2042,1864,1,1,0.501953125
lraa,1676,off,2043,600,0,0,0.4205996096134186
lraa,1676,off,2044,169,1,1,0.5331543684005737
lraa,1676,off,2045,1115,0,0,0.42536652088165283
lraa,1676,off,2046,2737,1,1,0.5350984334945679
lraa,1676,off,2047,2813,1,1,0.531209409236908
lraa,1676,off,2048,601,1,1,0.562176525592804
lraa,1676,off,2049,104,1,1,0.5380124449729919
lraa,1676,off,2050,2887,0,0,0.4687906503677368
lraa,1676,off,2051,1606,1,1,0.5631377100944519
lraa,1676,off,2052,645,0,0,0.4873073995113373
lraa,1676,off,2053,117,1,1,0.5573635101318359
lraa,1676,off,2054,1171,1,1,0.5755879878997803
lraa,1676,off,2055,1529,1,1,0.541893720626831
lraa,1676,off,2056,927,0,0,0.4359015226364136
lraa,1676,off,2057,471,1,1,0.5746335387229919
lraa,1676,off,2058,1248,1,0,0.4941408932209015
lraa,1676,off,2059,680,0,0,0.44263648986816406
lraa,1676,off,2060,1196,0,0,0.4814538359642029
lraa,1676,off,2061,1751,0,0,0.4873073995113373
lraa,1676,off,2062,2727,1,1,0.5554351806640625
lraa,1676,off,2063,2362,0,0,0.4892594516277313
lraa,1676,off,2064,1591,1,1,0.5302364826202393
lraa,1676,off,2065,2002,1,1,0.5263427495956421
lraa,1676,off,2066,531,1,1,0.5535053014755249
lraa,1676,off,2067,167,1,1,0.524394690990448
lraa,1676,off,2068,1719,1,0,0.4639299511909485
lraa,1676,off,2069,2814,0,0,0.4464946985244751
lraa,1676,off,2070,53,1,1,0.5879430770874023
lraa,1676,off,2071,2283,0,0,0.4101654887199402
lraa,1676,off,2072,2474,0,0,0.42823338508605957
lraa,1676,off,2073,2490,0,1,0.5087881684303284
lraa,1676,off,2074,2302,1,1,0.5039061903953552
lraa,1676,off,2075,478,0,0,0.4359015226364136
lraa,1676,off,2076,2402,1,0,0.4882833957672119
lraa,1676,off,2077,1447,0,1,0.5640984773635864
lraa,1676,off,2078,2412,1,1,0.5592900514602661
lraa,1676,off,2079,1786,1,0,0.4765796661376953
lraa,1676,off,2080,2463,1,0,0.4941408932209015
lraa,1676,off,2081,41,1,1,0.6011253595352173
lraa,1676,off,2082,2669,1,0,0.46976351737976074
lraa,1676,off,2083,2046,0,0,0.4834045171737671
lraa,1676,off,2084,832,1,1,0.543832540512085
lraa,1676,off,2085,607,0,0,0.41917237639427185
lraa,1676,off,2086,2295,0,0,0.43206340074539185
lraa,1676,off,2087,88,0,0,0.44263648986816406
lraa,1676,off,2088,2517,0,0,0.45132651925086975
lraa,1676,off,2089,2509,1,1,0.5448014140129089
lraa,1676,off,2090,1306,0,1,0.5097643733024597
lraa,1676,off,2091,2075,1,1,0.5515737533569336
lraa,1676,off,2092,967,1,1,0.5234203934669495
lraa,1676,off,2093,2363,0,1,0.5698526501655579
lraa,1676,off,2094,152,1,1,0.5515737533569336
lraa,1676,off,2095,10,0,0,0.42536652088165283
lraa,1676,off,2096,1619,1,1,0.5341265201568604
lraa,1676,off,2097,1541,1,1,0.5380124449729919
lraa,1676,off,2098,1749,1,1,0.5341265201568604
lraa,1676,off,2099,2797,1,1,0.5253688097000122
lraa,1676,off,2100,2841,1,1,0.5535053014755249
lraa,1676,off,2101,1562,1,1,0.5698526501655579
lraa,1676,off,2102,829,0,0,0.47073662281036377
lraa,1676,off,2103,1734,0,1,0.5409238338470459
lraa,1676,off,2104,1725,1,0,0.4951173663139343
lraa,1676,off,2105,1961,1,1,0.5457699298858643
lraa,1676,off,2106,2469,1,1,0.5107405185699463
lraa,1676,off,2107,2468,0,0,0.4035668969154358
lraa,1676,off,2108,875,0,0,0.4464946985244751
lraa,1676,off,2109,1910,1,1,0.5554351806640625
lraa,1676,off,2110,730,1,1,0.5573635101318359
lraa,1676,off,2111,231,1,1,0.5292633771896362
lraa,1676,off,2112,1808,0,1,0.5058591365814209
lraa,1676,off,2113,849,1,1,0.5926666259765625
lraa,1676,off,2114,1793,0,0,0.4561675190925598
lraa,1676,off,2115,2165,0,0,0.4863315522670746
lraa,1676,off,2116,2657,1,1,0.5717666149139404
lraa,1676,off,2117,1271,1,1,0.5156199336051941
lraa,1676,off,2118,276,1,1,0.5669777989387512
lraa,1676,off,2119,2881,0,0,0.4814538359642029
lraa,1676,off,2120,1142,0,0,0.41869691014289856
lraa,1676,off,2121,2303,1,1,0.5535053014755249
lraa,1676,off,2122,2452,1,1,0.5360700488090515
lraa,1676,off,2123,782,0,0,0.4951173663139343
lraa,1676,off,2124,574,1,1,0.5370413661003113
lraa,1676,off,2125,546,1,1,0.5486735105514526
lraa,1676,off,2126,970,1,0,0.491211861371994
lraa,1676,off,2127,2650,0,0,0.4063907265663147
lraa,1676,off,2128,74,1,1,0.5973730087280273
lraa,1676,off,2129,103,1,1,0.5669777989387512
lraa,1676,off,2130,2728,0,0,0.47073662281036377
lraa,1676,off,2131,1911,0,0,0.45423004031181335
lraa,1676,off,2132,2293,1,1,0.5669777989387512
lraa,1676,off,2133,2559,1,1,0.5360700488090515
lraa,1676,off,2134,234,1,1,0.531209409236908
lraa,1676,off,2135,2572,1,1,0.5794004201889038
lraa,1676,off,2136,83,0,0,0.47268345952033997
lraa,1676,off,2137,861,1,1,0.5399537086486816
lraa,1676,off,2138,333,0,0,0.45810624957084656
lraa,1676,off,2139,1444,1,1,0.5515737533569336
lraa,1676,off,2140,2032,1,1,0.5688949227333069
lraa,1676,off,2141,1992,0,0,0.4522939622402191
lraa,1676,off,2142,2455,1,1,0.5573635101318359
lraa,1676,off,2143,627,0,0,0.4445647895336151
lraa,1676,off,2144,2824,0,0,0.475605309009552
lraa,1676,off,2145,2452,1,1,0.5457699298858643
lraa,1676,off,2146,930,0,0,0.4639299511909485
lraa,1676,off,2147,1335,0,0,0.45035937428474426
lraa,1676,off,2148,1595,1,1,0.562176525592804
lraa,1676,off,2149,2158,0,1,0.5457699298858643
lraa,1676,off,2150,1117,0,0,0.4765796661376953
lraa,1676,off,2151,748,1,0,0.45035937428474426
lraa,1676,off,2152,17,1,1,0.524394690990448
lraa,1676,off,2153,29,1,1,0.5253688097000122
lraa,1676,off,2154,1202,1,1,0.532181978225708
lraa,1676,off,2155,1823,0,0,0.46101680397987366
lraa,1676,off,2156,733,1,1,0.5263427495956421
lraa,1676,off,2157,553,0,0,0.42919009923934937
lraa,1676,off,2158,726,1,0,0.49218812584877014
lraa,1676,off,2159,2435,1,1,0.532181978225708
lraa,1676,off,2160,2488,0,0,0.498046875
lraa,1676,off,2161,2549,0,0,0.4368622899055481
lraa,1676,off,2162,318,1,1,0.5399537086486816
lraa,1676,off,2163,515,1,1,0.5467381477355957
lraa,1676,off,2164,2176,0,0,0.4407099783420563
lraa,1676,off,2165,2681,1,1,0.5156199336051941
lraa,1676,off,2166,1583,1,1,0.5409238338470459
lraa,1676,off,2167,389,0,0,0.45423004031181335
lraa,1676,off,2168,446,0,0,0.4843800961971283
lraa,1676,off,2169,1908,0,0,0.4330221712589264
lraa,1676,off,2170,1195,0,0,0.47073662281036377
lraa,1676,off,2171,2107,0,1,0.5068355202674866
lraa,1676,off,2172,1700,1,1,0.5350984334945679
lraa,1676,off,2173,286,0,0,0.41111084818840027
lraa,1676,off,2174,1148,0,0,0.4765796661376953
lraa,1676,off,2175,1153,0,0,0.4493926465511322
lraa,1676,off,2176,2375,0,0,0.45132651925086975
lraa,1676,off,2177,590,1,1,0.5983121991157532
lraa,1676,off,2178,1225,0,0,0.4436004161834717
lraa,1676,off,2179,2725,0,0,0.4464946985244751
lraa,1676,off,2180,440,1,1,0.5660185217857361
lraa,1676,off,2181,1188,1,1,0.5746335387229919
lraa,1676,off,2182,392,1,1,0.562176525592804
lraa,1676,off,2183,479,0,0,0.4834045171737671
lraa,1676,off,2184,1907,0,1,0.5009765625
lraa,1676,off,2185,1197,1,0,0.4951173663139343
lraa,1676,off,2186,1157,1,1,0.5457699298858643
lraa,1676,off,2187,1592,1,1,0.5535053014755249
lraa,1676,off,2188,1014,1,1,0.5832033753395081
lraa,1676,off,2189,885,1,1,0.5399537086486816
lraa,1676,off,2190,936,1,1,0.5765419602394104
lraa,1676,off,2191,1323,0,0,0.45132651925086975
lraa,1676,off,2192,1450,1,1,0.5477060079574585
lraa,1676,off,2193,1618,1,1,0.5273165106773376
lraa,1676,off,2194,2394,1,1,0.5688949227333069
lraa,1676,off,2195,2636,0,0,0.4843800961971283
lraa,1676,off,2196,2105,1,1,0.581303060054779
lraa,1676,off,2197,1810,0,0,0.4668456017971039
lraa,1676,off,2198,1434,1,1,0.5554351806640625
lraa,1676,off,2199,774,0,0,0.4234580099582672
lraa,1676,off,2200,909,1,1,0.5554351806640625
lraa,1676,off,2201,977,1,1,0.5879430770874023
lraa,1676,off,2202,1386,0,0,0.4746311902999878
lraa,1676,off,2203,2567,1,1,0.5204963088035583
lraa,1676,off,2204,365,0,0,0.4359015226364136
lraa,1676,off,2205,1332,0,0,0.45810624957084656
lraa,1676,off,2206,2220,1,1,0.543832540512085
lraa,1676,off,2207,1189,1,1,0.5282900333404541
lraa,1676,off,2208,329,0,0,0.49609383940696716
lraa,1676,off,2209,1828,1,1,0.5592900514602661
lraa,1676,off,2210,1995,0,1,0.5048826336860657
lraa,1676,off,2211,427,1,1,0.5698526501655579
lraa,1676,off,2212,606,1,1,0.5331543684005737
lraa,1676,off,2213,965,1,1,0.5708098411560059
lraa,1676,off,2214,2596,0,0,0.4668456017971039
lraa,1676,off,2215,976,1,1,0.543832540512085
lraa,1676,off,2216,2778,0,0,0.49218812584877014
lraa,1676,off,2217,323,0,0,0.4717099368572235
lraa,1676,off,2218,106,1,1,0.5506073832511902
lraa,1676,off,2219,2605,0,0,0.46198752522468567
lraa,1676,off,2220,169,1,1,0.5592900514602661
lraa,1676,off,2221,1452,0,0,0.4882833957672119
lraa,1676,off,2222,1232,1,1,0.5746335387229919
lraa,1676,off,2223,2780,0,0,0.49609383940696716
lraa,1676,off,2224,64,1,1,0.5879430770874023
lraa,1676,off,2225,2546,1,1,0.5563995838165283
lraa,1676,off,2226,2332,1,1,0.5607337951660156
lraa,1676,off,2227,566,0,0,0.46587347984313965
lraa,1676,off,2228,2594,1,1,0.562176525592804
lraa,1676,off,2229,527,1,1,0.5341265201568604
lraa,1676,off,2230,589,1,1,0.5708098411560059
lraa,1676,off,2231,2670,0,0,0.4359015226364136
lraa,1676,off,2232,1294,0,1,0.5669777989387512
lraa,1676,off,2233,1996,0,0,0.46198752522468567
lraa,1676,off,2234,765,1,1,0.5477060079574585
lraa,1676,off,2235,212,0,0,0.4532618820667267
lraa,1676,off,2236,2617,0,0,0.4668456017971039
lraa,1676,off,2237,1158,1,1,0.5669777989387512
lraa,1676,off,2238,1586,1,1,0.5
lraa,1676,off,2239,1765,1,1,0.5650587677955627
lraa,1676,off,2240,2150,0,0,0.4368622899055481
lraa,1676,off,2241,453,1,1,0.5467381477355957
lraa,1676,off,2242,2249,0,0,0.41205692291259766
lraa,1676,off,2243,2769,1,1,0.5302364826202393
lraa,1676,off,2244,709,1,1,0.5496405959129333
lraa,1676,off,2245,2554,0,0,0.4339814782142639
lraa,1676,off,2246,17,1,1,0.5146442651748657
lraa,1676,off,2247,2238,1,1,0.5350984334945679
lraa,1676,off,2248,397,1,1,0.5409238338470459
lraa,1676,off,2249,2865,1,1,0.5784481763839722
lraa,1676,off,2250,1954,1,1,0.5282900333404541
lraa,1676,off,2251,1610,0,0,0.45423004031181335
lraa,1676,off,2252,56,1,1,0.5698526501655579
lraa,1676,off,2253,585,1,1,0.5195213556289673
lraa,1676,off,2254,1982,1,1,0.5360700488090515
lraa,1676,off,2255,1099,1,1,0.5428633093833923
lraa,1676,off,2256,1071,1,0,0.4931644797325134
lraa,1676,off,2257,1989,1,1,0.543832540512085
lraa,1676,off,2258,1773,0,0,0.45035937428474426
lraa,1676,off,2259,773,1,1,0.5234203934669495
lraa,1676,off,2260,996,1,1,0.5573635101318359
lraa,1676,off,2261,1818,0,0,0.4063907265663147
lraa,1676,off,2262,752,0,0,0.45132651925086975
lraa,1676,off,2263,2258,1,1,0.5204963088035583
lraa,1676,off,2264,367,0,0,0.40922078490257263
lraa,1676,off,2265,826,0,0,0.42250463366508484
lraa,1676,off,2266,580,1,1,0.5204963088035583
lraa,1676,off,2267,1741,0,0,0.4407099783420563
lraa,1676,off,2268,2353,1,1,0.5496405959129333
lraa,1676,off,2269,2123,1,1,0.5263427495956421
lraa,1676,off,2270,1788,1,1,0.5234203934669495
lraa,1676,off,2271,2539,1,1,0.5302364826202393
lraa,1676,off,2272,604,0,0,0.4464946985244751
lraa,1676,off,2273,1028,0,0,0.48535576462745667
lraa,1676,off,2274,2853,1,1,0.5341265201568604
lraa,1676,off,2275,1073,0,0,0.4668456017971039
lraa,1676,off,2276,2550,0,0,0.4263215959072113
lraa,1676,off,2277,173,0,0,0.4484263062477112
lraa,1676,off,2278,2591,1,1,0.5282900333404541
lraa,1676,off,2279,1554,1,0,0.4590761363506317
lraa,1676,off,2280,40,0,0,0.45810624957084656
lraa,1676,off,2281,1715,0,0,0.4804786741733551
lraa,1676,off,2282,1438,0,0,0.39981165528297424
lraa,1676,off,2283,2373,0,0,0.45810624957084656
lraa,1676,off,2284,424,1,1,0.5078118443489075
lraa,1676,off,2285,2138,1,1,0.5350984334945679
lraa,1676,off,2286,1820,1,1,0.5467381477355957
lraa,1676,off,2287,2483,1,0,0.4843800961971283
lraa,1676,off,2288,1477,0,0,0.47073662281036377
lraa,1676,off,2289,631,0,0,0.4717099368572235
lraa,1676,off,2290,298,1,1,0.541893720626831
lraa,1676,off,2291,2369,0,0,0.4892594516277313
lraa,1676,off,2292,14,1,1,0.5841525197029114
lraa,1676,off,2293,1621,1,1,0.5688949227333069
lraa,1676,off,2294,1040,1,1,0.5068355202674866
lraa,1676,off,2295,1478,1,1,0.5360700488090515
lraa,1676,off,2296,1241,0,0,0.4493926465511322
lraa,1676,off,2297,561,1,1,0.5679365992546082
lraa,1676,off,2298,1653,1,1,0.5409238338470459
lraa,1676,off,2299,2066,0,0,0.4436004161834717
lraa,1676,off,2300,49,0,0,0.475605309009552
lraa,1676,off,2301,345,1,0,0.49218812584877014
lraa,1676,off,2302,888,1,1,0.5224458575248718
lraa,1676,off,2303,390,1,0,0.47950369119644165
lraa,1676,off,2304,1302,1,1,0.5506073832511902
lraa,1676,off,2305,1305,1,1,0.5165954232215881
lraa,1676,off,2306,2765,1,1,0.5770187377929688
lraa,1676,off,2307,197,0,0,0.43782350420951843
lraa,1676,off,2308,670,0,0,0.47852882742881775
lraa,1676,off,2309,629,0,0,0.4484263062477112
lraa,1676,off,2310,782,0,0,0.475605309009552
lraa,1676,off,2311,2356,0,0,0.4493926465511322
lraa,1676,off,2312,2609,1,1,0.561214804649353
lraa,1676,off,2313,2142,1,1,0.5755879878997803
lraa,1676,off,2314,1636,1,1,0.5399537086486816
lraa,1676,off,2315,1390,1,1,0.5341265201568604
lraa,1676,off,2316,2755,0,0,0.41774648427963257
lraa,1676,off,2317,637,0,0,0.47852882742881775
lraa,1676,off,2318,1928,1,1,0.5282900333404541
lraa,1676,off,2319,1219,0,0,0.4474602937698364
lraa,1676,off,2320,196,0,0,0.4101654887199402
lraa,1676,off,2321,183,0,0,0.4765796661376953
lraa,1676,off,2322,540,0,0,0.4532618820667267
lraa,1676,off,2323,1698,1,1,0.5302364826202393
lraa,1676,off,2324,2856,1,1,0.524394690990448
lraa,1676,off,2325,2638,1,1,0.5126925706863403
lraa,1676,off,2326,44,1,1,0.5486735105514526
lraa,1676,off,2327,575,0,1,0.5302364826202393
lraa,1676,off,2328,1316,0,0,0.44167301058769226
lraa,1676,off,2329,692,1,1,0.5409238338470459
lraa,1676,off,2330,781,1,1,0.5496405959129333
lraa,1676,off,2331,2661,0,0,0.39513421058654785
lraa,1676,off,2332,2611,1,1,0.6109178066253662
lraa,1676,off,2333,2505,0,1,0.562176525592804
lraa,1676,off,2334,415,0,0,0.43014732003211975
lraa,1676,off,2335,2858,1,1,0.5515737533569336
lraa,1676,off,2336,1259,0,0,0.44167301058769226
lraa,1676,off,2337,2464,1,0,0.4678179919719696
lraa,1676,off,2338,1287,0,0,0.45810624957084656
lraa,1676,off,2339,2733,0,0,0.4368622899055481
lraa,1676,off,2340,2874,1,1,0.5467381477355957
lraa,1676,off,2341,2782,0,0,0.42250463366508484
lraa,1676,off,2342,1000,0,0,0.4746311902999878
lraa,1676,off,2343,2137,1,1,0.5457699298858643
lraa,1676,off,2344,710,1,1,0.5631377100944519
lraa,1676,off,2345,1958,0,1,0.501953125
lraa,1676,off,2346,2762,1,1,0.5360700488090515
lraa,1676,off,2347,47,1,0,0.498046875
lraa,1676,off,2348,315,1,1,0.5669777989387512
lraa,1676,off,2349,902,0,1,0.5058591365814209
lraa,1676,off,2350,2807,1,1,0.5688949227333069
lraa,1676,off,2351,2267,1,1,0.5717666149139404
lraa,1676,off,2352,1089,0,0,0.4474602937698364
lraa,1676,off,2353,1049,0,1,0.5
lraa,1676,off,2354,1943,0,0,0.46587347984313965
lraa,1676,off,2355,330,1,1,0.5544704794883728
lraa,1676,off,2356,2721,1,1,0.5302364826202393
lraa,1676,off,2357,1987,1,1,0.5360700488090515
lraa,1676,off,2358,1388,1,1,0.524394690990448
lraa,1676,off,2359,1930,0,0,0.44263648986816406
lraa,1676,off,2360,182,1,1,0.5302364826202393
lraa,1676,off,2361,2927,0,0,0.3942009508609772
lraa,1676,off,2362,2112,0,0,0.43014732003211975
lraa,1676,off,2363,2653,0,0,0.4902355968952179
lraa,1676,off,2364,1433,1,1,0.5688949227333069
lraa,1676,off,2365,76,1,1,0.5535053014755249
lraa,1676,off,2366,239,1,1,0.5370413661003113
lraa,1676,off,2367,400,0,1,0.501953125
lraa,1676,off,2368,2852,1,1,0.5774953961372375
lraa,1676,off,2369,2800,1,1,0.5573635101318359
lraa,1676,off,2370,2452,1,1,0.5496405959129333
lraa,1676,off,2371,993,1,1,0.5515737533569336
lraa,1676,off,2372,19,1,1,0.5554351806640625
lraa,1676,off,2373,1712,1,0,0.46976351737976074
lraa,1676,off,2374,1471,1,1,0.590779185295105
lraa,1676,off,2375,2386,1,1,0.5185462236404419
lraa,1676,off,2376,2160,1,1,0.531209409236908
lraa,1676,off,2377,1199,1,1,0.5640984773635864
lraa,1676,off,2378,291,1,1,0.5399537086486816
lraa,1676,off,2379,1912,0,0,0.4561675190925598
lraa,1676,off,2380,501,1,1,0.5496405959129333
lraa,1676,off,2381,256,1,0,0.48535576462745667
lraa,1676,off,2382,1855,1,0,0.4687906503677368
lraa,1676,off,2383,755,0,0,0.47950369119644165
lraa,1676,off,2384,1439,1,1,0.5360700488090515
lraa,1676,off,2385,2099,0,0,0.4373428225517273
lraa,1676,off,2386,1851,1,1,0.5736784338951111
lraa,1676,off,2387,2329,0,0,0.4931644797325134
lraa,1676,off,2388,1896,1,1,0.5234203934669495
lraa,1676,off,2389,1266,0,1,0.524394690990448
lraa,1676,off,2390,2102,0,0,0.4736572504043579
lraa,1676,off,2391,134,1,1,0.5486735105514526
lraa,1676,off,2392,2812,1,1,0.5898345112800598
lraa,1676,off,2393,2293,1,1,0.5535053014755249
lraa,1676,off,2394,1760,1,0,0.4951173663139343
lraa,1676,off,2395,525,1,0,0.4931644797325134
lraa,1676,off,2396,1223,1,1,0.5869964361190796
lraa,1676,off,2397,2570,1,1,0.5370413661003113
lraa,1676,off,2398,2803,1,1,0.5253688097000122
lraa,1676,off,2399,2411,1,1,0.5535053014755249
lraa,1676,off,2400,910,0,1,0.5331543684005737
lraa,1676,off,2401,155,1,1,0.5282900333404541
lraa,1676,off,2402,703,0,0,0.4746311902999878
lraa,1676,off,2403,274,1,1,0.5214711427688599
lraa,1676,off,2404,413,1,0,0.4882833957672119
lraa,1676,off,2405,280,1,0,0.4873073995113373
lraa,1676,off,2406,300,1,1,0.5389832258224487
lraa,1676,off,2407,206,1,0,0.49218812584877014
lraa,1676,off,2408,534,1,1,0.5350984334945679
lraa,1676,off,2409,269,1,0,0.4668456017971039
lraa,1676,off,2410,808,1,1,0.5631377100944519
lraa,1676,off,2411,1319,0,0,0.4931644797325134
lraa,1676,off,2412,1247,0,1,0.5477060079574585
lraa,1676,off,2413,1593,1,1,0.5253688097000122
lraa,1676,off,2414,747,0,0,0.4464946985244751
lraa,1676,off,2415,2821,1,0,0.498046875
lraa,1676,off,2416,2195,1,1,0.5486735105514526
lraa,1676,off,2417,2936,0,0,0.4687906503677368
lraa,1676,off,2418,852,1,1,0.5554351806640625
lraa,1676,off,2419,2038,1,1,0.5573635101318359
lraa,1676,off,2420,612,0,0,0.45810624957084656
lraa,1676,off,2421,1794,1,1,0.5486735105514526
lraa,1676,off,2422,1531,1,1,0.501953125
lraa,1676,off,2423,2501,1,1,0.5774953961372375
lraa,1676,off,2424,2059,1,1,0.5660185217857361
lraa,1676,off,2425,116,0,0,0.45519861578941345
lraa,1676,off,2426,1376,1,1,0.5380124449729919
lraa,1676,off,2427,145,1,1,0.5486735105514526
lraa,1676,off,2428,1833,1,1,0.5302364826202393
lraa,1676,off,2429,679,1,1,0.5428633093833923
lraa,1676,off,2430,162,0,0,0.4532618820667267
lraa,1676,off,2431,172,1,1,0.531209409236908
lraa,1676,off,2432,1584,0,0,0.4436004161834717
lraa,1676,off,2433,975,0,0,0.4244120121002197
lraa,1676,off,2434,874,1,1,0.5399537086486816
lraa,1676,off,2435,434,0,0,0.4873073995113373
lraa,1676,off,2436,63,1,1,0.5774953961372375
lraa,1676,off,2437,1227,1,1,0.5640984773635864
lraa,1676,off,2438,984,0,0,0.47852882742881775
lraa,1676,off,2439,794,0,0,0.4455295503139496
lraa,1676,off,2440,1043,0,1,0.5185462236404419
lraa,1676,off,2441,1097,0,0,0.41584742069244385
lraa,1676,off,2442,753,1,1,0.5117166042327881
lraa,1676,off,2443,105,0,0,0.4436004161834717
lraa,1676,off,2444,655,0,0,0.46490156650543213
lraa,1676,off,2445,338,1,1,0.5515737533569336
lraa,1676,off,2446,119,0,0,0.4814538359642029
lraa,1676,off,2447,593,0,0,0.42727723717689514
lraa,1676,off,2448,937,1,1,0.5554351806640625
lraa,1676,off,2449,2770,0,0,0.46587347984313965
lraa,1676,off,2450,805,1,1,0.5234203934669495
lraa,1676,off,2451,1253,1,1,0.5302364826202393
lraa,1676,off,2452,2298,0,1,0.5068355202674866
lraa,1676,off,2453,933,1,1,0.5544704794883728
lraa,1676,off,2454,1655,0,0,0.4561675190925598
lraa,1676,off,2455,2638,1,1,0.5117166042327881
lraa,1676,off,2456,658,0,0,0.3942009508609772
lraa,1676,off,2457,542,1,1,0.5263427495956421
lraa,1676,off,2458,219,1,1,0.5765419602394104
lraa,1676,off,2459,2349,1,0,0.4717099368572235
lraa,1676,off,2460,1533,0,0,0.438785195350647
lraa,1676,off,2461,2842,1,1,0.5389832258224487
lraa,1676,off,2462,2050,0,0,0.44263648986816406
lraa,1676,off,2463,1492,1,1,0.5592900514602661
lraa,1676,off,2464,2555,1,1,0.5058591365814209
lraa,1676,off,2465,194,1,0,0.49609383940696716
lraa,1676,off,2466,1783,1,1,0.590779185295105
lraa,1676,off,2467,110,1,1,0.5563995838165283
lraa,1676,off,2468,1340,1,1,0.5273165106773376
lraa,1676,off,2469,2297,0,1,0.5544704794883728
lraa,1676,off,2470,33,0,1,0.5273165106773376
lraa,1676,off,2471,307,1,1,0.5126925706863403
lraa,1676,off,2472,1964,1,0,0.4687906503677368
lraa,1676,off,2473,2667,0,0,0.4814538359642029
lraa,1676,off,2474,2714,0,0,0.4464946985244751
lraa,1676,off,2475,1624,1,1,0.5755879878997803
lraa,1676,off,2476,1067,1,1,0.5669777989387512
lraa,1676,off,2477,2364,0,0,0.4746311902999878
lraa,1676,off,2478,1627,0,0,0.4407099783420563
lraa,1676,off,2479,1795,1,1,0.5253688097000122
lraa,1676,off,2480,1966,1,1,0.5669777989387512
lraa,1676,off,2481,2928,1,1,0.5544704794883728
lraa,1676,off,2482,2819,1,1,0.5525397062301636
lraa,1676,off,2483,38,0,0,0.43494123220443726
lraa,1676,off,2484,340,1,1,0.5331543684005737
lraa,1676,off,2485,1339,1,1,0.5448014140129089
lraa,1676,off,2486,2049,1,1,0.5477060079574585
lraa,1676,off,2487,46,1,1,0.5592900514602661
lraa,1676,off,2488,2723,1,1,0.5602526664733887
lraa,1676,off,2489,1241,1,1,0.5688949227333069
lraa,1676,off,2490,716,1,0,0.4746311902999878
lraa,1676,off,2491,2533,0,1,0.5457699298858643
lraa,1676,off,2492,881,1,1,0.5477060079574585
lraa,1676,off,2493,230,1,1,0.5399537086486816
lraa,1676,off,2494,1539,1,1,0.5525397062301636
lraa,1676,off,2495,2375,0,0,0.45713675022125244
lraa,1676,off,2496,1544,1,1,0.5224458575248718
lraa,1676,off,2497,1865,1,1,0.562176525592804
lraa,1676,off,2498,2017,0,0,0.45132651925086975
lraa,1676,off,2499,2091,0,0,0.42823338508605957
lraa,1676,off,2500,2404,1,1,0.5563995838165283
lraa,1676,off,2501,834,1,1,0.5535053014755249
lraa,1676,off,2502,492,0,0,0.4205996096134186
lraa,1676,off,2503,2613,0,0,0.4474602937698364
lraa,1676,off,2504,2541,0,0,0.4522939622402191
lraa,1676,off,2505,166,0,0,0.491211861371994
lraa,1676,off,2506,2593,0,0,0.46198752522468567
lraa,1676,off,2507,2280,0,0,0.4455295503139496
lraa,1676,off,2508,287,1,1,0.5563995838165283
lraa,1676,off,2509,318,1,1,0.5350984334945679
lraa,1676,off,2510,1784,1,0,0.49609383940696716
lraa,1676,off,2511,77,0,0,0.4736572504043579
lraa,1676,off,2512,251,1,1,0.5774953961372375
lraa,1676,off,2513,1283,1,1,0.590779185295105
lraa,1676,off,2514,2485,1,1,0.561214804649353
lraa,1676,off,2515,687,0,0,0.4639299511909485
lraa,1676,off,2516,1098,0,0,0.42919009923934937
lraa,1676,off,2517,2589,1,1,0.541893720626831
lraa,1676,off,2518,371,0,0,0.43206340074539185
lraa,1676,off,2519,1394,1,1,0.5563995838165283
lraa,1676,off,2520,247,0,0,0.4804786741733551
lraa,1676,off,2521,762,0,0,0.42727723717689514
lraa,1676,off,2522,1785,1,1,0.5380124449729919
lraa,1676,off,2523,2537,0,0,0.41774648427963257
lraa,1676,off,2524,922,1,1,0.562176525592804
lraa,1676,off,2525,1181,1,1,0.5331543684005737
lraa,1676,off,2526,237,0,0,0.4746311902999878
lraa,1676,off,2527,2549,0,0,0.44167301058769226
lraa,1676,off,2528,374,0,0,0.43782350420951843
lraa,1676,off,2529,564,1,1,0.5467381477355957
lraa,1676,off,2530,621,0,1,0.5341265201568604
lraa,1676,off,2531,1107,1,1,0.5107405185699463
lraa,1676,off,2532,2628,1,1,0.5631377100944519
lraa,1676,off,2533,1272,0,0,0.4668456017971039
lraa,1676,off,2534,2377,1,0,0.4804786741733551
lraa,1676,off,2535,1467,0,0,0.44167301058769226
lraa,1676,off,2536,551,0,0,0.4484263062477112
lraa,1676,off,2537,2068,0,0,0.4639299511909485
lraa,1676,off,2538,664,0,0,0.4474602937698364
lraa,1676,off,2539,2453,0,0,0.4639299511909485
lraa,1676,off,2540,1753,0,0,0.45519861578941345
lraa,1676,off,2541,1772,0,0,0.45035937428474426
lraa,1676,off,2542,507,1,1,0.5370413661003113
lraa,1676,off,2543,335,1,1,0.5765419602394104
lraa,1676,off,2544,149,1,1,0.5708098411560059
lraa,1676,off,2545,1709,1,1,0.562176525592804
lraa,1676,off,2546,1708,1,1,0.5126925706863403
lraa,1676,off,2547,1206,0,0,0.43206340074539185
lraa,1676,off,2548,1454,0,0,0.4205996096134186
lraa,1676,off,2549,2840,1,1,0.5117166042327881
lraa,1676,off,2550,334,1,1,0.5669777989387512
lraa,1676,off,2551,1313,1,1,0.541893720626831
lraa,1676,off,2552,2075,1,1,0.5486735105514526
lraa,1676,off,2553,2241,0,0,0.4532618820667267
lraa,1676,off,2554,810,0,0,0.47268345952033997
lraa,1676,off,2555,2217,1,1,0.5592900514602661
lraa,1676,off,2556,1286,1,1,0.5039061903953552
lraa,1676,off,2557,1469,1,1,0.541893720626831
lraa,1676,off,2558,2275,1,1,0.5765419602394104
lraa,1676,off,2559,1069,1,0,0.42919009923934937
lraa,1676,off,2560,1421,0,1,0.5273165106773376
lraa,1676,off,2561,2053,0,0,0.4717099368572235
lraa,1676,off,2562,2052,1,1,0.5273165106773376
lraa,1676,off,2563,391,1,1,0.5736784338951111
lraa,1676,off,2564,1885,1,1,0.562176525592804
lraa,1676,off,2565,1555,0,0,0.46295860409736633
lraa,1676,off,2566,1825,1,1,0.5457699298858643
lraa,1676,off,2567,1902,1,1,0.5048826336860657
lraa,1676,off,2568,1528,1,1,0.532181978225708
lraa,1676,off,2569,924,1,0,0.47268345952033997
lraa,1676,off,2570,1041,0,0,0.4941408932209015
lraa,1676,off,2571,2598,0,0,0.4359015226364136
lraa,1676,off,2572,2633,0,0,0.47755417227745056
lraa,1676,off,2573,1761,1,1,0.581303060054779
lraa,1676,off,2574,1240,1,1,0.5650587677955627
lraa,1676,off,2575,2139,0,0,0.4493926465511322
lraa,1676,off,2576,2034,0,0,0.4493926465511322
lraa,1676,off,2577,2545,0,0,0.47852882742881775
lraa,1676,off,2578,2693,1,1,0.5263427495956421
lraa,1676,off,2579,1755,0,0,0.45519861578941345
lraa,1676,off,2580,2361,0,0,0.46490156650543213
lraa,1676,off,2581,1109,1,1,0.5263427495956421
lraa,1676,off,2582,539,1,1,0.5282900333404541
lraa,1676,off,2583,1631,0,0,0.4804786741733551
lraa,1676,off,2584,2866,0,0,0.47852882742881775
lraa,1676,off,2585,1429,0,0,0.4464946985244751
lraa,1676,off,2586,2042,0,0,0.43014732003211975
lraa,1676,off,2587,2876,1,1,0.5898345112800598
lraa,1676,off,2588,939,1,0,0.49609383940696716
lraa,1676,off,2589,2218,1,0,0.46198752522468567
lraa,1676,off,2590,1768,1,1,0.5380124449729919
lraa,1676,off,2591,1513,0,0,0.4339814782142639
lraa,1676,off,2592,2700,0,0,0.47755417227745056
lraa,1676,off,2593,1226,0,1,0.5360700488090515
lraa,1676,off,2594,1273,0,0,0.42536652088165283
lraa,1676,off,2595,1900,0,0,0.46198752522468567
lraa,1676,off,2596,311,1,1,0.5736784338951111
lraa,1676,off,2597,2426,1,1,0.5486735105514526
lraa,1676,off,2598,179,1,1,0.5583269596099854
lraa,1676,off,2599,2133,0,0,0.4736572504043579
lraa,1676,off,2600,837,0,0,0.43494123220443726
lraa,1676,off,2601,1534,0,0,0.4814538359642029
lraa,1676,off,2602,2027,1,0,0.47852882742881775
lraa,1676,off,2603,614,1,1,0.5
lraa,1676,off,2604,2883,1,1,0.532181978225708
lraa,1676,off,2605,1420,1,0,0.4941408932209015
lraa,1676,off,2606,524,1,1,0.5428633093833923
lraa,1676,off,2607,170,0,0,0.4196479618549347
lraa,1676,off,2608,1612,1,1,0.5544704794883728
lraa,1676,off,2609,1357,1,1,0.5525397062301636
lraa,1676,off,2610,2698,1,1,0.5708098411560059
lraa,1676,off,2611,2767,1,1,0.531209409236908
lraa,1676,off,2612,776,1,1,0.5525397062301636
lraa,1676,off,2613,1464,1,1,0.5282900333404541
lraa,1676,off,2614,55,1,1,0.5602526664733887
lraa,1676,off,2615,1428,1,1,0.5573635101318359
lraa,1676,off,2616,1738,1,1,0.5592900514602661
lraa,1676,off,2617,2584,1,1,0.5350984334945679
lraa,1676,off,2618,1235,0,0,0.4717099368572235
lraa,1676,off,2619,252,1,1,0.5717666149139404
lraa,1676,off,2620,609,0,0,0.4484263062477112
lraa,1676,off,2621,36,0,0,0.4407099783420563
lraa,1676,off,2622,2287,1,0,0.498046875
lraa,1676,off,2623,2540,0,0,0.46587347984313965
lraa,1676,off,2624,2880,0,0,0.491211861371994
lraa,1676,off,2625,1746,0,0,0.4843800961971283
lraa,1676,off,2626,1303,1,1,0.541893720626831
lraa,1676,off,2627,1088,0,0,0.4368622899055481
lraa,1676,off,2628,50,1,0,0.4931644797325134
lraa,1676,off,2629,1022,1,1,0.5544704794883728
lraa,1676,off,2630,388,1,1,0.5389832258224487
lraa,1676,off,2631,1633,1,1,0.5563995838165283
lraa,1676,off,2632,2446,1,1,0.5467381477355957
lraa,1676,off,2633,651,1,1,0.5039061903953552
lraa,1676,off,2634,757,0,0,0.4873073995113373
lraa,1676,off,2635,2702,1,0,0.4804786741733551
lraa,1676,off,2636,1644,1,1,0.5078118443489075
lraa,1676,off,2637,1259,0,0,0.44167301058769226
lraa,1676,off,2638,2486,1,0,0.46198752522468567
lraa,1676,off,2639,1362,1,0,0.4834045171737671
lraa,1676,off,2640,70,0,0,0.43494123220443726
lraa,1676,off,2641,111,0,0,0.46101680397987366
lraa,1676,off,2642,1684,0,0,0.4746311902999878
lraa,1676,off,2643,901,0,1,0.5457699298858643
lraa,1676,off,2644,1754,1,1,0.6150878667831421
lraa,1676,off,2645,999,1,1,0.5640984773635864
lraa,1676,off,2646,2429,1,1,0.5784481763839722
lraa,1676,off,2647,2355,1,1,0.5370413661003113
lraa,1676,off,2648,1912,0,0,0.438785195350647
lraa,1676,off,2649,615,0,0,0.42155182361602783
lraa,1676,off,2650,2347,0,0,0.4882833957672119
lraa,1676,off,2651,2688,0,0,0.4073334336280823
lraa,1676,off,2652,1929,1,1,0.5650587677955627
lraa,1676,off,2653,594,1,1,0.5650587677955627
lraa,1676,off,2654,1112,1,1,0.5273165106773376
lraa,1676,off,2655,559,1,0,0.46101680397987366
lraa,1676,off,2656,2204,1,1,0.543832540512085
lraa,1676,off,2657,518,0,0,0.42250463366508484
lraa,1676,off,2658,2682,1,1,0.5389832258224487
lraa,1676,off,2659,1654,1,1,0.5535053014755249
lraa,1676,off,2660,387,0,0,0.4522939622402191
lraa,1676,off,2661,2405,0,0,0.4678179919719696
lraa,1676,off,2662,1212,1,1,0.5097643733024597
lraa,1676,off,2663,713,0,1,0.5341265201568604
lraa,1676,off,2664,2372,1,1,0.532181978225708
lraa,1676,off,2665,1559,0,0,0.47852882742881775
lraa,1676,off,2666,1170,1,1,0.5592900514602661
lraa,1676,off,2667,1654,1,1,0.5563995838165283
lraa,1676,off,2668,2104,1,1,0.5331543684005737
lraa,1676,off,2669,998,1,1,0.5175709128379822
lraa,1676,off,2670,1977,1,1,0.5341265201568604
lraa,1676,off,2671,293,0,0,0.45035937428474426
lraa,1676,off,2672,565,1,1,0.5331543684005737
lraa,1676,off,2673,1901,1,1,0.5224458575248718
lraa,1676,off,2674,1968,1,1,0.541893720626831
lraa,1676,off,2675,856,1,1,0.5409238338470459
lraa,1676,off,2676,1951,0,0,0.44263648986816406
lraa,1676,off,2677,426,0,0,0.43974730372428894
lraa,1676,off,2678,1001,1,1,0.5165954232215881
lraa,1676,off,2679,591,1,1,0.5851011276245117
lraa,1676,off,2680,648,0,0,0.4436004161834717
lraa,1676,off,2681,2189,0,0,0.43014732003211975
lraa,1676,off,2682,2911,1,1,0.5736784338951111
lraa,1676,off,2683,1585,1,1,0.5370413661003113
lraa,1676,off,2684,1338,0,0,0.475605309009552
lraa,1676,off,2685,844,1,1,0.5506073832511902
lraa,1676,off,2686,1285,0,0,0.475605309009552
lraa,1676,off,2687,865,1,1,0.5253688097000122
lraa,1676,off,2688,2460,0,0,0.4668456017971039
lraa,1676,off,2689,1834,1,0,0.4445647895336151
lraa,1676,off,2690,1566,0,0,0.43206340074539185
lraa,1676,off,2691,42,0,0,0.4668456017971039
lraa,1676,off,2692,1569,1,1,0.5058591365814209
lraa,1676,off,2693,2702,1,1,0.5292633771896362
lraa,1676,off,2694,2132,0,0,0.4561675190925598
lraa,1676,off,2695,1736,1,1,0.5448014140129089
lraa,1676,off,2696,1360,1,1,0.5732006430625916
lraa,1676,off,2697,554,1,1,0.5302364826202393
lraa,1676,off,2698,2253,0,0,0.4717099368572235
lraa,1676,off,2699,2199,0,0,0.4205996096134186
lraa,1676,off,2700,2321,0,0,0.45423004031181335
lraa,1676,off,2701,1829,1,1,0.5688949227333069
lraa,1676,off,2702,1031,0,0,0.39513421058654785
lraa,1676,off,2703,2796,0,0,0.4834045171737671
lraa,1676,off,2704,1222,1,1,0.5544704794883728
lraa,1676,off,2705,786,1,1,0.5350984334945679
lraa,1676,off,2706,469,1,1,0.5477060079574585
lraa,1676,off,2707,2276,1,1,0.5755879878997803
lraa,1676,off,2708,2130,1,1,0.532181978225708
lraa,1676,off,2709,2370,1,1,0.5048826336860657
lraa,1676,off,2710,1079,0,0,0.4834045171737671
lraa,1676,off,2711,2437,0,0,0.4196479618549347
lraa,1676,off,2712,2426,1,1,0.5525397062301636
lraa,1676,off,2713,1552,1,1,0.5457699298858643
lraa,1676,off,2714,508,1,1,0.5515737533569336
lraa,1676,off,2715,1679,1,1,0.5515737533569336
lraa,1676,off,2716,799,0,0,0.47852882742881775
lraa,1676,off,2717,516,1,1,0.5832033753395081
lraa,1676,off,2718,186,0,0,0.40262696146965027
lraa,1676,off,2719,1739,1,1,0.5370413661003113
lraa,1676,off,2720,2838,1,1,0.5631377100944519
lraa,1676,off,2721,2835,1,1,0.5535053014755249
lraa,1676,off,2722,1105,1,1,0.5755879878997803
lraa,1676,off,2723,1990,1,0,0.47950369119644165
lraa,1676,off,2724,1420,0,0,0.46004629135131836
lraa,1676,off,2725,1721,1,1,0.5631377100944519
lraa,1676,off,2726,2149,0,1,0.5195213556289673
lraa,1676,off,2727,26,0,0,0.42155182361602783
lraa,1676,off,2728,2806,1,0,0.49218812584877014
lraa,1676,off,2729,1259,0,0,0.4668456017971039
lraa,1676,off,2730,1932,1,1,0.5727227926254272
lraa,1676,off,2731,1688,1,1,0.5341265201568604
lraa,1676,off,2732,1728,0,0,0.4990234673023224
lraa,1676,off,2733,2079,0,0,0.45423004031181335
lraa,1676,off,2734,1458,1,1,0.5234203934669495
lraa,1676,off,2735,2175,0,0,0.46198752522468567
lraa,1676,off,2736,809,1,1,0.5774953961372375
lraa,1676,off,2737,1639,0,0,0.4007493853569031
lraa,1676,off,2738,2138,0,0,0.45519861578941345
lraa,1676,off,2739,2336,0,0,0.4263215959072113
lraa,1676,off,2740,2742,1,1,0.5669777989387512
lraa,1676,off,2741,57,1,1,0.5078118443489075
lraa,1676,off,2742,1012,0,0,0.4368622899055481
lraa,1676,off,2743,1389,1,1,0.5746335387229919
lraa,1676,off,2744,2262,0,0,0.46490156650543213
lraa,1676,off,2745,2367,1,1,0.5448014140129089
lraa,1676,off,2746,48,1,1,0.5448014140129089
lraa,1676,off,2747,2934,1,1,0.5409238338470459
lraa,1676,off,2748,1849,1,1,0.562176525592804
lraa,1676,off,2749,1822,1,1,0.5175709128379822
lraa,1676,off,2750,2748,1,1,0.5360700488090515
lraa,1676,off,2751,981,0,0,0.45810624957084656
lraa,1676,off,2752,1769,0,0,0.46587347984313965
lraa,1676,off,2753,1341,1,1,0.5282900333404541
lraa,1676,off,2754,2027,0,1,0.5048826336860657
lraa,1676,off,2755,1095,0,1,0.5
lraa,1676,off,2756,1282,1,1,0.5832033753395081
lraa,1676,off,2757,24,0,0,0.4436004161834717
lraa,1676,off,2758,1203,1,1,0.5669777989387512
lraa,1676,off,2759,1167,1,1,0.5477060079574585
lraa,1676,off,2760,69,1,1,0.5774953961372375
lraa,1676,off,2761,2439,1,1,0.5822535157203674
lraa,1676,off,2762,1182,1,1,0.5669777989387512
lraa,1676,off,2763,375,1,1,0.5583269596099854
lraa,1676,off,2764,2450,1,1,0.6113819479942322
lraa,1676,off,2765,696,1,0,0.4951173663139343
lraa,1676,off,2766,1775,1,1,0.5078118443489075
lraa,1676,off,2767,1121,1,1,0.5794004201889038
lraa,1676,off,2768,2618,1,1,0.5370413661003113
lraa,1676,off,2769,465,1,1,0.5126925706863403
lraa,1676,off,2770,864,1,1,0.5708098411560059
lraa,1676,off,2771,744,0,0,0.4561675190925598
lraa,1676,off,2772,1059,1,1,0.5525397062301636
lraa,1676,off,2773,1487,0,0,0.4148988127708435
lraa,1676,off,2774,1687,0,0,0.4746311902999878
lraa,1676,off,2775,2382,1,1,0.5736784338951111
lraa,1676,off,2776,1991,0,0,0.46101680397987366
lraa,1676,off,2777,1652,1,1,0.5457699298858643
lraa,1676,off,2778,2702,1,0,0.4804786741733551
lraa,1676,off,2779,1378,0,0,0.47950369119644165
lraa,1676,off,2780,157,0,0,0.4532618820667267
lraa,1676,off,2781,1889,0,0,0.4464946985244751
lraa,1676,off,2782,2409,0,0,0.4244120121002197
lraa,1676,off,2783,707,0,0,0.4990234673023224
lraa,1676,off,2784,2645,1,1,0.5467381477355957
lraa,1676,off,2785,2847,1,1,0.561214804649353
lraa,1676,off,2786,126,1,1,0.5803520083427429
lraa,1676,off,2787,2932,1,1,0.5983121991157532
lraa,1676,off,2788,1900,1,1,0.5746335387229919
lraa,1676,off,2789,1548,1,1,0.5698526501655579
lraa,1676,off,2790,895,1,0,0.4484263062477112
lraa,1676,off,2791,30,0,0,0.4436004161834717
lraa,1676,off,2792,1641,1,1,0.5736784338951111
lraa,1676,off,2793,1053,1,1,0.5708098411560059
lraa,1676,off,2794,246,1,1,0.5746335387229919
lraa,1676,off,2795,2790,0,0,0.4843800961971283
lraa,1676,off,2796,941,1,1,0.590779185295105
lraa,1676,off,2797,1451,0,0,0.4484263062477112
lraa,1676,off,2798,305,1,1,0.5554351806640625
lraa,1676,off,2799,2621,0,0,0.4436004161834717
lraa,1676,off,2800,1979,1,1,0.5448014140129089
lraa,1676,off,2801,2084,1,1,0.5554351806640625
lraa,1676,off,2802,2635,1,1,0.5592900514602661
lraa,1676,off,2803,859,0,0,0.4445647895336151
lraa,1676,off,2804,2565,1,1,0.5195213556289673
lraa,1676,off,2805,1348,1,1,0.5688949227333069
lraa,1676,off,2806,701,1,1,0.5156199336051941
lraa,1676,off,2807,973,0,0,0.3988746106624603
lraa,1676,off,2808,2883,1,1,0.5029296278953552
lraa,1676,off,2809,2029,1,1,0.5214711427688599
lraa,1676,off,2810,915,1,1,0.5457699298858643
lraa,1676,off,2811,131,0,0,0.491211861371994
lraa,1676,off,2812,738,1,1,0.5380124449729919
lraa,1676,off,2813,113,0,0,0.3923368453979492
lraa,1676,off,2814,2873,0,1,0.5185462236404419
lraa,1676,off,2815,603,0,0,0.49609383940696716
lraa,1676,off,2816,207,1,1,0.5399537086486816
lraa,1676,off,2817,2514,1,0,0.48535576462745667
lraa,1676,off,2818,2250,1,1,0.5214711427688599
lraa,1676,off,2819,2518,1,0,0.491211861371994
lraa,1676,off,2820,2576,1,0,0.4804786741733551
lraa,1676,off,2821,734,1,1,0.5136684775352478
lraa,1676,off,2822,1837,0,0,0.4687906503677368
lraa,1676,off,2823,2440,0,0,0.45423004031181335
lraa,1676,off,2824,2909,1,1,0.5399537086486816
lraa,1676,off,2825,434,1,1,0.5563995838165283
lraa,1676,off,2826,1259,0,0,0.44263648986816406
lraa,1676,off,2827,2921,0,0,0.46490156650543213
lraa,1676,off,2828,2640,0,0,0.37479066848754883
lraa,1676,off,2829,1681,1,1,0.5
lraa,1676,off,2830,2912,1,1,0.5669777989387512
lraa,1676,off,2831,1400,1,1,0.5631377100944519
lraa,1676,off,2832,545,0,1,0.5302364826202393
lraa,1676,off,2833,1180,1,1,0.5399537086486816
lraa,1676,off,2834,1076,0,0,0.45519861578941345
lraa,1676,off,2835,1485,1,1,0.5746335387229919
lraa,1676,off,2836,297,0,0,0.45713675022125244
lraa,1676,off,2837,2127,0,0,0.4882833957672119
lraa,1676,off,2838,226,0,0,0.46587347984313965
lraa,1676,off,2839,553,1,1,0.5448014140129089
lraa,1676,off,2840,400,1,1,0.5389832258224487
lraa,1676,off,2841,1925,1,1,0.5583269596099854
lraa,1676,off,2842,598,0,0,0.45035937428474426
lraa,1676,off,2843,2600,0,0,0.4493926465511322
lraa,1676,off,2844,417,1,1,0.5506073832511902
lraa,1676,off,2845,731,1,1,0.5563995838165283
lraa,1676,off,2846,932,1,1,0.5117166042327881
lraa,1676,off,2847,2157,1,1,0.5263427495956421
lraa,1676,off,2848,2503,1,1,0.5936092734336853
lraa,1676,off,2849,890,0,1,0.5185462236404419
lraa,1676,off,2850,1509,1,1,0.5399537086486816
lraa,1676,off,2851,2224,0,0,0.4590761363506317
lraa,1676,off,2852,161,0,0,0.39793840050697327
lraa,1676,off,2853,1409,0,0,0.45713675022125244
lraa,1676,off,2854,101,1,1,0.5370413661003113
lraa,1676,off,2855,2891,0,0,0.42298126220703125
lraa,1676,off,2856,332,0,0,0.46490156650543213
lraa,1676,off,2857,2587,0,0,0.47268345952033997
lraa,1676,off,2858,894,0,1,0.5350984334945679
lraa,1676,off,2859,1974,1,1,0.5535053014755249
lraa,1676,off,2860,2109,1,1,0.5273165106773376
lraa,1676,off,2861,2473,0,0,0.4234580099582672
lraa,1676,off,2862,1988,1,1,0.5253688097000122
lraa,1676,off,2863,241,0,0,0.45713675022125244
lraa,1676,off,2864,1412,1,1,0.5506073832511902
lraa,1676,off,2865,606,1,1,0.562176525592804
lraa,1676,off,2866,880,1,1,0.5195213556289673
lraa,1676,off,2867,972,0,0,0.43494123220443726
lraa,1676,off,2868,586,0,0,0.4687906503677368
lraa,1676,off,2869,988,0,1,0.5029296278953552
lraa,1676,off,2870,502,0,0,0.4970703423023224
lraa,1676,off,2871,1211,0,0,0.4311051368713379
lraa,1676,off,2872,1913,1,1,0.5650587677955627
lraa,1676,off,2873,1088,1,1,0.5554351806640625
lraa,1676,off,2874,1720,1,0,0.4765796661376953
lraa,1676,off,2875,1921,0,0,0.475605309009552
lraa,1676,off,2876,2397,1,1,0.5448014140129089
lraa,1676,off,2877,2263,1,1,0.5784481763839722
lraa,1676,off,2878,29,1,1,0.5253688097000122
lraa,1676,off,2879,1507,0,0,0.4892594516277313
lraa,1676,off,2880,2684,1,1,0.541893720626831
lraa,1676,off,2881,294,1,1,0.5650587677955627
lraa,1676,off,2882,127,1,1,0.5602526664733887
lraa,1676,off,2883,443,0,0,0.45519861578941345
lraa,1676,off,2884,2471,0,0,0.46976351737976074
lraa,1676,off,2885,425,1,1,0.5448014140129089
lraa,1676,off,2886,2521,1,0,0.4339814782142639
lraa,1676,off,2887,2326,1,1,0.561214804649353
lraa,1676,off,2888,2389,1,1,0.5341265201568604
lraa,1676,off,2889,536,0,0,0.45035937428474426
lraa,1676,off,2890,704,1,1,0.5755879878997803
lraa,1676,off,2891,947,0,0,0.40544870495796204
lraa,1676,off,2892,2117,1,1,0.532181978225708
lraa,1676,off,2893,245,1,0,0.46295860409736633
lraa,1676,off,2894,2526,1,1,0.5506073832511902
lraa,1676,off,2895,588,1,1,0.5631377100944519
lraa,1676,off,2896,2152,0,0,0.4814538359642029
lraa,1676,off,2897,583,1,1,0.5253688097000122
lraa,1676,off,2898,2881,1,1,0.5175709128379822
lraa,1676,off,2899,496,1,1,0.5380124449729919
lraa,1676,off,2900,1406,1,1,0.5039061903953552
lraa,1676,off,2901,1289,1,1,0.5350984334945679
lraa,1676,off,2902,2256,1,1,0.5888891220092773
lraa,1676,off,2903,1802,0,0,0.4263215959072113
lraa,1676,off,2904,1065,0,0,0.4892594516277313
lraa,1676,off,2905,1174,1,1,0.5039061903953552
lraa,1676,off,2906,2590,1,1,0.5360700488090515
lraa,1676,off,2907,1839,0,0,0.47950369119644165
lraa,1676,off,2908,2166,0,0,0.43782350420951843
lraa,1676,off,2909,1081,1,1,0.5195213556289673
lraa,1676,off,2910,866,0,0,0.4330221712589264
lraa,1676,off,2911,1953,1,1,0.531209409236908
lraa,1676,off,2912,617,1,1,0.5525397062301636
lraa,1676,off,2913,1900,1,1,0.543832540512085
lraa,1676,off,2914,911,1,1,0.5399537086486816
lraa,1676,off,2915,2051,1,1,0.501953125
lraa,1676,off,2916,1154,1,1,0.5784481763839722
lraa,1676,off,2917,501,1,1,0.5496405959129333
lraa,1676,off,2918,2561,0,0,0.4931644797325134
lraa,1676,off,2919,348,1,1,0.5224458575248718
lraa,1676,off,2920,1221,0,0,0.4196479618549347
lraa,1676,off,2921,306,1,1,0.5592900514602661
lraa,1676,off,2922,2536,1,1,0.5669777989387512
lraa,1676,off,2923,2168,1,1,0.5631377100944519
lraa,1676,off,2924,1398,1,1,0.5945512652397156
lraa,1676,off,2925,2366,0,1,0.5156199336051941
lraa,1676,off,2926,336,1,1,0.5477060079574585
lraa,1676,off,2927,1973,1,1,0.5841525197029114
lraa,1676,off,2928,1874,1,0,0.47268345952033997
lraa,1676,off,2929,3,1,1,0.5496405959129333
lraa,1676,off,2930,616,1,1,0.5302364826202393
lraa,1676,off,2931,1843,1,1,0.5535053014755249
lraa,1676,off,2932,1102,0,1,0.501953125
lraa,1676,off,2933,1019,1,1,0.5808276534080505
lraa,1676,off,2934,2277,0,0,0.4484263062477112
lraa,1676,off,2935,163,0,0,0.41111084818840027
lraa,1676,off,2936,1678,1,1,0.543832540512085
lraa,1676,off,2937,1672,1,0,0.4765796661376953
lraa,1676,off,2938,1,1,1,0.5573635101318359
lraa,1676,off,2939,1007,1,1,0.5592900514602661
lraa,1676,off,2940,300,1,0,0.4464946985244751
lraa,1676,off,2941,2271,1,1,0.5350984334945679
lraa,1676,off,2942,1670,0,0,0.45713675022125244
lraa,1676,off,2943,2085,1,1,0.543832540512085
lraa,1676,off,2944,2496,1,1,0.5592900514602661
lraa,1676,off,2945,324,0,0,0.4368622899055481
lraa,1676,off,2946,693,0,0,0.438785195350647
lraa,1676,off,2947,1351,1,1,0.5457699298858643
lraa,1676,off,2948,1367,1,1,0.5515737533569336
lraa,1676,off,2949,2378,1,1,0.5477060079574585
lraa,1676,off,2950,1380,0,0,0.43014732003211975
lraa,1676,off,2951,623,1,1,0.5097643733024597
lraa,1676,off,2952,1508,1,1,0.5945512652397156
lraa,1676,off,2953,1304,0,0,0.46587347984313965
lraa,1676,off,2954,1790,1,1,0.5525397062301636
lraa,1676,off,2955,1384,1,0,0.4902355968952179
lraa,1676,off,2956,2481,0,0,0.44167301058769226
lraa,1676,off,2957,2281,1,1,0.5263427495956421
lraa,1676,off,2958,2879,0,0,0.4244120121002197
lraa,1676,off,2959,1551,1,1,0.5698526501655579
lraa,1676,off,2960,1046,1,0,0.49609383940696716
lraa,1676,off,2961,1983,0,0,0.491211861371994
lraa,1676,off,2962,1187,0,0,0.4590761363506317
lraa,1676,off,2963,1461,1,1,0.5136684775352478
lraa,1676,off,2964,1938,1,1,0.5448014140129089
lraa,1676,off,2965,1279,1,0,0.4484263062477112
lraa,1676,off,2966,648,1,1,0.5253688097000122
lraa,1676,off,2967,2217,1,1,0.5583269596099854
lraa,1676,off,2968,2254,0,0,0.4244120121002197
lraa,1676,off,2969,7,1,1,0.5640984773635864
lraa,1676,off,2970,1657,1,1,0.5535053014755249
lraa,1676,off,2971,940,0,0,0.47852882742881775
lraa,1676,off,2972,2307,0,0,0.40922078490257263
lraa,1676,off,2973,2914,1,1,0.596433162689209
lraa,1676,off,2974,2523,1,1,0.5136684775352478
lraa,1676,off,2975,582,1,1,0.5602526664733887
lraa,1676,off,2976,1074,1,1,0.5428633093833923
lraa,1676,off,2977,519,1,1,0.5282900333404541
lraa,1676,off,2978,656,1,1,0.5554351806640625
lraa,1676,off,2979,1564,1,1,0.5688949227333069
lraa,1676,off,2980,868,1,1,0.5602526664733887
lraa,1676,off,2981,971,1,0,0.4561675190925598
lraa,1676,off,2982,778,1,1,0.5399537086486816
lraa,1676,off,2983,2593,0,0,0.45810624957084656
lraa,1676,off,2984,66,1,0,0.4990234673023224
lraa,1676,off,2985,2115,0,0,0.4234580099582672
lraa,1676,off,2986,1329,0,0,0.42823338508605957
lraa,1676,off,2987,210,0,0,0.4736572504043579
lraa,1676,off,2988,2496,1,1,0.562176525592804
lraa,1676,off,2989,253,1,1,0.5688949227333069
lraa,1676,off,2990,359,1,1,0.5370413661003113
lraa,1676,off,2991,1667,1,1,0.5302364826202393
lraa,1676,off,2992,1177,1,0,0.4493926465511322
lraa,1676,off,2993,2620,0,0,0.4330221712589264
lraa,1676,off,2994,2259,0,0,0.42536652088165283
lraa,1676,off,2995,2492,1,0,0.49609383940696716
lraa,1676,off,2996,2307,0,0,0.4063907265663147
lraa,1676,off,2997,384,1,0,0.4882833957672119
lraa,1676,off,2998,584,0,0,0.4445647895336151
lraa,1676,off,2999,958,1,1,0.5185462236404419
lraa,1676,off,3000,1042,0,0,0.4330221712589264
lraa,1676,off,3001,1432,1,1,0.5
lraa,1676,off,3002,1354,1,1,0.590779185295105
lraa,1676,off,3003,1228,0,0,0.4687906503677368
lraa,1676,off,3004,647,0,0,0.47755417227745056
lraa,1676,off,3005,381,1,1,0.5428633093833923
lraa,1676,off,3006,979,1,1,0.5039061903953552
lraa,1676,off,3007,1656,0,0,0.47852882742881775
lraa,1676,off,3008,2087,1,1,0.5477060079574585
lraa,1676,off,3009,815,1,1,0.5640984773635864
lraa,1676,off,3010,1661,1,1,0.5544704794883728
lraa,1676,off,3011,1707,1,1,0.5
lraa,1676,off,3012,507,1,1,0.5087881684303284
lraa,1676,off,3013,2493,0,0,0.4436004161834717
lraa,1676,off,3014,1722,1,0,0.47755417227745056
lraa,1676,off,3015,836,0,0,0.45035937428474426
lraa,1676,off,3016,1695,1,1,0.5117166042327881
lraa,1676,off,3017,2592,0,0,0.42727723717689514
lraa,1676,off,3018,2159,1,1,0.5869964361190796
lraa,1676,off,3019,678,0,1,0.5506073832511902
lraa,1676,off,3020,2553,1,1,0.5650587677955627
lraa,1676,off,3021,2465,0,0,0.4493926465511322
lraa,1676,off,3022,1637,1,1,0.5097643733024597
lraa,1676,off,3023,775,1,0,0.48535576462745667
lraa,1676,off,3024,622,1,1,0.5302364826202393
lraa,1676,off,3025,620,0,0,0.45519861578941345
lraa,1676,off,3026,1383,0,0,0.45810624957084656
lraa,1676,off,3027,2456,1,1,0.5794004201889038
lraa,1676,off,3028,1985,0,0,0.4407099783420563
lraa,1676,off,3029,1459,1,1,0.5253688097000122
lraa,1676,off,3030,533,1,1,0.5195213556289673
lraa,1676,off,3031,2379,1,1,0.5399537086486816
lraa,1676,off,3032,1860,0,0,0.4561675190925598
lraa,1676,off,3033,1045,0,0,0.3904758393764496
lraa,1676,off,3034,160,0,0,0.4843800961971283
lraa,1676,off,3035,2060,0,0,0.46490156650543213
lraa,1676,off,3036,2019,0,0,0.4436004161834717
lraa,1676,off,3037,2317,1,1,0.5736784338951111
lraa,1676,off,3038,723,0,0,0.4687906503677368
lraa,1676,off,3039,1131,0,1,0.5399537086486816
lraa,1676,off,3040,2448,0,0,0.42727723717689514
lraa,1676,off,3041,2169,0,0,0.4639299511909485
lraa,1676,off,3042,850,1,1,0.5583269596099854
lraa,1676,off,3043,1724,1,1,0.5146442651748657
lraa,1676,off,3044,2231,1,1,0.5341265201568604
lraa,1676,off,3045,997,1,0,0.4455295503139496
lraa,1676,off,3046,1726,1,1,0.5506073832511902
lraa,1676,off,3047,1344,0,0,0.4205996096134186
lraa,1676,off,3048,1805,1,0,0.47755417227745056
lraa,1676,off,3049,2408,0,1,0.5841525197029114
lraa,1676,off,3050,605,1,1,0.5640984773635864
lraa,1676,off,3051,1421,0,1,0.5185462236404419
lraa,1676,off,3052,2582,1,1,0.5774953961372375
lraa,1676,off,3053,1961,1,1,0.541893720626831
lraa,1676,off,3054,1714,1,1,0.541893720626831
lraa,1676,off,3055,102,1,1,0.5457699298858643
lraa,1676,off,3056,1373,0,0,0.4804786741733551
lraa,1676,off,3057,1875,1,0,0.4814538359642029
lraa,1676,off,3058,2647,1,1,0.5515737533569336
lraa,1676,off,3059,2640,1,1,0.5389832258224487
lraa,1676,off,3060,200,1,1,0.5496405959129333
lraa,1676,off,3061,2314,0,0,0.45810624957084656
lraa,1676,off,3062,1510,0,0,0.4464946985244751
lraa,1676,off,3063,1336,1,1,0.562176525592804
lraa,1676,off,3064,1472,1,1,0.5563995838165283
lraa,1676,off,3065,1483,1,1,0.5409238338470459
lraa,1676,off,3066,1013,1,1,0.5448014140129089
lraa,1676,off,3067,1912,0,0,0.4532618820667267
lraa,1676,off,3068,945,0,0,0.4359015226364136
lraa,1676,off,3069,2257,1,1,0.5573635101318359
lraa,1676,off,3070,1767,1,1,0.5746335387229919
lraa,1676,off,3071,914,1,1,0.5428633093833923
lraa,1676,off,3072,327,0,0,0.4902355968952179
lraa,1676,off,3073,2344,1,1,0.5477060079574585
lraa,1676,off,3074,2802,0,0,0.4590761363506317
lraa,1676,off,3075,2568,1,1,0.5669777989387512
lraa,1676,off,3076,2738,1,1,0.5515737533569336
lraa,1676,off,3077,2026,1,1,0.5544704794883728
lraa,1676,off,3078,579,1,1,0.5029296278953552
lraa,1676,off,3079,1529,1,1,0.5399537086486816
lraa,1676,off,3080,2169,0,0,0.4717099368572235
lraa,1676,off,3081,1136,0,0,0.46295860409736633
lraa,1676,off,3082,1023,1,1,0.5380124449729919
lraa,1676,off,3083,1938,1,1,0.5765419602394104
lraa,1676,off,3084,987,0,0,0.48535576462745667
lraa,1676,off,3085,2535,0,0,0.44263648986816406
lraa,1676,off,3086,2368,0,0,0.45519861578941345
lraa,1676,off,3087,654,0,0,0.4205996096134186
lraa,1676,off,3088,2859,1,1,0.5087881684303284
lraa,1676,off,3089,475,0,0,0.43206340074539185
lraa,1676,off,3090,2226,0,0,0.4561675190925598
lraa,1676,off,3091,505,0,0,0.43206340074539185
lraa,1676,off,3092,2342,1,1,0.5535053014755249
lraa,1676,off,3093,243,0,0,0.47268345952033997
lraa,1676,off,3094,466,1,1,0.5554351806640625
lraa,1676,off,3095,509,0,0,0.46101680397987366
lraa,1676,off,3096,530,1,1,0.5331543684005737
lraa,1676,off,3097,2874,1,1,0.5389832258224487
lraa,1676,off,3098,1970,1,1,0.5380124449729919
lraa,1676,off,3099,236,0,0,0.4455295503139496
lraa,1676,off,3100,2073,1,1,0.5380124449729919
lraa,1676,off,3101,411,1,1,0.5146442651748657
lraa,1676,off,3102,2694,1,1,0.5554351806640625
lraa,1676,off,3103,1258,0,0,0.4804786741733551
lraa,1676,off,3104,569,1,1,0.5535053014755249
lraa,1676,off,3105,2896,1,1,0.5428633093833923
lraa,1676,off,3106,2039,1,1,0.5708098411560059
lraa,1676,off,3107,2764,0,0,0.46976351737976074
lraa,1676,off,3108,1423,1,1,0.532181978225708
lraa,1676,off,3109,2779,1,1,0.5117166042327881
lraa,1676,off,3110,1571,1,1,0.5263427495956421
lraa,1676,off,3111,2708,0,0,0.4941408932209015
lraa,1676,off,3112,1944,0,0,0.4196479618549347
lraa,1676,off,3113,62,0,0,0.47073662281036377
lraa,1676,off,3114,708,1,1,0.5554351806640625
lraa,1676,off,3115,208,1,1,0.541893720626831
lraa,1676,off,3116,1813,1,1,0.5331543684005737
lraa,1676,off,3117,2908,1,1,0.561214804649353
lraa,1676,off,3118,1607,1,1,0.531209409236908
lraa,1676,off,3119,2171,1,1,0.541893720626831
lraa,1676,off,3120,123,0,0,0.4436004161834717
lraa,1676,off,3121,2457,0,0,0.4205996096134186
lraa,1676,off,3122,299,0,0,0.4561675190925598
lraa,1676,off,3123,73,1,1,0.5640984773635864
lraa,1676,off,3124,2346,1,0,0.4824291169643402
lraa,1676,off,3125,1731,1,1,0.5583269596099854
lraa,1676,off,3126,2270,0,0,0.4590761363506317
lraa,1676,off,3127,1396,1,1,0.543832540512085
lraa,1676,off,3128,1870,1,1,0.5954925417900085
lraa,1676,off,3129,1132,0,1,0.5165954232215881
lraa,1676,off,3130,1241,0,0,0.438785195350647
lraa,1676,off,3131,358,1,1,0.5784481763839722
lraa,1676,off,3132,1563,1,1,0.5717666149139404
lraa,1676,off,3133,2403,0,0,0.4532618820667267
lraa,1676,off,3134,1587,1,1,0.5360700488090515
lraa,1676,off,3135,2690,1,1,0.5175709128379822
lraa,1676,off,3136,1651,1,1,0.5983121991157532
lraa,1676,off,3137,661,0,1,0.5496405959129333
lraa,1676,off,3138,2080,0,0,0.4244120121002197
lraa,1676,off,3139,2039,1,1,0.5457699298858643
lraa,1676,off,3140,2750,1,1,0.5774953961372375
lraa,1676,off,3141,1293,1,0,0.4892594516277313
lraa,1676,off,3142,1383,0,0,0.4148988127708435
lraa,1676,off,3143,1424,1,1,0.5945512652397156
lraa,1676,off,3144,1295,0,0,0.438785195350647
lraa,1676,off,3145,800,1,1,0.5302364826202393
lraa,1676,off,3146,282,1,1,0.5292633771896362
lraa,1676,off,3147,2735,1,1,0.5457699298858643
lraa,1676,off,3148,2534,1,1,0.5185462236404419
lraa,1676,off,3149,1066,1,1,0.5592900514602661
lraa,1676,off,3150,1822,1,1,0.5107405185699463
lraa,1676,off,3151,2890,1,1,0.5409238338470459
lraa,1676,off,3152,2598,0,0,0.4902355968952179
lraa,1676,off,3153,1039,1,1,0.5936092734336853
lraa,1676,off,3154,2030,1,1,0.5350984334945679
lraa,1676,off,3155,2586,0,0,0.47950369119644165
lraa,1676,off,3156,758,0,0,0.4368622899055481
lraa,1676,off,3157,129,1,1,0.531209409236908
lraa,1676,off,3158,560,0,0,0.4824291169643402
lraa,1676,off,3159,2788,1,1,0.5146442651748657
lraa,1676,off,3160,1503,0,0,0.4522939622402191
lraa,1676,off,3161,2057,1,1,0.5563995838165283
lraa,1676,off,3162,406,1,1,0.5263427495956421
lraa,1676,off,3163,1841,1,1,0.5888891220092773
lraa,1676,off,3164,2103,1,0,0.46976351737976074
lraa,1676,off,3165,2114,1,1,0.5936092734336853
lraa,1676,off,3166,2867,0,0,0.43782350420951843
lraa,1676,off,3167,370,1,0,0.45810624957084656
lraa,1676,off,3168,642,1,1,0.6048657894134521
lraa,1676,off,3169,1628,0,0,0.43974730372428894
lraa,1676,off,3170,1796,0,0,0.4678179919719696
lraa,1676,off,3171,1198,1,1,0.5679365992546082
lraa,1676,off,3172,956,0,0,0.4990234673023224
lraa,1676,off,3173,2383,1,0,0.4990234673023224
lraa,1676,off,3174,761,1,1,0.5360700488090515
lraa,1676,off,3175,1172,1,1,0.5727227926254272
lraa,1676,off,3176,1604,1,1,0.5204963088035583
lraa,1676,off,3177,219,1,1,0.5302364826202393
lraa,1676,off,3178,2392,1,1,0.5253688097000122
lraa,1676,off,3179,1331,1,1,0.5631377100944519
lraa,1676,off,3180,1441,0,0,0.4532618820667267
lraa,1676,off,3181,2172,1,1,0.541893720626831
lraa,1676,off,3182,1244,0,0,0.4493926465511322
lraa,1676,off,3183,2381,1,1,0.5341265201568604
lraa,1676,off,3184,2239,1,1,0.5563995838165283
lraa,1676,off,3185,923,0,0,0.45035937428474426
lraa,1676,off,3186,2232,1,1,0.5078118443489075
lraa,1676,off,3187,2010,1,1,0.5224458575248718
lraa,1676,off,3188,991,0,0,0.47755417227745056
lraa,1676,off,3189,2810,0,0,0.4455295503139496
lraa,1676,off,3190,2530,0,0,0.4902355968952179
lraa,1676,off,3191,1523,0,0,0.4717099368572235
lraa,1676,off,3192,954,1,1,0.5836780667304993
lraa,1676,off,3193,1872,0,0,0.4130035638809204
lraa,1676,off,3194,1455,0,0,0.43494123220443726
lraa,1676,off,3195,1437,0,0,0.44263648986816406
lraa,1676,off,3196,2352,0,0,0.46490156650543213
lraa,1676,off,3197,137,1,1,0.5389832258224487
lraa,1676,off,3198,2745,1,1,0.5602526664733887
lraa,1676,off,3199,839,1,1,0.562176525592804
lraa,1676,off,3200,1193,1,1,0.5156199336051941
lraa,1676,off,3201,2006,1,1,0.532181978225708
lraa,1676,off,3202,1771,0,0,0.4484263062477112
lraa,1676,off,3203,1436,0,1,0.5068355202674866
lraa,1676,off,3204,2504,0,0,0.4843800961971283
lraa,1676,off,3205,133,1,1,0.6071974039077759
lraa,1676,off,3206,2320,1,1,0.5563995838165283
lraa,1676,off,3207,2871,0,0,0.4590761363506317
lraa,1676,off,3208,2214,1,1,0.5331543684005737
lraa,1676,off,3209,2564,1,1,0.5803520083427429
lraa,1676,off,3210,322,1,0,0.4931644797325134
lraa,1676,off,3211,401,1,1,0.5477060079574585
lraa,1676,off,3212,1078,0,0,0.4484263062477112
lraa,1676,off,3213,157,0,0,0.4522939622402191
lraa,1676,off,3214,2529,1,1,0.5917232036590576
lraa,1676,off,3215,889,1,1,0.5736784338951111
lraa,1676,off,3216,1871,0,0,0.46587347984313965
lraa,1676,off,3217,2340,1,1,0.5506073832511902
lraa,1676,off,3218,5,1,1,0.5350984334945679
lraa,1676,off,3219,121,1,1,0.5097643733024597
lraa,1676,off,3220,1479,0,0,0.46490156650543213
lraa,1676,off,3221,1526,0,0,0.4330221712589264
lraa,1676,off,3222,2438,1,0,0.4892594516277313
lraa,1676,off,3223,2751,0,1,0.5058591365814209
lraa,1676,off,3224,1113,0,0,0.4311051368713379
lraa,1676,off,3225,360,1,1,0.5698526501655579
lraa,1676,off,3226,2848,0,0,0.4234580099582672
lraa,1676,off,3227,767,1,0,0.46101680397987366
lraa,1676,off,3228,2682,1,1,0.543832540512085
lraa,1676,off,3229,1819,1,1,0.5477060079574585
lraa,1676,off,3230,399,1,1,0.5048826336860657
lraa,1676,off,3231,115,1,1,0.524394690990448
lraa,1676,off,3232,328,1,1,0.5204963088035583
lraa,1676,off,3233,2895,1,1,0.5399537086486816
lraa,1676,off,3234,897,0,0,0.4330221712589264
lraa,1676,off,3235,1846,0,0,0.4311051368713379
lraa,1676,off,3236,2739,1,1,0.5234203934669495
lraa,1676,off,3237,1417,1,1,0.5380124449729919
lraa,1676,off,3238,1532,1,1,0.5048826336860657
lraa,1676,off,3239,1185,1,1,0.5525397062301636
lraa,1676,off,3240,352,1,1,0.501953125
lraa,1676,off,3241,817,1,1,0.5331543684005737
lraa,1676,off,3242,2898,1,1,0.5525397062301636
lraa,1676,off,3243,857,1,1,0.561214804649353
lraa,1676,off,3244,495,0,0,0.44167301058769226
lraa,1676,off,3245,1255,1,1,0.5717666149139404
lraa,1676,off,3246,1490,1,1,0.5039061903953552
lraa,1676,off,3247,1035,1,1,0.5755879878997803
lraa,1676,off,3248,1732,0,0,0.45132651925086975
lraa,1676,off,3249,455,1,1,0.5409238338470459
lraa,1676,off,3250,2622,1,1,0.5117166042327881
lraa,1676,off,3251,472,1,1,0.5803520083427429
lraa,1676,off,3252,1711,1,1,0.5563995838165283
lraa,1676,off,3253,1365,1,0,0.4804786741733551
lraa,1676,off,3254,2557,1,1,0.5563995838165283
lraa,1676,off,3255,2887,0,0,0.4804786741733551
lraa,1676,off,3256,1422,0,0,0.4522939622402191
lraa,1676,off,3257,1133,1,1,0.5688949227333069
lraa,1676,off,3258,1216,0,0,0.4445647895336151
lraa,1676,off,3259,1603,0,0,0.43494123220443726
lraa,1676,off,3260,437,0,0,0.4678179919719696
lraa,1676,off,3261,1106,1,1,0.5273165106773376
lraa,1676,off,3262,2134,0,0,0.48535576462745667
lraa,1676,off,3263,141,1,1,0.5146442651748657
lraa,1676,off,3264,2048,1,0,0.4882833957672119
lraa,1676,off,3265,1650,1,1,0.531209409236908
lraa,1676,off,3266,1923,1,1,0.5496405959129333
lraa,1676,off,3267,1689,1,1,0.5602526664733887
lraa,1676,off,3268,37,1,1,0.5165954232215881
lraa,1676,off,3269,555,0,0,0.44167301058769226
