uid,model,seed,arm,pred,p_yes,p_no,gold,correct
boolq-validation-02294,head,13,o,yes,0.5,0.5,yes,1
boolq-validation-02294,head,13,a,yes,0.511717,0.488283,yes,1
boolq-validation-02294,head,13,b,no,0.492188,0.507812,no,1
boolq-validation-01329,head,13,o,no,0.489259,0.510741,yes,0
boolq-validation-01329,head,13,a,no,0.499023,0.500977,yes,0
boolq-validation-01329,head,13,b,no,0.498047,0.501953,no,1
boolq-validation-01998,head,13,o,no,0.494141,0.505859,yes,0
boolq-validation-01998,head,13,a,no,0.494141,0.505859,yes,0
boolq-validation-01998,head,13,b,no,0.499023,0.500977,no,1
boolq-validation-00214,head,13,o,yes,0.505859,0.494141,no,0
boolq-validation-00214,head,13,a,no,0.496094,0.503906,no,1
boolq-validation-00214,head,13,b,no,0.490236,0.509764,yes,0
boolq-validation-00659,head,13,o,yes,0.525369,0.474631,yes,1
boolq-validation-00659,head,13,a,yes,0.507812,0.492188,yes,1
boolq-validation-00659,head,13,b,no,0.498047,0.501953,no,1
boolq-validation-02316,head,13,o,no,0.494141,0.505859,no,1
boolq-validation-02316,head,13,a,no,0.488283,0.511717,no,1
boolq-validation-02316,head,13,b,yes,0.501953,0.498047,yes,1
boolq-validation-01286,head,13,o,no,0.499023,0.500977,yes,0
boolq-validation-01286,head,13,a,no,0.494141,0.505859,yes,0
boolq-validation-01286,head,13,b,no,0.495117,0.504883,no,1
boolq-validation-01800,head,13,o,yes,0.535098,0.464902,yes,1
boolq-validation-01800,head,13,a,yes,0.527317,0.472683,yes,1
boolq-validation-01800,head,13,b,yes,0.520496,0.479504,no,0
boolq-validation-02605,head,13,o,no,0.491212,0.508788,yes,0
boolq-validation-02605,head,13,a,yes,0.505859,0.494141,yes,1
boolq-validation-02605,head,13,b,no,0.485356,0.514644,no,1
boolq-validation-01626,head,13,o,no,0.495117,0.504883,no,1
boolq-validation-01626,head,13,a,no,0.494141,0.505859,no,1
boolq-validation-01626,head,13,b,no,0.492188,0.507812,yes,0
boolq-validation-03116,head,13,o,no,0.488283,0.511717,yes,0
boolq-validation-03116,head,13,a,no,0.482429,0.517571,yes,0
boolq-validation-03116,head,13,b,no,0.47658,0.52342,no,1
boolq-validation-01925,head,13,o,no,0.499512,0.500488,no,1
boolq-validation-01925,head,13,a,no,0.497559,0.502441,no,1
boolq-validation-01925,head,13,b,yes,0.501465,0.498535,yes,1
boolq-validation-02300,head,13,o,yes,0.502441,0.497559,no,0
boolq-validation-02300,head,13,a,yes,0.5,0.5,no,0
boolq-validation-02300,head,13,b,yes,0.500488,0.499512,yes,1
boolq-validation-00885,head,13,o,yes,0.503418,0.496582,no,0
boolq-validation-00885,head,13,a,yes,0.502441,0.497559,no,0
boolq-validation-00885,head,13,b,yes,0.5,0.5,yes,1
boolq-validation-02234,head,13,o,yes,0.517571,0.482429,yes,1
boolq-validation-02234,head,13,a,yes,0.51562,0.48438,yes,1
boolq-validation-02234,head,13,b,yes,0.504883,0.495117,no,0
boolq-validation-00547,head,13,o,yes,0.500977,0.499023,yes,1
boolq-validation-00547,head,13,a,yes,0.500977,0.499023,yes,1
boolq-validation-00547,head,13,b,yes,0.504883,0.495117,no,0
boolq-validation-02292,head,13,o,yes,0.505859,0.494141,yes,1
boolq-validation-02292,head,13,a,yes,0.50293,0.49707,yes,1
boolq-validation-02292,head,13,b,no,0.498047,0.501953,no,1
boolq-validation-02594,head,13,o,yes,0.5,0.5,no,0
boolq-validation-02594,head,13,a,yes,0.501953,0.498047,no,0
boolq-validation-02594,head,13,b,yes,0.501953,0.498047,yes,1
boolq-validation-01673,head,13,o,yes,0.507812,0.492188,no,0
boolq-validation-01673,head,13,a,yes,0.507812,0.492188,no,0
boolq-validation-01673,head,13,b,yes,0.505859,0.494141,yes,1
boolq-validation-02632,head,13,o,yes,0.511717,0.488283,yes,1
boolq-validation-02632,head,13,a,yes,0.507812,0.492188,yes,1
boolq-validation-02632,head,13,b,yes,0.503906,0.496094,no,0
boolq-validation-02639,head,13,o,no,0.47658,0.52342,yes,0
boolq-validation-02639,head,13,a,no,0.470737,0.529263,yes,0
boolq-validation-02639,head,13,b,no,0.466846,0.533154,no,1
boolq-validation-01964,head,13,o,no,0.493164,0.506836,yes,0
boolq-validation-01964,head,13,a,no,0.499023,0.500977,yes,0
boolq-validation-01964,head,13,b,no,0.498047,0.501953,no,1
boolq-validation-03036,head,13,o,yes,0.505859,0.494141,no,0
boolq-validation-03036,head,13,a,no,0.498047,0.501953,no,1
boolq-validation-03036,head,13,b,yes,0.500977,0.499023,yes,1
boolq-validation-03092,head,13,o,no,0.496094,0.503906,yes,0
boolq-validation-03092,head,13,a,yes,0.505859,0.494141,yes,1
boolq-validation-03092,head,13,b,yes,0.503906,0.496094,no,0
boolq-validation-00600,head,13,o,yes,0.502441,0.497559,yes,1
boolq-validation-00600,head,13,a,yes,0.503906,0.496094,yes,1
boolq-validation-00600,head,13,b,yes,0.502441,0.497559,no,0
boolq-validation-01497,head,13,o,no,0.496094,0.503906,yes,0
boolq-validation-01497,head,13,a,no,0.490236,0.509764,yes,0
boolq-validation-01497,head,13,b,no,0.494141,0.505859,no,1
boolq-validation-00044,head,13,o,no,0.48438,0.51562,yes,0
boolq-validation-00044,head,13,a,no,0.482429,0.517571,yes,0
boolq-validation-00044,head,13,b,no,0.492188,0.507812,no,1
boolq-validation-01988,head,13,o,no,0.47658,0.52342,yes,0
boolq-validation-01988,head,13,a,no,0.482429,0.517571,yes,0
boolq-validation-01988,head,13,b,no,0.474631,0.525369,no,1
boolq-validation-00332,head,13,o,no,0.49707,0.50293,yes,0
boolq-validation-00332,head,13,a,no,0.49707,0.50293,yes,0
boolq-validation-00332,head,13,b,no,0.494141,0.505859,no,1
boolq-validation-01860,head,13,o,yes,0.520496,0.479504,yes,1
boolq-validation-01860,head,13,a,yes,0.505859,0.494141,yes,1
boolq-validation-01860,head,13,b,no,0.498047,0.501953,no,1
boolq-validation-02881,head,13,o,yes,0.50293,0.49707,yes,1
boolq-validation-02881,head,13,a,yes,0.506836,0.493164,yes,1
boolq-validation-02881,head,13,b,yes,0.508788,0.491212,no,0
boolq-validation-01300,head,13,o,no,0.494141,0.505859,yes,0
boolq-validation-01300,head,13,a,yes,0.503906,0.496094,yes,1
boolq-validation-01300,head,13,b,no,0.486332,0.513668,no,1
boolq-validation-00925,head,13,o,no,0.492188,0.507812,no,1
boolq-validation-00925,head,13,a,no,0.499023,0.500977,no,1
boolq-validation-00925,head,13,b,yes,0.507812,0.492188,yes,1
boolq-validation-01960,head,13,o,yes,0.507812,0.492188,yes,1
boolq-validation-01960,head,13,a,yes,0.507812,0.492188,yes,1
boolq-validation-01960,head,13,b,yes,0.510741,0.489259,no,0
boolq-validation-00798,head,13,o,yes,0.506836,0.493164,yes,1
boolq-validation-00798,head,13,a,yes,0.503906,0.496094,yes,1
boolq-validation-00798,head,13,b,yes,0.506836,0.493164,no,0
boolq-validation-02393,head,13,o,no,0.499023,0.500977,yes,0
boolq-validation-02393,head,13,a,yes,0.503906,0.496094,yes,1
boolq-validation-02393,head,13,b,no,0.49707,0.50293,no,1
boolq-validation-01262,head,13,o,no,0.496094,0.503906,yes,0
boolq-validation-01262,head,13,a,yes,0.501953,0.498047,yes,1
boolq-validation-01262,head,13,b,no,0.481454,0.518546,no,1
boolq-validation-02286,head,13,o,no,0.49707,0.50293,yes,0
boolq-validation-02286,head,13,a,yes,0.505859,0.494141,yes,1
boolq-validation-02286,head,13,b,no,0.490236,0.509764,no,1
boolq-validation-00469,head,13,o,yes,0.504883,0.495117,yes,1
boolq-validation-00469,head,13,a,yes,0.500977,0.499023,yes,1
boolq-validation-00469,head,13,b,yes,0.500977,0.499023,no,0
boolq-validation-02118,head,13,o,yes,0.525369,0.474631,yes,1
boolq-validation-02118,head,13,a,yes,0.521471,0.478529,yes,1
boolq-validation-02118,head,13,b,yes,0.503906,0.496094,no,0
boolq-validation-00134,head,13,o,no,0.498535,0.501465,no,1
boolq-validation-00134,head,13,a,no,0.494629,0.505371,no,1
boolq-validation-00134,head,13,b,no,0.496094,0.503906,yes,0
boolq-validation-02874,head,13,o,no,0.499512,0.500488,yes,0
boolq-validation-02874,head,13,a,no,0.499023,0.500977,yes,0
boolq-validation-02874,head,13,b,no,0.499023,0.500977,no,1
boolq-validation-00364,head,13,o,yes,0.560253,0.439747,yes,1
boolq-validation-00364,head,13,a,yes,0.540924,0.459076,yes,1
boolq-validation-00364,head,13,b,yes,0.533154,0.466846,no,0
boolq-validation-01298,head,13,o,no,0.492188,0.507812,yes,0
boolq-validation-01298,head,13,a,no,0.498047,0.501953,yes,0
boolq-validation-01298,head,13,b,no,0.480479,0.519521,no,1
boolq-validation-02643,head,13,o,yes,0.503906,0.496094,no,0
boolq-validation-02643,head,13,a,yes,0.519521,0.480479,no,0
boolq-validation-02643,head,13,b,yes,0.519521,0.480479,yes,1
boolq-validation-02003,head,13,o,yes,0.546738,0.453262,yes,1
boolq-validation-02003,head,13,a,yes,0.558327,0.441673,yes,1
boolq-validation-02003,head,13,b,no,0.494141,0.505859,no,1
boolq-validation-02344,head,13,o,yes,0.51562,0.48438,yes,1
boolq-validation-02344,head,13,a,yes,0.519521,0.480479,yes,1
boolq-validation-02344,head,13,b,no,0.488283,0.511717,no,1
boolq-validation-02064,head,13,o,no,0.499023,0.500977,yes,0
boolq-validation-02064,head,13,a,yes,0.505859,0.494141,yes,1
boolq-validation-02064,head,13,b,yes,0.509764,0.490236,no,0
boolq-validation-01425,head,13,o,yes,0.52342,0.47658,yes,1
boolq-validation-01425,head,13,a,yes,0.505859,0.494141,yes,1
boolq-validation-01425,head,13,b,no,0.488283,0.511717,no,1
boolq-validation-03018,head,13,o,yes,0.550607,0.449393,yes,1
boolq-validation-03018,head,13,a,yes,0.517571,0.482429,yes,1
boolq-validation-03018,head,13,b,no,0.48438,0.51562,no,1
boolq-validation-01042,head,13,o,no,0.489259,0.510741,no,1
boolq-validation-01042,head,13,a,yes,0.509764,0.490236,no,0
boolq-validation-01042,head,13,b,yes,0.501953,0.498047,yes,1
boolq-validation-00318,head,13,o,yes,0.505859,0.494141,yes,1
boolq-validation-00318,head,13,a,yes,0.501953,0.498047,yes,1
boolq-validation-00318,head,13,b,no,0.494141,0.505859,no,1
boolq-validation-01859,head,13,o,yes,0.500977,0.499023,no,0
boolq-validation-01859,head,13,a,yes,0.500977,0.499023,no,0
boolq-validation-01859,head,13,b,yes,0.500977,0.499023,yes,1
boolq-validation-01251,head,13,o,yes,0.501953,0.498047,yes,1
boolq-validation-01251,head,13,a,yes,0.501953,0.498047,yes,1
boolq-validation-01251,head,13,b,no,0.478529,0.521471,no,1
boolq-validation-00987,head,13,o,yes,0.509276,0.490724,yes,1
boolq-validation-00987,head,13,a,yes,0.505371,0.494629,yes,1
boolq-validation-00987,head,13,b,yes,0.502441,0.497559,no,0
boolq-validation-03157,head,13,o,yes,0.513668,0.486332,yes,1
boolq-validation-03157,head,13,a,yes,0.508788,0.491212,yes,1
boolq-validation-03157,head,13,b,yes,0.510741,0.489259,no,0
boolq-validation-00113,head,13,o,yes,0.5,0.5,yes,1
boolq-validation-00113,head,13,a,yes,0.504883,0.495117,yes,1
boolq-validation-00113,head,13,b,no,0.495117,0.504883,no,1
boolq-validation-02167,head,13,o,no,0.494141,0.505859,no,1
boolq-validation-02167,head,13,a,no,0.496094,0.503906,no,1
boolq-validation-02167,head,13,b,yes,0.5,0.5,yes,1
boolq-validation-00211,head,13,o,no,0.493164,0.506836,no,1
boolq-validation-00211,head,13,a,no,0.49707,0.50293,no,1
boolq-validation-00211,head,13,b,no,0.490236,0.509764,yes,0
boolq-validation-02429,head,13,o,no,0.491212,0.508788,yes,0
boolq-validation-02429,head,13,a,no,0.494141,0.505859,yes,0
boolq-validation-02429,head,13,b,no,0.480479,0.519521,no,1
boolq-validation-00680,head,13,o,no,0.494141,0.505859,yes,0
boolq-validation-00680,head,13,a,no,0.498047,0.501953,yes,0
boolq-validation-00680,head,13,b,no,0.499023,0.500977,no,1
boolq-validation-00693,head,13,o,yes,0.517571,0.482429,yes,1
boolq-validation-00693,head,13,a,yes,0.52342,0.47658,yes,1
boolq-validation-00693,head,13,b,yes,0.509764,0.490236,no,0
boolq-validation-01455,head,13,o,no,0.492188,0.507812,no,1
boolq-validation-01455,head,13,a,no,0.470737,0.529263,no,1
boolq-validation-01455,head,13,b,yes,0.51562,0.48438,yes,1
boolq-validation-00814,head,13,o,yes,0.505859,0.494141,yes,1
boolq-validation-00814,head,13,a,yes,0.512693,0.487307,yes,1
boolq-validation-00814,head,13,b,yes,0.500977,0.499023,no,0
boolq-validation-01206,head,13,o,no,0.498047,0.501953,yes,0
boolq-validation-01206,head,13,a,yes,0.5,0.5,yes,1
boolq-validation-01206,head,13,b,yes,0.501953,0.498047,no,0
boolq-validation-01474,head,13,o,yes,0.506836,0.493164,no,0
boolq-validation-01474,head,13,a,yes,0.50293,0.49707,no,0
boolq-validation-01474,head,13,b,yes,0.510741,0.489259,yes,1
boolq-validation-00252,head,13,o,yes,0.507812,0.492188,yes,1
boolq-validation-00252,head,13,a,yes,0.506836,0.493164,yes,1
boolq-validation-00252,head,13,b,yes,0.505859,0.494141,no,0
boolq-validation-01926,head,13,o,yes,0.501953,0.498047,yes,1
boolq-validation-01926,head,13,a,no,0.494141,0.505859,yes,0
boolq-validation-01926,head,13,b,no,0.486332,0.513668,no,1
boolq-validation-00904,head,13,o,yes,0.501953,0.498047,yes,1
boolq-validation-00904,head,13,a,yes,0.500977,0.499023,yes,1
boolq-validation-00904,head,13,b,yes,0.5,0.5,no,0
boolq-validation-01987,head,13,o,yes,0.507812,0.492188,yes,1
boolq-validation-01987,head,13,a,yes,0.516595,0.483405,yes,1
boolq-validation-01987,head,13,b,no,0.494141,0.505859,no,1
boolq-validation-00940,head,13,o,yes,0.506836,0.493164,yes,1
boolq-validation-00940,head,13,a,yes,0.507812,0.492188,yes,1
boolq-validation-00940,head,13,b,yes,0.50293,0.49707,no,0
boolq-validation-00337,head,13,o,yes,0.513668,0.486332,yes,1
boolq-validation-00337,head,13,a,yes,0.513668,0.486332,yes,1
boolq-validation-00337,head,13,b,yes,0.501953,0.498047,no,0
boolq-validation-01664,head,13,o,no,0.498047,0.501953,yes,0
boolq-validation-01664,head,13,a,no,0.494141,0.505859,yes,0
boolq-validation-01664,head,13,b,no,0.496094,0.503906,no,1
boolq-validation-02266,head,13,o,yes,0.505371,0.494629,yes,1
boolq-validation-02266,head,13,a,yes,0.503418,0.496582,yes,1
boolq-validation-02266,head,13,b,yes,0.503418,0.496582,no,0
boolq-validation-00193,head,13,o,yes,0.500977,0.499023,yes,1
boolq-validation-00193,head,13,a,yes,0.505859,0.494141,yes,1
boolq-validation-00193,head,13,b,no,0.499023,0.500977,no,1
boolq-validation-00617,head,13,o,yes,0.506836,0.493164,yes,1
boolq-validation-00617,head,13,a,yes,0.506836,0.493164,yes,1
boolq-validation-00617,head,13,b,no,0.49707,0.50293,no,1
boolq-validation-00164,head,13,o,yes,0.511717,0.488283,no,0
boolq-validation-00164,head,13,a,no,0.486332,0.513668,no,1
boolq-validation-00164,head,13,b,no,0.494141,0.505859,yes,0
boolq-validation-02954,head,13,o,yes,0.500977,0.499023,yes,1
boolq-validation-02954,head,13,a,yes,0.500977,0.499023,yes,1
boolq-validation-02954,head,13,b,yes,0.5,0.5,no,0
boolq-validation-03136,head,13,o,yes,0.52342,0.47658,yes,1
boolq-validation-03136,head,13,a,yes,0.527317,0.472683,yes,1
boolq-validation-03136,head,13,b,no,0.474631,0.525369,no,1
boolq-validation-02053,head,13,o,yes,0.505859,0.494141,yes,1
boolq-validation-02053,head,13,a,yes,0.509764,0.490236,yes,1
boolq-validation-02053,head,13,b,no,0.494141,0.505859,no,1
boolq-validation-02428,head,13,o,yes,0.507812,0.492188,yes,1
boolq-validation-02428,head,13,a,yes,0.509764,0.490236,yes,1
boolq-validation-02428,head,13,b,yes,0.501953,0.498047,no,0
boolq-validation-02294,head,42,o,no,0.49707,0.50293,yes,0
boolq-validation-02294,head,42,a,yes,0.518546,0.481454,yes,1
boolq-validation-02294,head,42,b,no,0.487307,0.512693,no,1
boolq-validation-01329,head,42,o,no,0.486332,0.513668,yes,0
boolq-validation-01329,head,42,a,yes,0.5,0.5,yes,1
boolq-validation-01329,head,42,b,no,0.496094,0.503906,no,1
boolq-validation-01998,head,42,o,no,0.490236,0.509764,yes,0
boolq-validation-01998,head,42,a,no,0.490236,0.509764,yes,0
boolq-validation-01998,head,42,b,yes,0.5,0.5,no,0
boolq-validation-00214,head,42,o,yes,0.509764,0.490236,no,0
boolq-validation-00214,head,42,a,no,0.492188,0.507812,no,1
boolq-validation-00214,head,42,b,no,0.486332,0.513668,yes,0
boolq-validation-00659,head,42,o,yes,0.542863,0.457137,yes,1
boolq-validation-00659,head,42,a,yes,0.511717,0.488283,yes,1
boolq-validation-00659,head,42,b,no,0.496094,0.503906,no,1
boolq-validation-02316,head,42,o,no,0.492188,0.507812,no,1
boolq-validation-02316,head,42,a,no,0.480479,0.519521,no,1
boolq-validation-02316,head,42,b,yes,0.503906,0.496094,yes,1
boolq-validation-01286,head,42,o,no,0.498047,0.501953,yes,0
boolq-validation-01286,head,42,a,no,0.494141,0.505859,yes,0
boolq-validation-01286,head,42,b,no,0.492188,0.507812,no,1
boolq-validation-01800,head,42,o,yes,0.558327,0.441673,yes,1
boolq-validation-01800,head,42,a,yes,0.544317,0.455683,yes,1
boolq-validation-01800,head,42,b,yes,0.534127,0.465873,no,0
boolq-validation-02605,head,42,o,no,0.487307,0.512693,yes,0
boolq-validation-02605,head,42,a,yes,0.509764,0.490236,yes,1
boolq-validation-02605,head,42,b,no,0.47658,0.52342,no,1
boolq-validation-01626,head,42,o,no,0.493164,0.506836,no,1
boolq-validation-01626,head,42,a,no,0.491212,0.508788,no,1
boolq-validation-01626,head,42,b,no,0.490236,0.509764,yes,0
boolq-validation-03116,head,42,o,no,0.482429,0.517571,yes,0
boolq-validation-03116,head,42,a,no,0.474631,0.525369,yes,0
boolq-validation-03116,head,42,b,no,0.462959,0.537041,no,1
boolq-validation-01925,head,42,o,no,0.499023,0.500977,no,1
boolq-validation-01925,head,42,a,no,0.495361,0.504639,no,1
boolq-validation-01925,head,42,b,yes,0.501953,0.498047,yes,1
boolq-validation-02300,head,42,o,yes,0.504883,0.495117,no,0
boolq-validation-02300,head,42,a,no,0.499268,0.500732,no,1
boolq-validation-02300,head,42,b,yes,0.500732,0.499268,yes,1
boolq-validation-00885,head,42,o,yes,0.506347,0.493653,no,0
boolq-validation-00885,head,42,a,yes,0.504394,0.495606,no,0
boolq-validation-00885,head,42,b,yes,0.5,0.5,yes,1
boolq-validation-02234,head,42,o,yes,0.525369,0.474631,yes,1
boolq-validation-02234,head,42,a,yes,0.522446,0.477554,yes,1
boolq-validation-02234,head,42,b,yes,0.503906,0.496094,no,0
boolq-validation-00547,head,42,o,yes,0.503906,0.496094,yes,1
boolq-validation-00547,head,42,a,yes,0.501953,0.498047,yes,1
boolq-validation-00547,head,42,b,yes,0.507812,0.492188,no,0
boolq-validation-02292,head,42,o,yes,0.510741,0.489259,yes,1
boolq-validation-02292,head,42,a,yes,0.504883,0.495117,yes,1
boolq-validation-02292,head,42,b,no,0.496094,0.503906,no,1
boolq-validation-02594,head,42,o,yes,0.5,0.5,no,0
boolq-validation-02594,head,42,a,yes,0.5,0.5,no,0
boolq-validation-02594,head,42,b,yes,0.505859,0.494141,yes,1
boolq-validation-01673,head,42,o,yes,0.511717,0.488283,no,0
boolq-validation-01673,head,42,a,yes,0.510741,0.489259,no,0
boolq-validation-01673,head,42,b,yes,0.509764,0.490236,yes,1
boolq-validation-02632,head,42,o,yes,0.516595,0.483405,yes,1
boolq-validation-02632,head,42,a,yes,0.512693,0.487307,yes,1
boolq-validation-02632,head,42,b,yes,0.504883,0.495117,no,0
boolq-validation-02639,head,42,o,no,0.464902,0.535098,yes,0
boolq-validation-02639,head,42,a,no,0.453262,0.546738,yes,0
boolq-validation-02639,head,42,b,no,0.441673,0.558327,no,1
boolq-validation-01964,head,42,o,no,0.489748,0.510252,yes,0
boolq-validation-01964,head,42,a,no,0.498047,0.501953,yes,0
boolq-validation-01964,head,42,b,no,0.49707,0.50293,no,1
boolq-validation-03036,head,42,o,yes,0.506836,0.493164,no,0
boolq-validation-03036,head,42,a,no,0.496094,0.503906,no,1
boolq-validation-03036,head,42,b,yes,0.500977,0.499023,yes,1
boolq-validation-03092,head,42,o,no,0.494141,0.505859,yes,0
boolq-validation-03092,head,42,a,yes,0.509764,0.490236,yes,1
boolq-validation-03092,head,42,b,yes,0.509764,0.490236,no,0
boolq-validation-00600,head,42,o,yes,0.503906,0.496094,yes,1
boolq-validation-00600,head,42,a,yes,0.506591,0.493409,yes,1
boolq-validation-00600,head,42,b,yes,0.504883,0.495117,no,0
boolq-validation-01497,head,42,o,no,0.496094,0.503906,yes,0
boolq-validation-01497,head,42,a,no,0.486332,0.513668,yes,0
boolq-validation-01497,head,42,b,no,0.492188,0.507812,no,1
boolq-validation-00044,head,42,o,no,0.480479,0.519521,yes,0
boolq-validation-00044,head,42,a,no,0.47658,0.52342,yes,0
boolq-validation-00044,head,42,b,no,0.490236,0.509764,no,1
boolq-validation-01988,head,42,o,no,0.461017,0.538983,yes,0
boolq-validation-01988,head,42,a,no,0.472683,0.527317,yes,0
boolq-validation-01988,head,42,b,no,0.455199,0.544801,no,1
boolq-validation-00332,head,42,o,no,0.496094,0.503906,yes,0
boolq-validation-00332,head,42,a,no,0.494141,0.505859,yes,0
boolq-validation-00332,head,42,b,no,0.490236,0.509764,no,1
boolq-validation-01860,head,42,o,yes,0.531209,0.468791,yes,1
boolq-validation-01860,head,42,a,yes,0.517571,0.482429,yes,1
boolq-validation-01860,head,42,b,yes,0.5,0.5,no,0
boolq-validation-02881,head,42,o,yes,0.504883,0.495117,yes,1
boolq-validation-02881,head,42,a,yes,0.512693,0.487307,yes,1
boolq-validation-02881,head,42,b,yes,0.514644,0.485356,no,0
boolq-validation-01300,head,42,o,no,0.492188,0.507812,yes,0
boolq-validation-01300,head,42,a,yes,0.507812,0.492188,yes,1
boolq-validation-01300,head,42,b,no,0.47658,0.52342,no,1
boolq-validation-00925,head,42,o,no,0.488283,0.511717,no,1
boolq-validation-00925,head,42,a,no,0.498047,0.501953,no,1
boolq-validation-00925,head,42,b,yes,0.514644,0.485356,yes,1
boolq-validation-01960,head,42,o,yes,0.511717,0.488283,yes,1
boolq-validation-01960,head,42,a,yes,0.511717,0.488283,yes,1
boolq-validation-01960,head,42,b,yes,0.516595,0.483405,no,0
boolq-validation-00798,head,42,o,yes,0.514644,0.485356,yes,1
boolq-validation-00798,head,42,a,yes,0.505859,0.494141,yes,1
boolq-validation-00798,head,42,b,yes,0.513668,0.486332,no,0
boolq-validation-02393,head,42,o,no,0.498047,0.501953,yes,0
boolq-validation-02393,head,42,a,yes,0.506836,0.493164,yes,1
boolq-validation-02393,head,42,b,no,0.495117,0.504883,no,1
boolq-validation-01262,head,42,o,no,0.494141,0.505859,yes,0
boolq-validation-01262,head,42,a,yes,0.50293,0.49707,yes,1
boolq-validation-01262,head,42,b,no,0.470737,0.529263,no,1
boolq-validation-02286,head,42,o,no,0.49707,0.50293,yes,0
boolq-validation-02286,head,42,a,yes,0.511717,0.488283,yes,1
boolq-validation-02286,head,42,b,no,0.483405,0.516595,no,1
boolq-validation-00469,head,42,o,yes,0.508788,0.491212,yes,1
boolq-validation-00469,head,42,a,yes,0.501953,0.498047,yes,1
boolq-validation-00469,head,42,b,yes,0.500977,0.499023,no,0
boolq-validation-02118,head,42,o,yes,0.540924,0.459076,yes,1
boolq-validation-02118,head,42,a,yes,0.538983,0.461017,yes,1
boolq-validation-02118,head,42,b,yes,0.509764,0.490236,no,0
boolq-validation-00134,head,42,o,no,0.497803,0.502197,no,1
boolq-validation-00134,head,42,a,no,0.4917,0.5083,no,1
boolq-validation-00134,head,42,b,no,0.49707,0.50293,yes,0
boolq-validation-02874,head,42,o,no,0.498047,0.501953,yes,0
boolq-validation-02874,head,42,a,no,0.499023,0.500977,yes,0
boolq-validation-02874,head,42,b,no,0.49707,0.50293,no,1
boolq-validation-00364,head,42,o,yes,0.602062,0.397938,yes,1
boolq-validation-00364,head,42,a,yes,0.573678,0.426322,yes,1
boolq-validation-00364,head,42,b,yes,0.55447,0.44553,no,0
boolq-validation-01298,head,42,o,no,0.486332,0.513668,yes,0
boolq-validation-01298,head,42,a,yes,0.5,0.5,yes,1
boolq-validation-01298,head,42,b,no,0.472683,0.527317,no,1
boolq-validation-02643,head,42,o,yes,0.505859,0.494141,no,0
boolq-validation-02643,head,42,a,yes,0.527317,0.472683,no,0
boolq-validation-02643,head,42,b,yes,0.529263,0.470737,yes,1
boolq-validation-02003,head,42,o,yes,0.581303,0.418697,yes,1
boolq-validation-02003,head,42,a,yes,0.600188,0.399812,yes,1
boolq-validation-02003,head,42,b,no,0.492188,0.507812,no,1
boolq-validation-02344,head,42,o,yes,0.531209,0.468791,yes,1
boolq-validation-02344,head,42,a,yes,0.535098,0.464902,yes,1
boolq-validation-02344,head,42,b,no,0.48438,0.51562,no,1
boolq-validation-02064,head,42,o,no,0.499023,0.500977,yes,0
boolq-validation-02064,head,42,a,yes,0.507812,0.492188,yes,1
boolq-validation-02064,head,42,b,yes,0.515132,0.484868,no,0
boolq-validation-01425,head,42,o,yes,0.537041,0.462959,yes,1
boolq-validation-01425,head,42,a,yes,0.507812,0.492188,yes,1
boolq-validation-01425,head,42,b,no,0.482429,0.517571,no,1
boolq-validation-03018,head,42,o,yes,0.585101,0.414899,yes,1
boolq-validation-03018,head,42,a,yes,0.531209,0.468791,yes,1
boolq-validation-03018,head,42,b,no,0.472683,0.527317,no,1
boolq-validation-01042,head,42,o,no,0.48438,0.51562,no,1
boolq-validation-01042,head,42,a,yes,0.517571,0.482429,no,0
boolq-validation-01042,head,42,b,yes,0.505859,0.494141,yes,1
boolq-validation-00318,head,42,o,yes,0.507812,0.492188,yes,1
boolq-validation-00318,head,42,a,yes,0.501953,0.498047,yes,1
boolq-validation-00318,head,42,b,no,0.490236,0.509764,no,1
boolq-validation-01859,head,42,o,yes,0.501953,0.498047,no,0
boolq-validation-01859,head,42,a,yes,0.50293,0.49707,no,0
boolq-validation-01859,head,42,b,yes,0.503906,0.496094,yes,1
boolq-validation-01251,head,42,o,yes,0.503906,0.496094,yes,1
boolq-validation-01251,head,42,a,yes,0.503906,0.496094,yes,1
boolq-validation-01251,head,42,b,no,0.468791,0.531209,no,1
boolq-validation-00987,head,42,o,yes,0.514888,0.485112,yes,1
boolq-validation-00987,head,42,a,yes,0.510008,0.489992,yes,1
boolq-validation-00987,head,42,b,yes,0.503418,0.496582,no,0
boolq-validation-03157,head,42,o,yes,0.519521,0.480479,yes,1
boolq-validation-03157,head,42,a,yes,0.513668,0.486332,yes,1
boolq-validation-03157,head,42,b,yes,0.51562,0.48438,no,0
boolq-validation-00113,head,42,o,yes,0.500977,0.499023,yes,1
boolq-validation-00113,head,42,a,yes,0.507812,0.492188,yes,1
boolq-validation-00113,head,42,b,no,0.492188,0.507812,no,1
boolq-validation-02167,head,42,o,no,0.491212,0.508788,no,1
boolq-validation-02167,head,42,a,no,0.493164,0.506836,no,1
boolq-validation-02167,head,42,b,no,0.498047,0.501953,yes,0
boolq-validation-00211,head,42,o,no,0.489259,0.510741,no,1
boolq-validation-00211,head,42,a,no,0.496094,0.503906,no,1
boolq-validation-00211,head,42,b,no,0.482429,0.517571,yes,0
boolq-validation-02429,head,42,o,no,0.486332,0.513668,yes,0
boolq-validation-02429,head,42,a,no,0.494141,0.505859,yes,0
boolq-validation-02429,head,42,b,no,0.470737,0.529263,no,1
boolq-validation-00680,head,42,o,no,0.492188,0.507812,yes,0
boolq-validation-00680,head,42,a,no,0.49707,0.50293,yes,0
boolq-validation-00680,head,42,b,no,0.499023,0.500977,no,1
boolq-validation-00693,head,42,o,yes,0.529263,0.470737,yes,1
boolq-validation-00693,head,42,a,yes,0.533154,0.466846,yes,1
boolq-validation-00693,head,42,b,yes,0.51562,0.48438,no,0
boolq-validation-01455,head,42,o,no,0.488283,0.511717,no,1
boolq-validation-01455,head,42,a,no,0.453262,0.546738,no,1
boolq-validation-01455,head,42,b,yes,0.529263,0.470737,yes,1
boolq-validation-00814,head,42,o,yes,0.509764,0.490236,yes,1
boolq-validation-00814,head,42,a,yes,0.521471,0.478529,yes,1
boolq-validation-00814,head,42,b,yes,0.505859,0.494141,no,0
boolq-validation-01206,head,42,o,no,0.492188,0.507812,yes,0
boolq-validation-01206,head,42,a,yes,0.5,0.5,yes,1
boolq-validation-01206,head,42,b,yes,0.5,0.5,no,0
boolq-validation-01474,head,42,o,yes,0.512693,0.487307,no,0
boolq-validation-01474,head,42,a,yes,0.505859,0.494141,no,0
boolq-validation-01474,head,42,b,yes,0.517571,0.482429,yes,1
boolq-validation-00252,head,42,o,yes,0.511717,0.488283,yes,1
boolq-validation-00252,head,42,a,yes,0.509764,0.490236,yes,1
boolq-validation-00252,head,42,b,yes,0.508788,0.491212,no,0
boolq-validation-01926,head,42,o,yes,0.503906,0.496094,yes,1
boolq-validation-01926,head,42,a,no,0.494141,0.505859,yes,0
boolq-validation-01926,head,42,b,no,0.478529,0.521471,no,1
boolq-validation-00904,head,42,o,yes,0.501465,0.498535,yes,1
boolq-validation-00904,head,42,a,no,0.499512,0.500488,yes,0
boolq-validation-00904,head,42,b,yes,0.500977,0.499023,no,0
boolq-validation-01987,head,42,o,yes,0.511717,0.488283,yes,1
boolq-validation-01987,head,42,a,yes,0.52829,0.47171,yes,1
boolq-validation-01987,head,42,b,no,0.490236,0.509764,no,1
boolq-validation-00940,head,42,o,yes,0.510741,0.489259,yes,1
boolq-validation-00940,head,42,a,yes,0.512693,0.487307,yes,1
boolq-validation-00940,head,42,b,yes,0.504394,0.495606,no,0
boolq-validation-00337,head,42,o,yes,0.521471,0.478529,yes,1
boolq-validation-00337,head,42,a,yes,0.521471,0.478529,yes,1
boolq-validation-00337,head,42,b,yes,0.503906,0.496094,no,0
boolq-validation-01664,head,42,o,no,0.496094,0.503906,yes,0
boolq-validation-01664,head,42,a,no,0.492188,0.507812,yes,0
boolq-validation-01664,head,42,b,no,0.492188,0.507812,no,1
boolq-validation-02266,head,42,o,yes,0.508788,0.491212,yes,1
boolq-validation-02266,head,42,a,yes,0.50415,0.49585,yes,1
boolq-validation-02266,head,42,b,yes,0.50415,0.49585,no,0
boolq-validation-00193,head,42,o,yes,0.500977,0.499023,yes,1
boolq-validation-00193,head,42,a,yes,0.508788,0.491212,yes,1
boolq-validation-00193,head,42,b,no,0.499023,0.500977,no,1
boolq-validation-00617,head,42,o,yes,0.509764,0.490236,yes,1
boolq-validation-00617,head,42,a,yes,0.509764,0.490236,yes,1
boolq-validation-00617,head,42,b,no,0.495117,0.504883,no,1
boolq-validation-00164,head,42,o,yes,0.517571,0.482429,no,0
boolq-validation-00164,head,42,a,no,0.480479,0.519521,no,1
boolq-validation-00164,head,42,b,no,0.490236,0.509764,yes,0
boolq-validation-02954,head,42,o,yes,0.501465,0.498535,yes,1
boolq-validation-02954,head,42,a,yes,0.500977,0.499023,yes,1
boolq-validation-02954,head,42,b,yes,0.501953,0.498047,no,0
boolq-validation-03136,head,42,o,yes,0.546738,0.453262,yes,1
boolq-validation-03136,head,42,a,yes,0.55447,0.44553,yes,1
boolq-validation-03136,head,42,b,no,0.457137,0.542863,no,1
boolq-validation-02053,head,42,o,yes,0.509764,0.490236,yes,1
boolq-validation-02053,head,42,a,yes,0.517571,0.482429,yes,1
boolq-validation-02053,head,42,b,no,0.488283,0.511717,no,1
boolq-validation-02428,head,42,o,yes,0.514644,0.485356,yes,1
boolq-validation-02428,head,42,a,yes,0.516595,0.483405,yes,1
boolq-validation-02428,head,42,b,yes,0.504883,0.495117,no,0
boolq-validation-02294,head,71,o,no,0.496094,0.503906,yes,0
boolq-validation-02294,head,71,a,yes,0.510741,0.489259,yes,1
boolq-validation-02294,head,71,b,no,0.492188,0.507812,no,1
boolq-validation-01329,head,71,o,no,0.492188,0.507812,yes,0
boolq-validation-01329,head,71,a,no,0.499512,0.500488,yes,0
boolq-validation-01329,head,71,b,no,0.496582,0.503418,no,1
boolq-validation-01998,head,71,o,no,0.495117,0.504883,yes,0
boolq-validation-01998,head,71,a,no,0.495117,0.504883,yes,0
boolq-validation-01998,head,71,b,no,0.498535,0.501465,no,1
boolq-validation-00214,head,71,o,yes,0.506836,0.493164,no,0
boolq-validation-00214,head,71,a,no,0.498047,0.501953,no,1
boolq-validation-00214,head,71,b,no,0.492188,0.507812,yes,0
boolq-validation-00659,head,71,o,yes,0.522446,0.477554,yes,1
boolq-validation-00659,head,71,a,yes,0.503906,0.496094,yes,1
boolq-validation-00659,head,71,b,no,0.493164,0.506836,no,1
boolq-validation-02316,head,71,o,no,0.495117,0.504883,no,1
boolq-validation-02316,head,71,a,no,0.488283,0.511717,no,1
boolq-validation-02316,head,71,b,yes,0.505859,0.494141,yes,1
boolq-validation-01286,head,71,o,no,0.499023,0.500977,yes,0
boolq-validation-01286,head,71,a,no,0.496094,0.503906,yes,0
boolq-validation-01286,head,71,b,no,0.496582,0.503418,no,1
boolq-validation-01800,head,71,o,yes,0.534248,0.465752,yes,1
boolq-validation-01800,head,71,a,yes,0.525186,0.474814,yes,1
boolq-validation-01800,head,71,b,yes,0.519217,0.480783,no,0
boolq-validation-02605,head,71,o,no,0.492188,0.507812,yes,0
boolq-validation-02605,head,71,a,yes,0.504883,0.495117,yes,1
boolq-validation-02605,head,71,b,no,0.48438,0.51562,no,1
boolq-validation-01626,head,71,o,no,0.49585,0.50415,no,1
boolq-validation-01626,head,71,a,no,0.494629,0.505371,no,1
boolq-validation-01626,head,71,b,no,0.494141,0.505859,yes,0
boolq-validation-03116,head,71,o,no,0.489259,0.510741,yes,0
boolq-validation-03116,head,71,a,no,0.48438,0.51562,yes,0
boolq-validation-03116,head,71,b,no,0.478529,0.521471,no,1
boolq-validation-01925,head,71,o,no,0.499512,0.500488,no,1
boolq-validation-01925,head,71,a,no,0.496853,0.503147,no,1
boolq-validation-01925,head,71,b,yes,0.500618,0.499382,yes,1
boolq-validation-02300,head,71,o,yes,0.502769,0.497231,no,0
boolq-validation-02300,head,71,a,no,0.499466,0.500534,no,1
boolq-validation-02300,head,71,b,yes,0.500443,0.499557,yes,1
boolq-validation-00885,head,71,o,yes,0.505401,0.494599,no,0
boolq-validation-00885,head,71,a,yes,0.503925,0.496075,no,0
boolq-validation-00885,head,71,b,no,0.499939,0.500061,yes,0
boolq-validation-02234,head,71,o,yes,0.518059,0.481941,yes,1
boolq-validation-02234,head,71,a,yes,0.513668,0.486332,yes,1
boolq-validation-02234,head,71,b,yes,0.50293,0.49707,no,0
boolq-validation-00547,head,71,o,yes,0.50293,0.49707,yes,1
boolq-validation-00547,head,71,a,yes,0.5,0.5,yes,1
boolq-validation-00547,head,71,b,yes,0.503906,0.496094,no,0
boolq-validation-02292,head,71,o,yes,0.507568,0.492432,yes,1
boolq-validation-02292,head,71,a,yes,0.504639,0.495361,yes,1
boolq-validation-02292,head,71,b,no,0.497559,0.502441,no,1
boolq-validation-02594,head,71,o,yes,0.500977,0.499023,no,0
boolq-validation-02594,head,71,a,yes,0.500977,0.499023,no,0
boolq-validation-02594,head,71,b,yes,0.503906,0.496094,yes,1
boolq-validation-01673,head,71,o,yes,0.507324,0.492676,no,0
boolq-validation-01673,head,71,a,yes,0.506836,0.493164,no,0
boolq-validation-01673,head,71,b,yes,0.505859,0.494141,yes,1
boolq-validation-02632,head,71,o,yes,0.509276,0.490724,yes,1
boolq-validation-02632,head,71,a,yes,0.507812,0.492188,yes,1
boolq-validation-02632,head,71,b,yes,0.502441,0.497559,no,0
boolq-validation-02639,head,71,o,no,0.480479,0.519521,yes,0
boolq-validation-02639,head,71,a,no,0.472683,0.527317,yes,0
boolq-validation-02639,head,71,b,no,0.464902,0.535098,no,1
boolq-validation-01964,head,71,o,no,0.492188,0.507812,yes,0
boolq-validation-01964,head,71,a,no,0.499023,0.500977,yes,0
boolq-validation-01964,head,71,b,no,0.497314,0.502686,no,1
boolq-validation-03036,head,71,o,yes,0.503906,0.496094,no,0
boolq-validation-03036,head,71,a,no,0.498535,0.501465,no,1
boolq-validation-03036,head,71,b,yes,0.500488,0.499512,yes,1
boolq-validation-03092,head,71,o,no,0.498047,0.501953,yes,0
boolq-validation-03092,head,71,a,yes,0.506836,0.493164,yes,1
boolq-validation-03092,head,71,b,yes,0.503906,0.496094,no,0
boolq-validation-00600,head,71,o,yes,0.502319,0.497681,yes,1
boolq-validation-00600,head,71,a,yes,0.503998,0.496002,yes,1
boolq-validation-00600,head,71,b,yes,0.503021,0.496979,no,0
boolq-validation-01497,head,71,o,no,0.498047,0.501953,yes,0
boolq-validation-01497,head,71,a,no,0.493164,0.506836,yes,0
boolq-validation-01497,head,71,b,no,0.495117,0.504883,no,1
boolq-validation-00044,head,71,o,no,0.486332,0.513668,yes,0
boolq-validation-00044,head,71,a,no,0.485356,0.514644,yes,0
boolq-validation-00044,head,71,b,no,0.493164,0.506836,no,1
boolq-validation-01988,head,71,o,no,0.478529,0.521471,yes,0
boolq-validation-01988,head,71,a,no,0.488283,0.511717,yes,0
boolq-validation-01988,head,71,b,no,0.475605,0.524395,no,1
boolq-validation-00332,head,71,o,no,0.498047,0.501953,yes,0
boolq-validation-00332,head,71,a,no,0.49707,0.50293,yes,0
boolq-validation-00332,head,71,b,no,0.494507,0.505493,no,1
boolq-validation-01860,head,71,o,yes,0.518546,0.481454,yes,1
boolq-validation-01860,head,71,a,yes,0.511717,0.488283,yes,1
boolq-validation-01860,head,71,b,yes,0.5,0.5,no,0
boolq-validation-02881,head,71,o,yes,0.503418,0.496582,yes,1
boolq-validation-02881,head,71,a,yes,0.5083,0.4917,yes,1
boolq-validation-02881,head,71,b,yes,0.509764,0.490236,no,0
boolq-validation-01300,head,71,o,no,0.496094,0.503906,yes,0
boolq-validation-01300,head,71,a,yes,0.506836,0.493164,yes,1
boolq-validation-01300,head,71,b,no,0.48438,0.51562,no,1
boolq-validation-00925,head,71,o,no,0.492676,0.507324,no,1
boolq-validation-00925,head,71,a,no,0.498047,0.501953,no,1
boolq-validation-00925,head,71,b,yes,0.5083,0.4917,yes,1
boolq-validation-01960,head,71,o,yes,0.507812,0.492188,yes,1
boolq-validation-01960,head,71,a,yes,0.507812,0.492188,yes,1
boolq-validation-01960,head,71,b,yes,0.509276,0.490724,no,0
boolq-validation-00798,head,71,o,yes,0.509764,0.490236,yes,1
boolq-validation-00798,head,71,a,yes,0.503906,0.496094,yes,1
boolq-validation-00798,head,71,b,yes,0.5083,0.4917,no,0
boolq-validation-02393,head,71,o,no,0.499023,0.500977,yes,0
boolq-validation-02393,head,71,a,yes,0.504883,0.495117,yes,1
boolq-validation-02393,head,71,b,no,0.496094,0.503906,no,1
boolq-validation-01262,head,71,o,no,0.49707,0.50293,yes,0
boolq-validation-01262,head,71,a,yes,0.501953,0.498047,yes,1
boolq-validation-01262,head,71,b,no,0.482429,0.517571,no,1
boolq-validation-02286,head,71,o,no,0.497559,0.502441,yes,0
boolq-validation-02286,head,71,a,yes,0.506347,0.493653,yes,1
boolq-validation-02286,head,71,b,no,0.488771,0.511229,no,1
boolq-validation-00469,head,71,o,yes,0.506836,0.493164,yes,1
boolq-validation-00469,head,71,a,yes,0.501953,0.498047,yes,1
boolq-validation-00469,head,71,b,yes,0.500488,0.499512,no,0
boolq-validation-02118,head,71,o,yes,0.525369,0.474631,yes,1
boolq-validation-02118,head,71,a,yes,0.52342,0.47658,yes,1
boolq-validation-02118,head,71,b,yes,0.505859,0.494141,no,0
boolq-validation-00134,head,71,o,no,0.498047,0.501953,no,1
boolq-validation-00134,head,71,a,no,0.492676,0.507324,no,1
boolq-validation-00134,head,71,b,no,0.49585,0.50415,yes,0
boolq-validation-02874,head,71,o,no,0.498154,0.501846,yes,0
boolq-validation-02874,head,71,a,no,0.498589,0.501411,yes,0
boolq-validation-02874,head,71,b,no,0.496979,0.503021,no,1
boolq-validation-00364,head,71,o,yes,0.562177,0.437823,yes,1
boolq-validation-00364,head,71,a,yes,0.542863,0.457137,yes,1
boolq-validation-00364,head,71,b,yes,0.529263,0.470737,no,0
boolq-validation-01298,head,71,o,no,0.493164,0.506836,yes,0
boolq-validation-01298,head,71,a,no,0.498047,0.501953,yes,0
boolq-validation-01298,head,71,b,no,0.481454,0.518546,no,1
boolq-validation-02643,head,71,o,yes,0.501953,0.498047,no,0
boolq-validation-02643,head,71,a,yes,0.51562,0.48438,no,0
boolq-validation-02643,head,71,b,yes,0.516595,0.483405,yes,1
boolq-validation-02003,head,71,o,yes,0.5564,0.4436,yes,1
boolq-validation-02003,head,71,a,yes,0.569853,0.430147,yes,1
boolq-validation-02003,head,71,b,no,0.492188,0.507812,no,1
boolq-validation-02344,head,71,o,yes,0.517571,0.482429,yes,1
boolq-validation-02344,head,71,a,yes,0.519521,0.480479,yes,1
boolq-validation-02344,head,71,b,no,0.490236,0.509764,no,1
boolq-validation-02064,head,71,o,yes,0.5,0.5,yes,1
boolq-validation-02064,head,71,a,yes,0.505127,0.494873,yes,1
boolq-validation-02064,head,71,b,yes,0.509154,0.490846,no,0
boolq-validation-01425,head,71,o,yes,0.521471,0.478529,yes,1
boolq-validation-01425,head,71,a,yes,0.504883,0.495117,yes,1
boolq-validation-01425,head,71,b,no,0.488283,0.511717,no,1
boolq-validation-03018,head,71,o,yes,0.550607,0.449393,yes,1
boolq-validation-03018,head,71,a,yes,0.52342,0.47658,yes,1
boolq-validation-03018,head,71,b,no,0.480479,0.519521,no,1
boolq-validation-01042,head,71,o,no,0.492188,0.507812,no,1
boolq-validation-01042,head,71,a,yes,0.512693,0.487307,no,0
boolq-validation-01042,head,71,b,yes,0.503906,0.496094,yes,1
boolq-validation-00318,head,71,o,yes,0.504883,0.495117,yes,1
boolq-validation-00318,head,71,a,yes,0.50293,0.49707,yes,1
boolq-validation-00318,head,71,b,no,0.492188,0.507812,no,1
boolq-validation-01859,head,71,o,yes,0.500977,0.499023,no,0
boolq-validation-01859,head,71,a,yes,0.500977,0.499023,no,0
boolq-validation-01859,head,71,b,yes,0.500977,0.499023,yes,1
boolq-validation-01251,head,71,o,yes,0.503906,0.496094,yes,1
boolq-validation-01251,head,71,a,yes,0.501953,0.498047,yes,1
boolq-validation-01251,head,71,b,no,0.478529,0.521471,no,1
boolq-validation-00987,head,71,o,yes,0.50952,0.49048,yes,1
boolq-validation-00987,head,71,a,yes,0.50415,0.49585,yes,1
boolq-validation-00987,head,71,b,yes,0.501465,0.498535,no,0
boolq-validation-03157,head,71,o,yes,0.513181,0.486819,yes,1
boolq-validation-03157,head,71,a,yes,0.510252,0.489748,yes,1
boolq-validation-03157,head,71,b,yes,0.510252,0.489748,no,0
boolq-validation-00113,head,71,o,yes,0.5,0.5,yes,1
boolq-validation-00113,head,71,a,yes,0.504883,0.495117,yes,1
boolq-validation-00113,head,71,b,no,0.495117,0.504883,no,1
boolq-validation-02167,head,71,o,no,0.495117,0.504883,no,1
boolq-validation-02167,head,71,a,no,0.496582,0.503418,no,1
boolq-validation-02167,head,71,b,yes,0.500977,0.499023,yes,1
boolq-validation-00211,head,71,o,no,0.493653,0.506347,no,1
boolq-validation-00211,head,71,a,no,0.49707,0.50293,no,1
boolq-validation-00211,head,71,b,no,0.491212,0.508788,yes,0
boolq-validation-02429,head,71,o,no,0.492188,0.507812,yes,0
boolq-validation-02429,head,71,a,no,0.495117,0.504883,yes,0
boolq-validation-02429,head,71,b,no,0.481454,0.518546,no,1
boolq-validation-00680,head,71,o,no,0.494629,0.505371,yes,0
boolq-validation-00680,head,71,a,no,0.497314,0.502686,yes,0
boolq-validation-00680,head,71,b,no,0.499023,0.500977,no,1
boolq-validation-00693,head,71,o,yes,0.516595,0.483405,yes,1
boolq-validation-00693,head,71,a,yes,0.519521,0.480479,yes,1
boolq-validation-00693,head,71,b,yes,0.509764,0.490236,no,0
boolq-validation-01455,head,71,o,no,0.492188,0.507812,no,1
boolq-validation-01455,head,71,a,no,0.47171,0.52829,no,1
boolq-validation-01455,head,71,b,yes,0.519521,0.480479,yes,1
boolq-validation-00814,head,71,o,yes,0.506836,0.493164,yes,1
boolq-validation-00814,head,71,a,yes,0.514644,0.485356,yes,1
boolq-validation-00814,head,71,b,yes,0.500977,0.499023,no,0
boolq-validation-01206,head,71,o,yes,0.5,0.5,yes,1
boolq-validation-01206,head,71,a,yes,0.503906,0.496094,yes,1
boolq-validation-01206,head,71,b,yes,0.501953,0.498047,no,0
boolq-validation-01474,head,71,o,yes,0.507812,0.492188,no,0
boolq-validation-01474,head,71,a,yes,0.503906,0.496094,no,0
boolq-validation-01474,head,71,b,yes,0.509764,0.490236,yes,1
boolq-validation-00252,head,71,o,yes,0.507568,0.492432,yes,1
boolq-validation-00252,head,71,a,yes,0.506347,0.493653,yes,1
boolq-validation-00252,head,71,b,yes,0.505615,0.494385,no,0
boolq-validation-01926,head,71,o,yes,0.503906,0.496094,yes,1
boolq-validation-01926,head,71,a,yes,0.5,0.5,yes,1
boolq-validation-01926,head,71,b,no,0.48438,0.51562,no,1
boolq-validation-00904,head,71,o,yes,0.501221,0.498779,yes,1
boolq-validation-00904,head,71,a,no,0.499878,0.500122,yes,0
boolq-validation-00904,head,71,b,yes,0.500122,0.499878,no,0
boolq-validation-01987,head,71,o,yes,0.507812,0.492188,yes,1
boolq-validation-01987,head,71,a,yes,0.516595,0.483405,yes,1
boolq-validation-01987,head,71,b,no,0.495117,0.504883,no,1
boolq-validation-00940,head,71,o,yes,0.506347,0.493653,yes,1
boolq-validation-00940,head,71,a,yes,0.507568,0.492432,yes,1
boolq-validation-00940,head,71,b,yes,0.502686,0.497314,no,0
boolq-validation-00337,head,71,o,yes,0.513668,0.486332,yes,1
boolq-validation-00337,head,71,a,yes,0.513668,0.486332,yes,1
boolq-validation-00337,head,71,b,yes,0.5,0.5,no,0
boolq-validation-01664,head,71,o,no,0.499023,0.500977,yes,0
boolq-validation-01664,head,71,a,no,0.494141,0.505859,yes,0
boolq-validation-01664,head,71,b,no,0.494141,0.505859,no,1
boolq-validation-02266,head,71,o,yes,0.505996,0.494004,yes,1
boolq-validation-02266,head,71,a,yes,0.50293,0.49707,yes,1
boolq-validation-02266,head,71,b,yes,0.503326,0.496674,no,0
boolq-validation-00193,head,71,o,yes,0.5,0.5,yes,1
boolq-validation-00193,head,71,a,yes,0.505859,0.494141,yes,1
boolq-validation-00193,head,71,b,no,0.497559,0.502441,no,1
boolq-validation-00617,head,71,o,yes,0.505859,0.494141,yes,1
boolq-validation-00617,head,71,a,yes,0.507812,0.492188,yes,1
boolq-validation-00617,head,71,b,no,0.497559,0.502441,no,1
boolq-validation-00164,head,71,o,yes,0.509764,0.490236,no,0
boolq-validation-00164,head,71,a,no,0.488283,0.511717,no,1
boolq-validation-00164,head,71,b,no,0.493164,0.506836,yes,0
boolq-validation-02954,head,71,o,yes,0.501221,0.498779,yes,1
boolq-validation-02954,head,71,a,yes,0.500977,0.499023,yes,1
boolq-validation-02954,head,71,b,yes,0.501221,0.498779,no,0
boolq-validation-03136,head,71,o,yes,0.533154,0.466846,yes,1
boolq-validation-03136,head,71,a,yes,0.533154,0.466846,yes,1
boolq-validation-03136,head,71,b,no,0.474631,0.525369,no,1
boolq-validation-02053,head,71,o,yes,0.506836,0.493164,yes,1
boolq-validation-02053,head,71,a,yes,0.511717,0.488283,yes,1
boolq-validation-02053,head,71,b,no,0.491212,0.508788,no,1
boolq-validation-02428,head,71,o,yes,0.510252,0.489748,yes,1
boolq-validation-02428,head,71,a,yes,0.510741,0.489259,yes,1
boolq-validation-02428,head,71,b,yes,0.505859,0.494141,no,0
boolq-validation-02294,lcca,13,o,no,0.434701,0.565299,yes,0
boolq-validation-02294,lcca,13,a,yes,0.971129,0.028871,yes,1
boolq-validation-02294,lcca,13,b,no,0.008125,0.991875,no,1
boolq-validation-01329,lcca,13,o,yes,0.88842,0.11158,yes,1
boolq-validation-01329,lcca,13,a,yes,0.992364,0.007636,yes,1
boolq-validation-01329,lcca,13,b,no,0.01292,0.98708,no,1
boolq-validation-01998,lcca,13,o,yes,0.960212,0.039788,yes,1
boolq-validation-01998,lcca,13,a,yes,0.960212,0.039788,yes,1
boolq-validation-01998,lcca,13,b,no,0.075109,0.924891,no,1
boolq-validation-00214,lcca,13,o,no,0.0301,0.9699,no,1
boolq-validation-00214,lcca,13,a,no,0.028844,0.971156,no,1
boolq-validation-00214,lcca,13,b,no,0.08882,0.91118,yes,0
boolq-validation-00659,lcca,13,o,yes,0.991812,0.008188,yes,1
boolq-validation-00659,lcca,13,a,yes,0.851336,0.148664,yes,1
boolq-validation-00659,lcca,13,b,no,0.02769,0.97231,no,1
boolq-validation-02316,lcca,13,o,no,0.008188,0.991812,no,1
boolq-validation-02316,lcca,13,a,no,0.00522,0.99478,no,1
boolq-validation-02316,lcca,13,b,yes,0.938801,0.061199,yes,1
boolq-validation-01286,lcca,13,o,yes,0.592667,0.407333,yes,1
boolq-validation-01286,lcca,13,a,no,0.360714,0.639286,yes,0
boolq-validation-01286,lcca,13,b,no,0.024054,0.975946,no,1
boolq-validation-01800,lcca,13,o,yes,0.98858,0.01142,yes,1
boolq-validation-01800,lcca,13,a,yes,0.990768,0.009232,yes,1
boolq-validation-01800,lcca,13,b,no,0.0301,0.9699,no,1
boolq-validation-02605,lcca,13,o,yes,0.781331,0.218669,yes,1
boolq-validation-02605,lcca,13,a,yes,0.977883,0.022117,yes,1
boolq-validation-02605,lcca,13,b,no,0.038902,0.961098,no,1
boolq-validation-01626,lcca,13,o,no,0.423458,0.576542,no,1
boolq-validation-01626,lcca,13,a,no,0.178777,0.821223,no,1
boolq-validation-01626,lcca,13,b,yes,0.695958,0.304042,yes,1
boolq-validation-03116,lcca,13,o,yes,0.941654,0.058346,yes,1
boolq-validation-03116,lcca,13,a,yes,0.960063,0.039937,yes,1
boolq-validation-03116,lcca,13,b,no,0.08152,0.91848,no,1
boolq-validation-01925,lcca,13,o,no,0.31321,0.68679,no,1
boolq-validation-01925,lcca,13,a,no,0.303629,0.696371,no,1
boolq-validation-01925,lcca,13,b,no,0.472683,0.527317,yes,0
boolq-validation-02300,lcca,13,o,no,0.219003,0.780997,no,1
boolq-validation-02300,lcca,13,a,no,0.190122,0.809878,no,1
boolq-validation-02300,lcca,13,b,yes,0.682574,0.317426,yes,1
boolq-validation-00885,lcca,13,o,no,0.019719,0.980281,no,1
boolq-validation-00885,lcca,13,a,no,0.048137,0.951863,no,1
boolq-validation-00885,lcca,13,b,yes,0.827828,0.172172,yes,1
boolq-validation-02234,lcca,13,o,yes,0.9978,0.0022,yes,1
boolq-validation-02234,lcca,13,a,yes,0.977371,0.022629,yes,1
boolq-validation-02234,lcca,13,b,no,0.002779,0.997221,no,1
boolq-validation-00547,lcca,13,o,yes,0.941654,0.058346,yes,1
boolq-validation-00547,lcca,13,a,yes,0.949669,0.050331,yes,1
boolq-validation-00547,lcca,13,b,yes,0.689933,0.310067,no,0
boolq-validation-02292,lcca,13,o,yes,0.999043,0.000957,yes,1
boolq-validation-02292,lcca,13,a,yes,0.998779,0.001221,yes,1
boolq-validation-02292,lcca,13,b,no,0.028221,0.971779,no,1
boolq-validation-02594,lcca,13,o,no,0.000688,0.999312,no,1
boolq-validation-02594,lcca,13,a,no,0.001853,0.998147,no,1
boolq-validation-02594,lcca,13,b,no,0.007816,0.992184,yes,0
boolq-validation-01673,lcca,13,o,no,0.148047,0.851953,no,1
boolq-validation-01673,lcca,13,a,no,0.032344,0.967656,no,1
boolq-validation-01673,lcca,13,b,yes,0.959913,0.040087,yes,1
boolq-validation-02632,lcca,13,o,yes,0.997739,0.002261,yes,1
boolq-validation-02632,lcca,13,a,yes,0.997686,0.002314,yes,1
boolq-validation-02632,lcca,13,b,no,0.024238,0.975762,no,1
boolq-validation-02639,lcca,13,o,no,0.394201,0.605799,yes,0
boolq-validation-02639,lcca,13,a,yes,0.577495,0.422505,yes,1
boolq-validation-02639,lcca,13,b,no,0.239349,0.760651,no,1
boolq-validation-01964,lcca,13,o,yes,0.928797,0.071203,yes,1
boolq-validation-01964,lcca,13,a,yes,0.968679,0.031321,yes,1
boolq-validation-01964,lcca,13,b,no,0.324235,0.675765,no,1
boolq-validation-03036,lcca,13,o,no,0.015484,0.984516,no,1
boolq-validation-03036,lcca,13,a,no,0.015845,0.984155,no,1
boolq-validation-03036,lcca,13,b,yes,0.722135,0.277865,yes,1
boolq-validation-03092,lcca,13,o,yes,0.954732,0.045268,yes,1
boolq-validation-03092,lcca,13,a,yes,0.974043,0.025957,yes,1
boolq-validation-03092,lcca,13,b,yes,0.875787,0.124213,no,0
boolq-validation-00600,lcca,13,o,yes,0.840259,0.159741,yes,1
boolq-validation-00600,lcca,13,a,yes,0.956634,0.043366,yes,1
boolq-validation-00600,lcca,13,b,no,0.048316,0.951684,no,1
boolq-validation-01497,lcca,13,o,yes,0.952397,0.047603,yes,1
boolq-validation-01497,lcca,13,a,yes,0.880386,0.119614,yes,1
boolq-validation-01497,lcca,13,b,yes,0.660378,0.339622,no,0
boolq-validation-00044,lcca,13,o,yes,0.959913,0.040087,yes,1
boolq-validation-00044,lcca,13,a,yes,0.977883,0.022117,yes,1
boolq-validation-00044,lcca,13,b,no,0.010328,0.989672,no,1
boolq-validation-01988,lcca,13,o,no,0.365683,0.634317,yes,0
boolq-validation-01988,lcca,13,a,no,0.433981,0.566019,yes,0
boolq-validation-01988,lcca,13,b,no,0.046681,0.953319,no,1
boolq-validation-00332,lcca,13,o,yes,0.79957,0.20043,yes,1
boolq-validation-00332,lcca,13,a,no,0.458106,0.541894,yes,0
boolq-validation-00332,lcca,13,b,no,0.296247,0.703753,no,1
boolq-validation-01860,lcca,13,o,yes,0.948155,0.051845,yes,1
boolq-validation-01860,lcca,13,a,yes,0.963643,0.036357,yes,1
boolq-validation-01860,lcca,13,b,yes,0.854885,0.145115,no,0
boolq-validation-02881,lcca,13,o,yes,0.898053,0.101947,yes,1
boolq-validation-02881,lcca,13,a,yes,0.968141,0.031859,yes,1
boolq-validation-02881,lcca,13,b,no,0.03359,0.96641,no,1
boolq-validation-01300,lcca,13,o,yes,0.639286,0.360714,yes,1
boolq-validation-01300,lcca,13,a,yes,0.99066,0.00934,yes,1
boolq-validation-01300,lcca,13,b,no,0.016029,0.983971,no,1
boolq-validation-00925,lcca,13,o,no,0.028382,0.971618,no,1
boolq-validation-00925,lcca,13,a,no,0.030676,0.969324,no,1
boolq-validation-00925,lcca,13,b,no,0.493164,0.506836,yes,0
boolq-validation-01960,lcca,13,o,yes,0.936285,0.063715,yes,1
boolq-validation-01960,lcca,13,a,yes,0.936285,0.063715,yes,1
boolq-validation-01960,lcca,13,b,no,0.325521,0.674479,no,1
boolq-validation-00798,lcca,13,o,yes,0.977883,0.022117,yes,1
boolq-validation-00798,lcca,13,a,yes,0.981382,0.018618,yes,1
boolq-validation-00798,lcca,13,b,no,0.073696,0.926304,no,1
boolq-validation-02393,lcca,13,o,yes,0.848596,0.151404,yes,1
boolq-validation-02393,lcca,13,a,yes,0.969785,0.030215,yes,1
boolq-validation-02393,lcca,13,b,no,0.025761,0.974239,no,1
boolq-validation-01262,lcca,13,o,yes,0.75496,0.24504,yes,1
boolq-validation-01262,lcca,13,a,yes,0.579995,0.420005,yes,1
boolq-validation-01262,lcca,13,b,no,0.211091,0.788909,no,1
boolq-validation-02286,lcca,13,o,yes,0.646014,0.353986,yes,1
boolq-validation-02286,lcca,13,a,yes,0.945801,0.054199,yes,1
boolq-validation-02286,lcca,13,b,no,0.017849,0.982151,no,1
boolq-validation-00469,lcca,13,o,yes,0.99657,0.00343,yes,1
boolq-validation-00469,lcca,13,a,yes,0.99427,0.00573,yes,1
boolq-validation-00469,lcca,13,b,yes,0.566019,0.433981,no,0
boolq-validation-02118,lcca,13,o,yes,0.99622,0.00378,yes,1
boolq-validation-02118,lcca,13,a,yes,0.997232,0.002768,yes,1
boolq-validation-02118,lcca,13,b,no,0.426322,0.573678,no,1
boolq-validation-00134,lcca,13,o,no,0.117572,0.882428,no,1
boolq-validation-00134,lcca,13,a,no,0.144149,0.855851,no,1
boolq-validation-00134,lcca,13,b,yes,0.525369,0.474631,yes,1
boolq-validation-02874,lcca,13,o,no,0.053601,0.946399,yes,0
boolq-validation-02874,lcca,13,a,no,0.206254,0.793746,yes,0
boolq-validation-02874,lcca,13,b,no,0.071851,0.928149,no,1
boolq-validation-00364,lcca,13,o,yes,0.978052,0.021948,yes,1
boolq-validation-00364,lcca,13,a,yes,0.996895,0.003105,yes,1
boolq-validation-00364,lcca,13,b,yes,0.920361,0.079639,no,0
boolq-validation-01298,lcca,13,o,yes,0.896976,0.103024,yes,1
boolq-validation-01298,lcca,13,a,yes,0.962391,0.037609,yes,1
boolq-validation-01298,lcca,13,b,yes,0.564098,0.435902,no,0
boolq-validation-02643,lcca,13,o,yes,0.627038,0.372962,no,0
boolq-validation-02643,lcca,13,a,no,0.150029,0.849971,no,1
boolq-validation-02643,lcca,13,b,yes,0.598312,0.401688,yes,1
boolq-validation-02003,lcca,13,o,yes,0.998695,0.001305,yes,1
boolq-validation-02003,lcca,13,a,yes,0.998706,0.001294,yes,1
boolq-validation-02003,lcca,13,b,no,0.024238,0.975762,no,1
boolq-validation-02344,lcca,13,o,yes,0.984094,0.015906,yes,1
boolq-validation-02344,lcca,13,a,yes,0.988755,0.011245,yes,1
boolq-validation-02344,lcca,13,b,no,0.059647,0.940353,no,1
boolq-validation-02064,lcca,13,o,yes,0.753829,0.246171,yes,1
boolq-validation-02064,lcca,13,a,yes,0.809577,0.190423,yes,1
boolq-validation-02064,lcca,13,b,yes,0.555435,0.444565,no,0
boolq-validation-01425,lcca,13,o,yes,0.904651,0.095349,yes,1
boolq-validation-01425,lcca,13,a,yes,0.990385,0.009615,yes,1
boolq-validation-01425,lcca,13,b,no,0.004298,0.995702,no,1
boolq-validation-03018,lcca,13,o,yes,0.860134,0.139866,yes,1
boolq-validation-03018,lcca,13,a,yes,0.913368,0.086632,yes,1
boolq-validation-03018,lcca,13,b,no,0.011158,0.988842,no,1
boolq-validation-01042,lcca,13,o,yes,0.935347,0.064653,no,0
boolq-validation-01042,lcca,13,a,yes,0.707,0.293,no,0
boolq-validation-01042,lcca,13,b,yes,0.530236,0.469764,yes,1
boolq-validation-00318,lcca,13,o,yes,0.803174,0.196826,yes,1
boolq-validation-00318,lcca,13,a,yes,0.856812,0.143188,yes,1
boolq-validation-00318,lcca,13,b,no,0.03475,0.96525,no,1
boolq-validation-01859,lcca,13,o,no,0.064183,0.935817,no,1
boolq-validation-01859,lcca,13,a,no,0.097048,0.902952,no,1
boolq-validation-01859,lcca,13,b,no,0.438304,0.561696,yes,0
boolq-validation-01251,lcca,13,o,yes,0.940572,0.059428,yes,1
boolq-validation-01251,lcca,13,a,yes,0.952926,0.047074,yes,1
boolq-validation-01251,lcca,13,b,no,0.052231,0.947769,no,1
boolq-validation-00987,lcca,13,o,yes,0.943556,0.056444,yes,1
boolq-validation-00987,lcca,13,a,yes,0.949856,0.050144,yes,1
boolq-validation-00987,lcca,13,b,yes,0.774583,0.225417,no,0
boolq-validation-03157,lcca,13,o,yes,0.931463,0.068537,yes,1
boolq-validation-03157,lcca,13,a,yes,0.941223,0.058777,yes,1
boolq-validation-03157,lcca,13,b,no,0.237222,0.762778,no,1
boolq-validation-00113,lcca,13,o,yes,0.890294,0.109706,yes,1
boolq-validation-00113,lcca,13,a,yes,0.914901,0.085099,yes,1
boolq-validation-00113,lcca,13,b,no,0.136608,0.863392,no,1
boolq-validation-02167,lcca,13,o,no,0.251464,0.748536,no,1
boolq-validation-02167,lcca,13,a,no,0.155912,0.844088,no,1
boolq-validation-02167,lcca,13,b,yes,0.928409,0.071591,yes,1
boolq-validation-00211,lcca,13,o,no,0.370225,0.629775,no,1
boolq-validation-00211,lcca,13,a,no,0.210117,0.789883,no,1
boolq-validation-00211,lcca,13,b,yes,0.963916,0.036084,yes,1
boolq-validation-02429,lcca,13,o,yes,0.775265,0.224735,yes,1
boolq-validation-02429,lcca,13,a,yes,0.989347,0.010653,yes,1
boolq-validation-02429,lcca,13,b,yes,0.635222,0.364778,no,0
boolq-validation-00680,lcca,13,o,yes,0.881615,0.118385,yes,1
boolq-validation-00680,lcca,13,a,yes,0.874935,0.125065,yes,1
boolq-validation-00680,lcca,13,b,no,0.094678,0.905322,no,1
boolq-validation-00693,lcca,13,o,yes,0.965641,0.034359,yes,1
boolq-validation-00693,lcca,13,a,yes,0.966914,0.033086,yes,1
boolq-validation-00693,lcca,13,b,yes,0.842863,0.157137,no,0
boolq-validation-01455,lcca,13,o,no,0.120439,0.879561,no,1
boolq-validation-01455,lcca,13,a,no,0.008511,0.991489,no,1
boolq-validation-01455,lcca,13,b,yes,0.972204,0.027796,yes,1
boolq-validation-00814,lcca,13,o,yes,0.995668,0.004332,yes,1
boolq-validation-00814,lcca,13,a,yes,0.998494,0.001506,yes,1
boolq-validation-00814,lcca,13,b,no,0.038133,0.961867,no,1
boolq-validation-01206,lcca,13,o,yes,0.979354,0.020646,yes,1
boolq-validation-01206,lcca,13,a,yes,0.981875,0.018125,yes,1
boolq-validation-01206,lcca,13,b,no,0.260766,0.739234,no,1
boolq-validation-01474,lcca,13,o,no,0.384912,0.615088,no,1
boolq-validation-01474,lcca,13,a,no,0.314051,0.685949,no,1
boolq-validation-01474,lcca,13,b,yes,0.932453,0.067547,yes,1
boolq-validation-00252,lcca,13,o,yes,0.841826,0.158174,yes,1
boolq-validation-00252,lcca,13,a,yes,0.987568,0.012432,yes,1
boolq-validation-00252,lcca,13,b,no,0.083591,0.916409,no,1
boolq-validation-01926,lcca,13,o,yes,0.909265,0.090735,yes,1
boolq-validation-01926,lcca,13,a,yes,0.977023,0.022977,yes,1
boolq-validation-01926,lcca,13,b,no,0.008188,0.991812,no,1
boolq-validation-00904,lcca,13,o,yes,0.973443,0.026557,yes,1
boolq-validation-00904,lcca,13,a,yes,0.970013,0.029987,yes,1
boolq-validation-00904,lcca,13,b,no,0.4436,0.5564,no,1
boolq-validation-01987,lcca,13,o,yes,0.535098,0.464902,yes,1
boolq-validation-01987,lcca,13,a,yes,0.846197,0.153803,yes,1
boolq-validation-01987,lcca,13,b,no,0.03318,0.96682,no,1
boolq-validation-00940,lcca,13,o,yes,0.891008,0.108992,yes,1
boolq-validation-00940,lcca,13,a,yes,0.924688,0.075312,yes,1
boolq-validation-00940,lcca,13,b,no,0.010987,0.989013,no,1
boolq-validation-00337,lcca,13,o,yes,0.970465,0.029535,yes,1
boolq-validation-00337,lcca,13,a,yes,0.962953,0.037047,yes,1
boolq-validation-00337,lcca,13,b,no,0.06804,0.93196,no,1
boolq-validation-01664,lcca,13,o,yes,0.658527,0.341473,yes,1
boolq-validation-01664,lcca,13,a,yes,0.762778,0.237222,yes,1
boolq-validation-01664,lcca,13,b,no,0.128525,0.871475,no,1
boolq-validation-02266,lcca,13,o,yes,0.866585,0.133415,yes,1
boolq-validation-02266,lcca,13,a,yes,0.780662,0.219338,yes,1
boolq-validation-02266,lcca,13,b,no,0.375706,0.624294,no,1
boolq-validation-00193,lcca,13,o,yes,0.92079,0.07921,yes,1
boolq-validation-00193,lcca,13,a,yes,0.990925,0.009075,yes,1
boolq-validation-00193,lcca,13,b,no,0.060308,0.939692,no,1
boolq-validation-00617,lcca,13,o,yes,0.915507,0.084493,yes,1
boolq-validation-00617,lcca,13,a,yes,0.975012,0.024988,yes,1
boolq-validation-00617,lcca,13,b,no,0.107813,0.892187,no,1
boolq-validation-00164,lcca,13,o,no,0.136608,0.863392,no,1
boolq-validation-00164,lcca,13,a,no,0.046899,0.953101,no,1
boolq-validation-00164,lcca,13,b,no,0.126461,0.873539,yes,0
boolq-validation-02954,lcca,13,o,yes,0.86431,0.13569,yes,1
boolq-validation-02954,lcca,13,a,yes,0.921495,0.078505,yes,1
boolq-validation-02954,lcca,13,b,no,0.094343,0.905657,no,1
boolq-validation-03136,lcca,13,o,yes,0.999131,0.000869,yes,1
boolq-validation-03136,lcca,13,a,yes,0.997327,0.002673,yes,1
boolq-validation-03136,lcca,13,b,no,0.038611,0.961389,no,1
boolq-validation-02053,lcca,13,o,yes,0.966914,0.033086,yes,1
boolq-validation-02053,lcca,13,a,yes,0.977989,0.022011,yes,1
boolq-validation-02053,lcca,13,b,no,0.4206,0.5794,no,1
boolq-validation-02428,lcca,13,o,yes,0.959762,0.040238,yes,1
boolq-validation-02428,lcca,13,a,yes,0.967656,0.032344,yes,1
boolq-validation-02428,lcca,13,b,no,0.383064,0.616936,no,1
boolq-validation-02294,lcca,42,o,yes,0.51562,0.48438,yes,1
boolq-validation-02294,lcca,42,a,yes,0.995532,0.004468,yes,1
boolq-validation-02294,lcca,42,b,no,0.000646,0.999354,no,1
boolq-validation-01329,lcca,42,o,yes,0.900355,0.099645,yes,1
boolq-validation-01329,lcca,42,a,yes,0.995056,0.004944,yes,1
boolq-validation-01329,lcca,42,b,no,0.001501,0.998499,no,1
boolq-validation-01998,lcca,42,o,yes,0.971129,0.028871,yes,1
boolq-validation-01998,lcca,42,a,yes,0.971129,0.028871,yes,1
boolq-validation-01998,lcca,42,b,no,0.004905,0.995095,no,1
boolq-validation-00214,lcca,42,o,no,0.008125,0.991875,no,1
boolq-validation-00214,lcca,42,a,no,0.006004,0.993996,no,1
boolq-validation-00214,lcca,42,b,no,0.027481,0.972519,yes,0
boolq-validation-00659,lcca,42,o,yes,0.978052,0.021948,yes,1
boolq-validation-00659,lcca,42,a,yes,0.817866,0.182134,yes,1
boolq-validation-00659,lcca,42,b,no,0.002632,0.997368,no,1
boolq-validation-02316,lcca,42,o,no,0.000104,0.999896,no,1
boolq-validation-02316,lcca,42,a,no,0.000177,0.999823,no,1
boolq-validation-02316,lcca,42,b,yes,0.937669,0.062331,yes,1
boolq-validation-01286,lcca,42,o,yes,0.715026,0.284974,yes,1
boolq-validation-01286,lcca,42,a,no,0.373876,0.626124,yes,0
boolq-validation-01286,lcca,42,b,no,0.002183,0.997817,no,1
boolq-validation-01800,lcca,42,o,yes,0.999452,0.000548,yes,1
boolq-validation-01800,lcca,42,a,yes,0.999421,0.000579,yes,1
boolq-validation-01800,lcca,42,b,no,0.001549,0.998451,no,1
boolq-validation-02605,lcca,42,o,yes,0.887497,0.112503,yes,1
boolq-validation-02605,lcca,42,a,yes,0.968141,0.031859,yes,1
boolq-validation-02605,lcca,42,b,no,0.000185,0.999815,no,1
boolq-validation-01626,lcca,42,o,yes,0.628863,0.371137,no,0
boolq-validation-01626,lcca,42,a,no,0.038178,0.961822,no,1
boolq-validation-01626,lcca,42,b,yes,0.898767,0.101233,yes,1
boolq-validation-03116,lcca,42,o,yes,0.940134,0.059866,yes,1
boolq-validation-03116,lcca,42,a,yes,0.945801,0.054199,yes,1
boolq-validation-03116,lcca,42,b,no,0.115961,0.884039,no,1
boolq-validation-01925,lcca,42,o,no,0.252937,0.747063,no,1
boolq-validation-01925,lcca,42,a,no,0.220846,0.779154,no,1
boolq-validation-01925,lcca,42,b,no,0.434941,0.565059,yes,0
boolq-validation-02300,lcca,42,o,no,0.125493,0.874507,no,1
boolq-validation-02300,lcca,42,a,no,0.093844,0.906156,no,1
boolq-validation-02300,lcca,42,b,yes,0.67405,0.32595,yes,1
boolq-validation-00885,lcca,42,o,no,0.001264,0.998736,no,1
boolq-validation-00885,lcca,42,a,no,0.051558,0.948442,no,1
boolq-validation-00885,lcca,42,b,yes,0.90053,0.09947,yes,1
boolq-validation-02234,lcca,42,o,yes,0.995245,0.004755,yes,1
boolq-validation-02234,lcca,42,a,yes,0.988492,0.011508,yes,1
boolq-validation-02234,lcca,42,b,no,0.000269,0.999731,no,1
boolq-validation-00547,lcca,42,o,yes,0.938773,0.061227,yes,1
boolq-validation-00547,lcca,42,a,yes,0.950088,0.049912,yes,1
boolq-validation-00547,lcca,42,b,yes,0.747616,0.252384,no,0
boolq-validation-02292,lcca,42,o,yes,0.99964,0.00036,yes,1
boolq-validation-02292,lcca,42,a,yes,0.999439,0.000561,yes,1
boolq-validation-02292,lcca,42,b,no,0.00181,0.99819,no,1
boolq-validation-02594,lcca,42,o,no,8.8e-05,0.999912,no,1
boolq-validation-02594,lcca,42,a,no,0.001598,0.998402,no,1
boolq-validation-02594,lcca,42,b,no,0.010489,0.989511,yes,0
boolq-validation-01673,lcca,42,o,no,0.178956,0.821044,no,1
boolq-validation-01673,lcca,42,a,no,0.003173,0.996827,no,1
boolq-validation-01673,lcca,42,b,yes,0.997368,0.002632,yes,1
boolq-validation-02632,lcca,42,o,yes,0.999907,9.3e-05,yes,1
boolq-validation-02632,lcca,42,a,yes,0.999882,0.000118,yes,1
boolq-validation-02632,lcca,42,b,no,0.048496,0.951504,no,1
boolq-validation-02639,lcca,42,o,no,0.407805,0.592195,yes,0
boolq-validation-02639,lcca,42,a,no,0.332852,0.667148,yes,0
boolq-validation-02639,lcca,42,b,no,0.082107,0.917893,no,1
boolq-validation-01964,lcca,42,o,yes,0.954984,0.045016,yes,1
boolq-validation-01964,lcca,42,a,yes,0.986675,0.013325,yes,1
boolq-validation-01964,lcca,42,b,no,0.29381,0.70619,no,1
boolq-validation-03036,lcca,42,o,no,0.00506,0.99494,no,1
boolq-validation-03036,lcca,42,a,no,0.005021,0.994979,no,1
boolq-validation-03036,lcca,42,b,yes,0.770465,0.229535,yes,1
boolq-validation-03092,lcca,42,o,yes,0.92297,0.07703,yes,1
boolq-validation-03092,lcca,42,a,yes,0.996876,0.003124,yes,1
boolq-validation-03092,lcca,42,b,yes,0.732974,0.267026,no,0
boolq-validation-00600,lcca,42,o,yes,0.912436,0.087564,yes,1
boolq-validation-00600,lcca,42,a,yes,0.974337,0.025663,yes,1
boolq-validation-00600,lcca,42,b,no,0.020964,0.979036,no,1
boolq-validation-01497,lcca,42,o,yes,0.976669,0.023331,yes,1
boolq-validation-01497,lcca,42,a,yes,0.955651,0.044349,yes,1
boolq-validation-01497,lcca,42,b,yes,0.864539,0.135461,no,0
boolq-validation-00044,lcca,42,o,yes,0.954984,0.045016,yes,1
boolq-validation-00044,lcca,42,a,yes,0.978875,0.021125,yes,1
boolq-validation-00044,lcca,42,b,no,0.000985,0.999015,no,1
boolq-validation-01988,lcca,42,o,no,0.384912,0.615088,yes,0
boolq-validation-01988,lcca,42,a,yes,0.573678,0.426322,yes,1
boolq-validation-01988,lcca,42,b,no,0.003075,0.996925,no,1
boolq-validation-00332,lcca,42,o,yes,0.503906,0.496094,yes,1
boolq-validation-00332,lcca,42,a,yes,0.573678,0.426322,yes,1
boolq-validation-00332,lcca,42,b,no,0.433981,0.566019,no,1
boolq-validation-01860,lcca,42,o,yes,0.700895,0.299105,yes,1
boolq-validation-01860,lcca,42,a,yes,0.93744,0.06256,yes,1
boolq-validation-01860,lcca,42,b,yes,0.801936,0.198064,no,0
boolq-validation-02881,lcca,42,o,yes,0.83868,0.16132,yes,1
boolq-validation-02881,lcca,42,a,yes,0.943348,0.056652,yes,1
boolq-validation-02881,lcca,42,b,no,0.023689,0.976311,no,1
boolq-validation-01300,lcca,42,o,no,0.3863,0.6137,yes,0
boolq-validation-01300,lcca,42,a,yes,0.996727,0.003273,yes,1
boolq-validation-01300,lcca,42,b,no,0.000883,0.999117,no,1
boolq-validation-00925,lcca,42,o,no,0.00822,0.99178,no,1
boolq-validation-00925,lcca,42,a,no,0.039862,0.960138,no,1
boolq-validation-00925,lcca,42,b,no,0.373876,0.626124,yes,0
boolq-validation-01960,lcca,42,o,yes,0.927232,0.072768,yes,1
boolq-validation-01960,lcca,42,a,yes,0.927232,0.072768,yes,1
boolq-validation-01960,lcca,42,b,no,0.436862,0.563138,no,1
boolq-validation-00798,lcca,42,o,yes,0.977714,0.022286,yes,1
boolq-validation-00798,lcca,42,a,yes,0.980655,0.019345,yes,1
boolq-validation-00798,lcca,42,b,no,0.062331,0.937669,no,1
boolq-validation-02393,lcca,42,o,yes,0.832781,0.167219,yes,1
boolq-validation-02393,lcca,42,a,yes,0.972624,0.027376,yes,1
boolq-validation-02393,lcca,42,b,no,0.057071,0.942929,no,1
boolq-validation-01262,lcca,42,o,yes,0.679179,0.320821,yes,1
boolq-validation-01262,lcca,42,a,yes,0.507812,0.492188,yes,1
boolq-validation-01262,lcca,42,b,no,0.287768,0.712232,no,1
boolq-validation-02286,lcca,42,o,yes,0.760295,0.239705,yes,1
boolq-validation-02286,lcca,42,a,yes,0.990551,0.009449,yes,1
boolq-validation-02286,lcca,42,b,no,0.001897,0.998103,no,1
boolq-validation-00469,lcca,42,o,yes,0.994043,0.005957,yes,1
boolq-validation-00469,lcca,42,a,yes,0.995635,0.004365,yes,1
boolq-validation-00469,lcca,42,b,no,0.430147,0.569853,no,1
boolq-validation-02118,lcca,42,o,yes,0.985384,0.014616,yes,1
boolq-validation-02118,lcca,42,a,yes,0.997261,0.002739,yes,1
boolq-validation-02118,lcca,42,b,no,0.156105,0.843895,no,1
boolq-validation-00134,lcca,42,o,no,0.065128,0.934872,no,1
boolq-validation-00134,lcca,42,a,no,0.086016,0.913984,no,1
boolq-validation-00134,lcca,42,b,yes,0.517571,0.482429,yes,1
boolq-validation-02874,lcca,42,o,no,0.0341,0.9659,yes,0
boolq-validation-02874,lcca,42,a,no,0.202443,0.797557,yes,0
boolq-validation-02874,lcca,42,b,no,0.056444,0.943556,no,1
boolq-validation-00364,lcca,42,o,yes,0.997677,0.002323,yes,1
boolq-validation-00364,lcca,42,a,yes,0.998935,0.001065,yes,1
boolq-validation-00364,lcca,42,b,yes,0.940134,0.059866,no,0
boolq-validation-01298,lcca,42,o,yes,0.741218,0.258782,yes,1
boolq-validation-01298,lcca,42,a,yes,0.853425,0.146575,yes,1
boolq-validation-01298,lcca,42,b,no,0.401688,0.598312,no,1
boolq-validation-02643,lcca,42,o,yes,0.723309,0.276691,no,0
boolq-validation-02643,lcca,42,a,no,0.188623,0.811377,no,1
boolq-validation-02643,lcca,42,b,yes,0.746878,0.253122,yes,1
boolq-validation-02003,lcca,42,o,yes,0.999743,0.000257,yes,1
boolq-validation-02003,lcca,42,a,yes,0.999739,0.000261,yes,1
boolq-validation-02003,lcca,42,b,no,0.030676,0.969324,no,1
boolq-validation-02344,lcca,42,o,yes,0.993537,0.006463,yes,1
boolq-validation-02344,lcca,42,a,yes,0.995618,0.004382,yes,1
boolq-validation-02344,lcca,42,b,no,0.055234,0.944766,no,1
boolq-validation-02064,lcca,42,o,yes,0.592667,0.407333,yes,1
boolq-validation-02064,lcca,42,a,yes,0.651355,0.348645,yes,1
boolq-validation-02064,lcca,42,b,yes,0.535098,0.464902,no,0
boolq-validation-01425,lcca,42,o,yes,0.899121,0.100879,yes,1
boolq-validation-01425,lcca,42,a,yes,0.995801,0.004199,yes,1
boolq-validation-01425,lcca,42,b,no,0.000843,0.999157,no,1
boolq-validation-03018,lcca,42,o,yes,0.84759,0.15241,yes,1
boolq-validation-03018,lcca,42,a,yes,0.904819,0.095181,yes,1
boolq-validation-03018,lcca,42,b,no,0.008511,0.991489,no,1
boolq-validation-01042,lcca,42,o,yes,0.870473,0.129527,no,0
boolq-validation-01042,lcca,42,a,yes,0.690559,0.309441,no,0
boolq-validation-01042,lcca,42,b,yes,0.541894,0.458106,yes,1
boolq-validation-00318,lcca,42,o,yes,0.791358,0.208642,yes,1
boolq-validation-00318,lcca,42,a,yes,0.846705,0.153295,yes,1
boolq-validation-00318,lcca,42,b,no,0.004007,0.995993,no,1
boolq-validation-01859,lcca,42,o,no,0.092688,0.907312,no,1
boolq-validation-01859,lcca,42,a,no,0.136148,0.863852,no,1
boolq-validation-01859,lcca,42,b,yes,0.521471,0.478529,yes,1
boolq-validation-01251,lcca,42,o,yes,0.982151,0.017849,yes,1
boolq-validation-01251,lcca,42,a,yes,0.991084,0.008916,yes,1
boolq-validation-01251,lcca,42,b,no,0.00483,0.99517,no,1
boolq-validation-00987,lcca,42,o,yes,0.953449,0.046551,yes,1
boolq-validation-00987,lcca,42,a,yes,0.978385,0.021615,yes,1
boolq-validation-00987,lcca,42,b,yes,0.86431,0.13569,no,0
boolq-validation-03157,lcca,42,o,yes,0.91611,0.08389,yes,1
boolq-validation-03157,lcca,42,a,yes,0.927888,0.072112,yes,1
boolq-validation-03157,lcca,42,b,no,0.157396,0.842604,no,1
boolq-validation-00113,lcca,42,o,yes,0.740174,0.259826,yes,1
boolq-validation-00113,lcca,42,a,yes,0.808067,0.191933,yes,1
boolq-validation-00113,lcca,42,b,no,0.03056,0.96944,no,1
boolq-validation-02167,lcca,42,o,no,0.213705,0.786295,no,1
boolq-validation-02167,lcca,42,a,no,0.132739,0.867261,no,1
boolq-validation-02167,lcca,42,b,yes,0.907967,0.092033,yes,1
boolq-validation-00211,lcca,42,o,no,0.358016,0.641984,no,1
boolq-validation-00211,lcca,42,a,no,0.258326,0.741674,no,1
boolq-validation-00211,lcca,42,b,yes,0.970909,0.029091,yes,1
boolq-validation-02429,lcca,42,o,yes,0.605799,0.394201,yes,1
boolq-validation-02429,lcca,42,a,yes,0.964789,0.035211,yes,1
boolq-validation-02429,lcca,42,b,no,0.307358,0.692642,no,1
boolq-validation-00680,lcca,42,o,yes,0.803174,0.196826,yes,1
boolq-validation-00680,lcca,42,a,yes,0.907967,0.092033,yes,1
boolq-validation-00680,lcca,42,b,no,0.158174,0.841826,no,1
boolq-validation-00693,lcca,42,o,yes,0.97024,0.02976,yes,1
boolq-validation-00693,lcca,42,a,yes,0.980729,0.019271,yes,1
boolq-validation-00693,lcca,42,b,yes,0.902266,0.097734,no,0
boolq-validation-01455,lcca,42,o,no,0.127653,0.872347,no,1
boolq-validation-01455,lcca,42,a,no,0.000269,0.999731,no,1
boolq-validation-01455,lcca,42,b,yes,0.9879,0.0121,yes,1
boolq-validation-00814,lcca,42,o,yes,0.991153,0.008847,yes,1
boolq-validation-00814,lcca,42,a,yes,0.998774,0.001226,yes,1
boolq-validation-00814,lcca,42,b,no,0.05647,0.94353,no,1
boolq-validation-01206,lcca,42,o,yes,0.942082,0.057918,yes,1
boolq-validation-01206,lcca,42,a,yes,0.959459,0.040541,yes,1
boolq-validation-01206,lcca,42,b,no,0.278846,0.721154,no,1
boolq-validation-01474,lcca,42,o,no,0.146087,0.853913,no,1
boolq-validation-01474,lcca,42,a,no,0.399812,0.600188,no,1
boolq-validation-01474,lcca,42,b,yes,0.849971,0.150029,yes,1
boolq-validation-00252,lcca,42,o,yes,0.91118,0.08882,yes,1
boolq-validation-00252,lcca,42,a,yes,0.99711,0.00289,yes,1
boolq-validation-00252,lcca,42,b,no,0.008847,0.991153,no,1
boolq-validation-01926,lcca,42,o,yes,0.964321,0.035679,yes,1
boolq-validation-01926,lcca,42,a,yes,0.985608,0.014392,yes,1
boolq-validation-01926,lcca,42,b,no,0.000253,0.999747,no,1
boolq-validation-00904,lcca,42,o,yes,0.944587,0.055413,yes,1
boolq-validation-00904,lcca,42,a,yes,0.936663,0.063337,yes,1
boolq-validation-00904,lcca,42,b,no,0.4206,0.5794,no,1
boolq-validation-01987,lcca,42,o,yes,0.52272,0.47728,yes,1
boolq-validation-01987,lcca,42,a,yes,0.897336,0.102664,yes,1
boolq-validation-01987,lcca,42,b,no,0.013637,0.986363,no,1
boolq-validation-00940,lcca,42,o,yes,0.865679,0.134321,yes,1
boolq-validation-00940,lcca,42,a,yes,0.882833,0.117167,yes,1
boolq-validation-00940,lcca,42,b,no,0.00629,0.99371,no,1
boolq-validation-00337,lcca,42,o,yes,0.965641,0.034359,yes,1
boolq-validation-00337,lcca,42,a,yes,0.954984,0.045016,yes,1
boolq-validation-00337,lcca,42,b,no,0.069795,0.930205,no,1
boolq-validation-01664,lcca,42,o,yes,0.695958,0.304042,yes,1
boolq-validation-01664,lcca,42,a,yes,0.763484,0.236516,yes,1
boolq-validation-01664,lcca,42,b,no,0.089773,0.910227,no,1
boolq-validation-02266,lcca,42,o,yes,0.89996,0.10004,yes,1
boolq-validation-02266,lcca,42,a,yes,0.710628,0.289372,yes,1
boolq-validation-02266,lcca,42,b,no,0.122839,0.877161,no,1
boolq-validation-00193,lcca,42,o,yes,0.936749,0.063251,yes,1
boolq-validation-00193,lcca,42,a,yes,0.994979,0.005021,yes,1
boolq-validation-00193,lcca,42,b,no,0.043732,0.956268,no,1
boolq-validation-00617,lcca,42,o,yes,0.928539,0.071461,yes,1
boolq-validation-00617,lcca,42,a,yes,0.966914,0.033086,yes,1
boolq-validation-00617,lcca,42,b,no,0.090735,0.909265,no,1
boolq-validation-00164,lcca,42,o,no,0.139396,0.860604,no,1
boolq-validation-00164,lcca,42,a,no,0.041852,0.958148,no,1
boolq-validation-00164,lcca,42,b,no,0.103024,0.896976,yes,0
boolq-validation-02954,lcca,42,o,yes,0.826712,0.173288,yes,1
boolq-validation-02954,lcca,42,a,yes,0.884439,0.115561,yes,1
boolq-validation-02954,lcca,42,b,no,0.082229,0.917771,no,1
boolq-validation-03136,lcca,42,o,yes,0.999489,0.000511,yes,1
boolq-validation-03136,lcca,42,a,yes,0.999208,0.000792,yes,1
boolq-validation-03136,lcca,42,b,no,0.008985,0.991015,no,1
boolq-validation-02053,lcca,42,o,yes,0.949763,0.050237,yes,1
boolq-validation-02053,lcca,42,a,yes,0.949106,0.050894,yes,1
boolq-validation-02053,lcca,42,b,yes,0.547706,0.452294,no,0
boolq-validation-02428,lcca,42,o,yes,0.938124,0.061876,yes,1
boolq-validation-02428,lcca,42,a,yes,0.951142,0.048858,yes,1
boolq-validation-02428,lcca,42,b,no,0.111241,0.888759,no,1
boolq-validation-02294,lcca,71,o,no,0.433981,0.566019,yes,0
boolq-validation-02294,lcca,71,a,yes,0.980581,0.019419,yes,1
boolq-validation-02294,lcca,71,b,no,0.004718,0.995282,no,1
boolq-validation-01329,lcca,71,o,yes,0.965964,0.034036,yes,1
boolq-validation-01329,lcca,71,a,yes,0.998339,0.001661,yes,1
boolq-validation-01329,lcca,71,b,no,0.002217,0.997783,no,1
boolq-validation-01998,lcca,71,o,yes,0.823328,0.176672,yes,1
boolq-validation-01998,lcca,71,a,yes,0.823328,0.176672,yes,1
boolq-validation-01998,lcca,71,b,no,0.029077,0.970923,no,1
boolq-validation-00214,lcca,71,o,no,0.032344,0.967656,no,1
boolq-validation-00214,lcca,71,a,no,0.032101,0.967899,no,1
boolq-validation-00214,lcca,71,b,no,0.071591,0.928409,yes,0
boolq-validation-00659,lcca,71,o,yes,0.983343,0.016657,yes,1
boolq-validation-00659,lcca,71,a,yes,0.786459,0.213541,yes,1
boolq-validation-00659,lcca,71,b,no,0.012147,0.987853,no,1
boolq-validation-02316,lcca,71,o,no,0.000511,0.999489,no,1
boolq-validation-02316,lcca,71,a,no,0.000346,0.999654,no,1
boolq-validation-02316,lcca,71,b,yes,0.954308,0.045692,yes,1
boolq-validation-01286,lcca,71,o,yes,0.543348,0.456652,yes,1
boolq-validation-01286,lcca,71,a,no,0.346652,0.653348,yes,0
boolq-validation-01286,lcca,71,b,no,0.010408,0.989592,no,1
boolq-validation-01800,lcca,71,o,yes,0.997285,0.002715,yes,1
boolq-validation-01800,lcca,71,a,yes,0.99764,0.00236,yes,1
boolq-validation-01800,lcca,71,b,no,0.003884,0.996116,no,1
boolq-validation-02605,lcca,71,o,no,0.386763,0.613237,yes,0
boolq-validation-02605,lcca,71,a,yes,0.900879,0.099121,yes,1
boolq-validation-02605,lcca,71,b,no,0.002673,0.997327,no,1
boolq-validation-01626,lcca,71,o,no,0.439747,0.560253,no,1
boolq-validation-01626,lcca,71,a,no,0.018833,0.981167,no,1
boolq-validation-01626,lcca,71,b,yes,0.939913,0.060087,yes,1
boolq-validation-03116,lcca,71,o,yes,0.943348,0.056652,yes,1
boolq-validation-03116,lcca,71,a,yes,0.979511,0.020489,yes,1
boolq-validation-03116,lcca,71,b,no,0.084342,0.915658,no,1
boolq-validation-01925,lcca,71,o,no,0.213705,0.786295,no,1
boolq-validation-01925,lcca,71,a,no,0.198064,0.801936,no,1
boolq-validation-01925,lcca,71,b,no,0.407451,0.592549,yes,0
boolq-validation-02300,lcca,71,o,no,0.16238,0.83762,no,1
boolq-validation-02300,lcca,71,a,no,0.120853,0.879147,no,1
boolq-validation-02300,lcca,71,b,no,0.467332,0.532668,yes,0
boolq-validation-00885,lcca,71,o,no,0.014392,0.985608,no,1
boolq-validation-00885,lcca,71,a,no,0.068537,0.931463,no,1
boolq-validation-00885,lcca,71,b,yes,0.817574,0.182426,yes,1
boolq-validation-02234,lcca,71,o,yes,0.99962,0.00038,yes,1
boolq-validation-02234,lcca,71,a,yes,0.999637,0.000363,yes,1
boolq-validation-02234,lcca,71,b,no,0.001001,0.998999,no,1
boolq-validation-00547,lcca,71,o,yes,0.954647,0.045353,yes,1
boolq-validation-00547,lcca,71,a,yes,0.96378,0.03622,yes,1
boolq-validation-00547,lcca,71,b,yes,0.684264,0.315736,no,0
boolq-validation-02292,lcca,71,o,yes,0.999899,0.000101,yes,1
boolq-validation-02292,lcca,71,a,yes,0.999923,7.7e-05,yes,1
boolq-validation-02292,lcca,71,b,no,0.014172,0.985828,no,1
boolq-validation-02594,lcca,71,o,no,0.000424,0.999576,no,1
boolq-validation-02594,lcca,71,a,no,0.000287,0.999713,no,1
boolq-validation-02594,lcca,71,b,no,0.002935,0.997065,yes,0
boolq-validation-01673,lcca,71,o,no,0.160266,0.839734,no,1
boolq-validation-01673,lcca,71,a,no,0.047426,0.952574,no,1
boolq-validation-01673,lcca,71,b,yes,0.983343,0.016657,yes,1
boolq-validation-02632,lcca,71,o,yes,0.99967,0.00033,yes,1
boolq-validation-02632,lcca,71,a,yes,0.999497,0.000503,yes,1
boolq-validation-02632,lcca,71,b,no,0.088347,0.911653,no,1
boolq-validation-02639,lcca,71,o,no,0.09739,0.90261,yes,0
boolq-validation-02639,lcca,71,a,no,0.107437,0.892563,yes,0
boolq-validation-02639,lcca,71,b,no,0.041774,0.958226,no,1
boolq-validation-01964,lcca,71,o,yes,0.962108,0.037892,yes,1
boolq-validation-01964,lcca,71,a,yes,0.996462,0.003538,yes,1
boolq-validation-01964,lcca,71,b,no,0.160003,0.839997,no,1
boolq-validation-03036,lcca,71,o,no,0.024284,0.975716,no,1
boolq-validation-03036,lcca,71,a,no,0.024145,0.975855,no,1
boolq-validation-03036,lcca,71,b,yes,0.827828,0.172172,yes,1
boolq-validation-03092,lcca,71,o,yes,0.827131,0.172869,yes,1
boolq-validation-03092,lcca,71,a,yes,0.977883,0.022117,yes,1
boolq-validation-03092,lcca,71,b,yes,0.867036,0.132964,no,0
boolq-validation-00600,lcca,71,o,yes,0.872347,0.127653,yes,1
boolq-validation-00600,lcca,71,a,yes,0.946883,0.053117,yes,1
boolq-validation-00600,lcca,71,b,no,0.034619,0.965381,no,1
boolq-validation-01497,lcca,71,o,yes,0.942718,0.057282,yes,1
boolq-validation-01497,lcca,71,a,yes,0.867036,0.132964,yes,1
boolq-validation-01497,lcca,71,b,yes,0.595022,0.404978,no,0
boolq-validation-00044,lcca,71,o,yes,0.942082,0.057918,yes,1
boolq-validation-00044,lcca,71,a,yes,0.954137,0.045863,yes,1
boolq-validation-00044,lcca,71,b,no,0.004468,0.995532,no,1
boolq-validation-01988,lcca,71,o,no,0.289372,0.710628,yes,0
boolq-validation-01988,lcca,71,a,yes,0.521471,0.478529,yes,1
boolq-validation-01988,lcca,71,b,no,0.012821,0.987179,no,1
boolq-validation-00332,lcca,71,o,yes,0.603932,0.396068,yes,1
boolq-validation-00332,lcca,71,a,yes,0.527317,0.472683,yes,1
boolq-validation-00332,lcca,71,b,no,0.373876,0.626124,no,1
boolq-validation-01860,lcca,71,o,yes,0.629775,0.370225,yes,1
boolq-validation-01860,lcca,71,a,yes,0.922482,0.077518,yes,1
boolq-validation-01860,lcca,71,b,yes,0.659295,0.340705,no,0
boolq-validation-02881,lcca,71,o,yes,0.811078,0.188922,yes,1
boolq-validation-02881,lcca,71,a,yes,0.945687,0.054313,yes,1
boolq-validation-02881,lcca,71,b,no,0.048047,0.951953,no,1
boolq-validation-01300,lcca,71,o,no,0.489259,0.510741,yes,0
boolq-validation-01300,lcca,71,a,yes,0.998654,0.001346,yes,1
boolq-validation-01300,lcca,71,b,no,0.006798,0.993202,no,1
boolq-validation-00925,lcca,71,o,no,0.020765,0.979235,no,1
boolq-validation-00925,lcca,71,a,no,0.027247,0.972753,no,1
boolq-validation-00925,lcca,71,b,no,0.486332,0.513668,yes,0
boolq-validation-01960,lcca,71,o,yes,0.952574,0.047426,yes,1
boolq-validation-01960,lcca,71,a,yes,0.952574,0.047426,yes,1
boolq-validation-01960,lcca,71,b,no,0.283781,0.716219,no,1
boolq-validation-00798,lcca,71,o,yes,0.966156,0.033844,yes,1
boolq-validation-00798,lcca,71,a,yes,0.947866,0.052134,yes,1
boolq-validation-00798,lcca,71,b,no,0.111628,0.888372,no,1
boolq-validation-02393,lcca,71,o,yes,0.817574,0.182426,yes,1
boolq-validation-02393,lcca,71,a,yes,0.963369,0.036631,yes,1
boolq-validation-02393,lcca,71,b,no,0.047074,0.952926,no,1
boolq-validation-01262,lcca,71,o,yes,0.665411,0.334589,yes,1
boolq-validation-01262,lcca,71,a,yes,0.527317,0.472683,yes,1
boolq-validation-01262,lcca,71,b,no,0.243642,0.756358,no,1
boolq-validation-02286,lcca,71,o,yes,0.808219,0.191781,yes,1
boolq-validation-02286,lcca,71,a,yes,0.982457,0.017543,yes,1
boolq-validation-02286,lcca,71,b,no,0.012911,0.987089,no,1
boolq-validation-00469,lcca,71,o,yes,0.995938,0.004062,yes,1
boolq-validation-00469,lcca,71,a,yes,0.99477,0.00523,yes,1
boolq-validation-00469,lcca,71,b,no,0.179243,0.820757,no,1
boolq-validation-02118,lcca,71,o,yes,0.981167,0.018833,yes,1
boolq-validation-02118,lcca,71,a,yes,0.997439,0.002561,yes,1
boolq-validation-02118,lcca,71,b,no,0.060975,0.939025,no,1
boolq-validation-00134,lcca,71,o,no,0.062789,0.937211,no,1
boolq-validation-00134,lcca,71,a,no,0.096706,0.903294,no,1
boolq-validation-00134,lcca,71,b,yes,0.546738,0.453262,yes,1
boolq-validation-02874,lcca,71,o,no,0.066812,0.933188,yes,0
boolq-validation-02874,lcca,71,a,no,0.270673,0.729327,yes,0
boolq-validation-02874,lcca,71,b,no,0.131173,0.868827,no,1
boolq-validation-00364,lcca,71,o,yes,0.999809,0.000191,yes,1
boolq-validation-00364,lcca,71,a,yes,0.999718,0.000282,yes,1
boolq-validation-00364,lcca,71,b,yes,0.845241,0.154759,no,0
boolq-validation-01298,lcca,71,o,yes,0.817574,0.182426,yes,1
boolq-validation-01298,lcca,71,a,yes,0.938576,0.061424,yes,1
boolq-validation-01298,lcca,71,b,no,0.418697,0.581303,no,1
boolq-validation-02643,lcca,71,o,yes,0.600188,0.399812,no,0
boolq-validation-02643,lcca,71,a,no,0.23092,0.76908,no,1
boolq-validation-02643,lcca,71,b,yes,0.639736,0.360264,yes,1
boolq-validation-02003,lcca,71,o,yes,0.999722,0.000278,yes,1
boolq-validation-02003,lcca,71,a,yes,0.999862,0.000138,yes,1
boolq-validation-02003,lcca,71,b,no,0.014172,0.985828,no,1
boolq-validation-02344,lcca,71,o,yes,0.994488,0.005512,yes,1
boolq-validation-02344,lcca,71,a,yes,0.996925,0.003075,yes,1
boolq-validation-02344,lcca,71,b,no,0.060752,0.939248,no,1
boolq-validation-02064,lcca,71,o,yes,0.611382,0.388618,yes,1
boolq-validation-02064,lcca,71,a,yes,0.671471,0.328529,yes,1
boolq-validation-02064,lcca,71,b,yes,0.550607,0.449393,no,0
boolq-validation-01425,lcca,71,o,yes,0.957912,0.042088,yes,1
boolq-validation-01425,lcca,71,a,yes,0.990064,0.009936,yes,1
boolq-validation-01425,lcca,71,b,no,0.00461,0.99539,no,1
boolq-validation-03018,lcca,71,o,yes,0.843122,0.156878,yes,1
boolq-validation-03018,lcca,71,a,yes,0.889912,0.110088,yes,1
boolq-validation-03018,lcca,71,b,no,0.010014,0.989986,no,1
boolq-validation-01042,lcca,71,o,yes,0.800283,0.199717,no,0
boolq-validation-01042,lcca,71,a,yes,0.63477,0.36523,no,0
boolq-validation-01042,lcca,71,b,no,0.462473,0.537527,yes,0
boolq-validation-00318,lcca,71,o,yes,0.835148,0.164852,yes,1
boolq-validation-00318,lcca,71,a,yes,0.770465,0.229535,yes,1
boolq-validation-00318,lcca,71,b,no,0.137532,0.862468,no,1
boolq-validation-01859,lcca,71,o,no,0.127272,0.872728,no,1
boolq-validation-01859,lcca,71,a,no,0.18374,0.81626,no,1
boolq-validation-01859,lcca,71,b,no,0.453262,0.546738,yes,0
boolq-validation-01251,lcca,71,o,yes,0.977714,0.022286,yes,1
boolq-validation-01251,lcca,71,a,yes,0.982955,0.017045,yes,1
boolq-validation-01251,lcca,71,b,no,0.013121,0.986879,no,1
boolq-validation-00987,lcca,71,o,yes,0.964321,0.035679,yes,1
boolq-validation-00987,lcca,71,a,yes,0.983847,0.016153,yes,1
boolq-validation-00987,lcca,71,b,yes,0.802556,0.197444,no,0
boolq-validation-03157,lcca,71,o,yes,0.834407,0.165593,yes,1
boolq-validation-03157,lcca,71,a,yes,0.862468,0.137532,yes,1
boolq-validation-03157,lcca,71,b,no,0.158174,0.841826,no,1
boolq-validation-00113,lcca,71,o,yes,0.931463,0.068537,yes,1
boolq-validation-00113,lcca,71,a,yes,0.921922,0.078078,yes,1
boolq-validation-00113,lcca,71,b,no,0.034619,0.965381,no,1
boolq-validation-02167,lcca,71,o,no,0.210117,0.789883,no,1
boolq-validation-02167,lcca,71,a,no,0.13707,0.86293,no,1
boolq-validation-02167,lcca,71,b,yes,0.937897,0.062103,yes,1
boolq-validation-00211,lcca,71,o,no,0.294621,0.705379,no,1
boolq-validation-00211,lcca,71,a,no,0.192691,0.807309,no,1
boolq-validation-00211,lcca,71,b,yes,0.959762,0.040238,yes,1
boolq-validation-02429,lcca,71,o,yes,0.51562,0.48438,yes,1
boolq-validation-02429,lcca,71,a,yes,0.96741,0.03259,yes,1
boolq-validation-02429,lcca,71,b,no,0.13569,0.86431,no,1
boolq-validation-00680,lcca,71,o,yes,0.722723,0.277277,yes,1
boolq-validation-00680,lcca,71,a,yes,0.969613,0.030387,yes,1
boolq-validation-00680,lcca,71,b,no,0.095349,0.904651,no,1
boolq-validation-00693,lcca,71,o,yes,0.985271,0.014729,yes,1
boolq-validation-00693,lcca,71,a,yes,0.986468,0.013532,yes,1
boolq-validation-00693,lcca,71,b,yes,0.827828,0.172172,no,0
boolq-validation-01455,lcca,71,o,no,0.108189,0.891811,no,1
boolq-validation-01455,lcca,71,a,no,0.003538,0.996462,no,1
boolq-validation-01455,lcca,71,b,yes,0.986258,0.013742,yes,1
boolq-validation-00814,lcca,71,o,yes,0.986675,0.013325,yes,1
boolq-validation-00814,lcca,71,a,yes,0.997857,0.002143,yes,1
boolq-validation-00814,lcca,71,b,no,0.07627,0.92373,no,1
boolq-validation-01206,lcca,71,o,yes,0.972204,0.027796,yes,1
boolq-validation-01206,lcca,71,a,yes,0.989511,0.010489,yes,1
boolq-validation-01206,lcca,71,b,no,0.36139,0.63861,no,1
boolq-validation-01474,lcca,71,o,no,0.320821,0.679179,no,1
boolq-validation-01474,lcca,71,a,no,0.399812,0.600188,no,1
boolq-validation-01474,lcca,71,b,yes,0.908618,0.091382,yes,1
boolq-validation-00252,lcca,71,o,yes,0.874935,0.125065,yes,1
boolq-validation-00252,lcca,71,a,yes,0.998716,0.001284,yes,1
boolq-validation-00252,lcca,71,b,no,0.04725,0.95275,no,1
boolq-validation-01926,lcca,71,o,yes,0.9462,0.0538,yes,1
boolq-validation-01926,lcca,71,a,yes,0.972831,0.027169,yes,1
boolq-validation-01926,lcca,71,b,no,0.004468,0.995532,no,1
boolq-validation-00904,lcca,71,o,yes,0.956309,0.043691,yes,1
boolq-validation-00904,lcca,71,a,yes,0.950778,0.049222,yes,1
boolq-validation-00904,lcca,71,b,no,0.457137,0.542863,no,1
boolq-validation-01987,lcca,71,o,no,0.457137,0.542863,yes,0
boolq-validation-01987,lcca,71,a,yes,0.973241,0.026759,yes,1
boolq-validation-01987,lcca,71,b,no,0.016657,0.983343,no,1
boolq-validation-00940,lcca,71,o,yes,0.889912,0.110088,yes,1
boolq-validation-00940,lcca,71,a,yes,0.881615,0.118385,yes,1
boolq-validation-00940,lcca,71,b,no,0.006488,0.993512,no,1
boolq-validation-00337,lcca,71,o,yes,0.945601,0.054399,yes,1
boolq-validation-00337,lcca,71,a,yes,0.933431,0.066569,yes,1
boolq-validation-00337,lcca,71,b,no,0.039639,0.960361,no,1
boolq-validation-01664,lcca,71,o,yes,0.746139,0.253861,yes,1
boolq-validation-01664,lcca,71,a,yes,0.854885,0.145115,yes,1
boolq-validation-01664,lcca,71,b,no,0.112795,0.887205,no,1
boolq-validation-02266,lcca,71,o,yes,0.894789,0.105211,yes,1
boolq-validation-02266,lcca,71,a,yes,0.540924,0.459076,yes,1
boolq-validation-02266,lcca,71,b,no,0.086942,0.913058,no,1
boolq-validation-00193,lcca,71,o,yes,0.871037,0.128963,yes,1
boolq-validation-00193,lcca,71,a,yes,0.993756,0.006244,yes,1
boolq-validation-00193,lcca,71,b,no,0.053403,0.946597,no,1
boolq-validation-00617,lcca,71,o,yes,0.900705,0.099295,yes,1
boolq-validation-00617,lcca,71,a,yes,0.951684,0.048316,yes,1
boolq-validation-00617,lcca,71,b,no,0.106691,0.893309,no,1
boolq-validation-00164,lcca,71,o,no,0.115162,0.884838,no,1
boolq-validation-00164,lcca,71,a,no,0.050518,0.949482,no,1
boolq-validation-00164,lcca,71,b,no,0.109706,0.890294,yes,0
boolq-validation-02954,lcca,71,o,yes,0.836413,0.163587,yes,1
boolq-validation-02954,lcca,71,a,yes,0.885533,0.114467,yes,1
boolq-validation-02954,lcca,71,b,no,0.125923,0.874077,no,1
boolq-validation-03136,lcca,71,o,yes,0.999531,0.000469,yes,1
boolq-validation-03136,lcca,71,a,yes,0.999818,0.000182,yes,1
boolq-validation-03136,lcca,71,b,no,0.086632,0.913368,no,1
boolq-validation-02053,lcca,71,o,yes,0.930205,0.069795,yes,1
boolq-validation-02053,lcca,71,a,yes,0.970127,0.029873,yes,1
boolq-validation-02053,lcca,71,b,no,0.302391,0.697609,no,1
boolq-validation-02428,lcca,71,o,yes,0.988842,0.011158,yes,1
boolq-validation-02428,lcca,71,a,yes,0.990732,0.009268,yes,1
boolq-validation-02428,lcca,71,b,no,0.112795,0.887205,no,1
boolq-validation-02294,mlp,13,o,no,0.321061,0.678939,yes,0
boolq-validation-02294,mlp,13,a,yes,0.761716,0.238284,yes,1
boolq-validation-02294,mlp,13,b,no,0.242206,0.757794,no,1
boolq-validation-01329,mlp,13,o,yes,0.529263,0.470737,yes,1
boolq-validation-01329,mlp,13,a,yes,0.627951,0.372049,yes,1
boolq-validation-01329,mlp,13,b,no,0.294215,0.705785,no,1
boolq-validation-01998,mlp,13,o,yes,0.623492,0.376508,yes,1
boolq-validation-01998,mlp,13,a,yes,0.623492,0.376508,yes,1
boolq-validation-01998,mlp,13,b,no,0.253861,0.746139,no,1
boolq-validation-00214,mlp,13,o,no,0.102305,0.897695,no,1
boolq-validation-00214,mlp,13,a,no,0.07921,0.92079,no,1
boolq-validation-00214,mlp,13,b,no,0.160266,0.839734,yes,0
boolq-validation-00659,mlp,13,o,yes,0.990874,0.009126,yes,1
boolq-validation-00659,mlp,13,a,yes,0.882428,0.117572,yes,1
boolq-validation-00659,mlp,13,b,no,0.05921,0.94079,no,1
boolq-validation-02316,mlp,13,o,no,0.030215,0.969785,no,1
boolq-validation-02316,mlp,13,a,no,0.008544,0.991456,no,1
boolq-validation-02316,mlp,13,b,yes,0.899121,0.100879,yes,1
boolq-validation-01286,mlp,13,o,yes,0.592667,0.407333,yes,1
boolq-validation-01286,mlp,13,a,no,0.492188,0.507812,yes,0
boolq-validation-01286,mlp,13,b,no,0.268941,0.731059,no,1
boolq-validation-01800,mlp,13,o,yes,0.953449,0.046551,yes,1
boolq-validation-01800,mlp,13,a,yes,0.900879,0.099121,yes,1
boolq-validation-01800,mlp,13,b,yes,0.67104,0.32896,no,0
boolq-validation-02605,mlp,13,o,no,0.473657,0.526343,yes,0
boolq-validation-02605,mlp,13,a,yes,0.901921,0.098079,yes,1
boolq-validation-02605,mlp,13,b,no,0.091382,0.908618,no,1
boolq-validation-01626,mlp,13,o,no,0.437823,0.562177,no,1
boolq-validation-01626,mlp,13,a,no,0.355551,0.644449,no,1
boolq-validation-01626,mlp,13,b,no,0.4917,0.5083,yes,0
boolq-validation-03116,mlp,13,o,yes,0.626124,0.373876,yes,1
boolq-validation-03116,mlp,13,a,yes,0.569853,0.430147,yes,1
boolq-validation-03116,mlp,13,b,no,0.201813,0.798187,no,1
boolq-validation-01925,mlp,13,o,no,0.48438,0.51562,no,1
boolq-validation-01925,mlp,13,a,no,0.44553,0.55447,no,1
boolq-validation-01925,mlp,13,b,yes,0.52342,0.47658,yes,1
boolq-validation-02300,mlp,13,o,yes,0.546738,0.453262,no,0
boolq-validation-02300,mlp,13,a,no,0.492188,0.507812,no,1
boolq-validation-02300,mlp,13,b,yes,0.52342,0.47658,yes,1
boolq-validation-00885,mlp,13,o,no,0.403567,0.596433,no,1
boolq-validation-00885,mlp,13,a,no,0.441673,0.558327,no,1
boolq-validation-00885,mlp,13,b,yes,0.550607,0.449393,yes,1
boolq-validation-02234,mlp,13,o,yes,0.909907,0.090093,yes,1
boolq-validation-02234,mlp,13,a,yes,0.770465,0.229535,yes,1
boolq-validation-02234,mlp,13,b,no,0.165189,0.834811,no,1
boolq-validation-00547,mlp,13,o,yes,0.61231,0.38769,yes,1
boolq-validation-00547,mlp,13,a,yes,0.609524,0.390476,yes,1
boolq-validation-00547,mlp,13,b,no,0.490236,0.509764,no,1
boolq-validation-02292,mlp,13,o,yes,0.853913,0.146087,yes,1
boolq-validation-02292,mlp,13,a,yes,0.867934,0.132066,yes,1
boolq-validation-02292,mlp,13,b,no,0.247987,0.752013,no,1
boolq-validation-02594,mlp,13,o,no,0.166675,0.833325,no,1
boolq-validation-02594,mlp,13,a,no,0.030444,0.969556,no,1
boolq-validation-02594,mlp,13,b,no,0.13569,0.86431,yes,0
boolq-validation-01673,mlp,13,o,no,0.407333,0.592667,no,1
boolq-validation-01673,mlp,13,a,no,0.255344,0.744656,no,1
boolq-validation-01673,mlp,13,b,yes,0.651355,0.348645,yes,1
boolq-validation-02632,mlp,13,o,yes,0.818737,0.181263,yes,1
boolq-validation-02632,mlp,13,a,yes,0.859664,0.140336,yes,1
boolq-validation-02632,mlp,13,b,no,0.373876,0.626124,no,1
boolq-validation-02639,mlp,13,o,no,0.287768,0.712232,yes,0
boolq-validation-02639,mlp,13,a,no,0.294215,0.705785,yes,0
boolq-validation-02639,mlp,13,b,no,0.100879,0.899121,no,1
boolq-validation-01964,mlp,13,o,no,0.451327,0.548673,yes,0
boolq-validation-01964,mlp,13,a,yes,0.537405,0.462595,yes,1
boolq-validation-01964,mlp,13,b,no,0.364778,0.635222,no,1
boolq-validation-03036,mlp,13,o,no,0.370681,0.629319,no,1
boolq-validation-03036,mlp,13,a,no,0.416559,0.583441,no,1
boolq-validation-03036,mlp,13,b,yes,0.630344,0.369656,yes,1
boolq-validation-03092,mlp,13,o,yes,0.705785,0.294215,yes,1
boolq-validation-03092,mlp,13,a,yes,0.971618,0.028382,yes,1
boolq-validation-03092,mlp,13,b,yes,0.644225,0.355775,no,0
boolq-validation-00600,mlp,13,o,yes,0.588889,0.411111,yes,1
boolq-validation-00600,mlp,13,a,yes,0.658418,0.341582,yes,1
boolq-validation-00600,mlp,13,b,yes,0.531209,0.468791,no,0
boolq-validation-01497,mlp,13,o,yes,0.66888,0.33112,yes,1
boolq-validation-01497,mlp,13,a,yes,0.694303,0.305697,yes,1
boolq-validation-01497,mlp,13,b,yes,0.517571,0.482429,no,0
boolq-validation-00044,mlp,13,o,yes,0.827271,0.172729,yes,1
boolq-validation-00044,mlp,13,a,yes,0.861538,0.138462,yes,1
boolq-validation-00044,mlp,13,b,no,0.049222,0.950778,no,1
boolq-validation-01988,mlp,13,o,no,0.281406,0.718594,yes,0
boolq-validation-01988,mlp,13,a,yes,0.644225,0.355775,yes,1
boolq-validation-01988,mlp,13,b,no,0.017442,0.982558,no,1
boolq-validation-00332,mlp,13,o,no,0.480479,0.519521,yes,0
boolq-validation-00332,mlp,13,a,no,0.492188,0.507812,yes,0
boolq-validation-00332,mlp,13,b,no,0.457137,0.542863,no,1
boolq-validation-01860,mlp,13,o,yes,0.70253,0.29747,yes,1
boolq-validation-01860,mlp,13,a,yes,0.956104,0.043896,yes,1
boolq-validation-01860,mlp,13,b,yes,0.851953,0.148047,no,0
boolq-validation-02881,mlp,13,o,yes,0.640186,0.359814,yes,1
boolq-validation-02881,mlp,13,a,yes,0.780077,0.219923,yes,1
boolq-validation-02881,mlp,13,b,no,0.251832,0.748168,no,1
boolq-validation-01300,mlp,13,o,yes,0.531209,0.468791,yes,1
boolq-validation-01300,mlp,13,a,yes,0.938124,0.061876,yes,1
boolq-validation-01300,mlp,13,b,no,0.042722,0.957278,no,1
boolq-validation-00925,mlp,13,o,no,0.278257,0.721743,no,1
boolq-validation-00925,mlp,13,a,no,0.289372,0.710628,no,1
boolq-validation-00925,mlp,13,b,yes,0.622459,0.377541,yes,1
boolq-validation-01960,mlp,13,o,yes,0.640636,0.359364,yes,1
boolq-validation-01960,mlp,13,a,yes,0.640636,0.359364,yes,1
boolq-validation-01960,mlp,13,b,yes,0.555435,0.444565,no,0
boolq-validation-00798,mlp,13,o,yes,0.785309,0.214691,yes,1
boolq-validation-00798,mlp,13,a,yes,0.760651,0.239349,yes,1
boolq-validation-00798,mlp,13,b,no,0.441673,0.558327,no,1
boolq-validation-02393,mlp,13,o,yes,0.541409,0.458591,yes,1
boolq-validation-02393,mlp,13,a,yes,0.798187,0.201813,yes,1
boolq-validation-02393,mlp,13,b,no,0.177811,0.822189,no,1
boolq-validation-01262,mlp,13,o,yes,0.538983,0.461017,yes,1
boolq-validation-01262,mlp,13,a,yes,0.531209,0.468791,yes,1
boolq-validation-01262,mlp,13,b,no,0.310694,0.689306,no,1
boolq-validation-02286,mlp,13,o,yes,0.511717,0.488283,yes,1
boolq-validation-02286,mlp,13,a,yes,0.855851,0.144149,yes,1
boolq-validation-02286,mlp,13,b,no,0.125923,0.874077,no,1
boolq-validation-00469,mlp,13,o,yes,0.858719,0.141281,yes,1
boolq-validation-00469,mlp,13,a,yes,0.787605,0.212395,yes,1
boolq-validation-00469,mlp,13,b,no,0.4436,0.5564,no,1
boolq-validation-02118,mlp,13,o,yes,0.998901,0.001099,yes,1
boolq-validation-02118,mlp,13,a,yes,0.99967,0.00033,yes,1
boolq-validation-02118,mlp,13,b,yes,0.531209,0.468791,no,0
boolq-validation-00134,mlp,13,o,no,0.44553,0.55447,no,1
boolq-validation-00134,mlp,13,a,no,0.348645,0.651355,no,1
boolq-validation-00134,mlp,13,b,no,0.457137,0.542863,yes,0
boolq-validation-02874,mlp,13,o,no,0.439747,0.560253,yes,0
boolq-validation-02874,mlp,13,a,no,0.468791,0.531209,yes,0
boolq-validation-02874,mlp,13,b,no,0.435902,0.564098,no,1
boolq-validation-00364,mlp,13,o,yes,0.993512,0.006488,yes,1
boolq-validation-00364,mlp,13,a,yes,0.996876,0.003124,yes,1
boolq-validation-00364,mlp,13,b,yes,0.592667,0.407333,no,0
boolq-validation-01298,mlp,13,o,yes,0.700895,0.299105,yes,1
boolq-validation-01298,mlp,13,a,yes,0.878419,0.121581,yes,1
boolq-validation-01298,mlp,13,b,yes,0.507812,0.492188,no,0
boolq-validation-02643,mlp,13,o,yes,0.596433,0.403567,no,0
boolq-validation-02643,mlp,13,a,no,0.256273,0.743727,no,1
boolq-validation-02643,mlp,13,b,yes,0.651355,0.348645,yes,1
boolq-validation-02003,mlp,13,o,yes,0.999977,2.3e-05,yes,1
boolq-validation-02003,mlp,13,a,yes,0.999999,1e-06,yes,1
boolq-validation-02003,mlp,13,b,no,0.014504,0.985496,no,1
boolq-validation-02344,mlp,13,o,yes,0.932453,0.067547,yes,1
boolq-validation-02344,mlp,13,a,yes,0.966914,0.033086,yes,1
boolq-validation-02344,mlp,13,b,no,0.031144,0.968856,no,1
boolq-validation-02064,mlp,13,o,yes,0.546738,0.453262,yes,1
boolq-validation-02064,mlp,13,a,yes,0.55447,0.44553,yes,1
boolq-validation-02064,mlp,13,b,yes,0.625209,0.374791,no,0
boolq-validation-01425,mlp,13,o,yes,0.909265,0.090735,yes,1
boolq-validation-01425,mlp,13,a,yes,0.952574,0.047426,yes,1
boolq-validation-01425,mlp,13,b,no,0.030444,0.969556,no,1
boolq-validation-03018,mlp,13,o,yes,0.946597,0.053403,yes,1
boolq-validation-03018,mlp,13,a,yes,0.979354,0.020646,yes,1
boolq-validation-03018,mlp,13,b,no,0.000459,0.999541,no,1
boolq-validation-01042,mlp,13,o,yes,0.705785,0.294215,no,0
boolq-validation-01042,mlp,13,a,yes,0.72487,0.27513,no,0
boolq-validation-01042,mlp,13,b,yes,0.718594,0.281406,yes,1
boolq-validation-00318,mlp,13,o,yes,0.68763,0.31237,yes,1
boolq-validation-00318,mlp,13,a,yes,0.771843,0.228157,yes,1
boolq-validation-00318,mlp,13,b,no,0.164516,0.835484,no,1
boolq-validation-01859,mlp,13,o,no,0.470737,0.529263,no,1
boolq-validation-01859,mlp,13,a,no,0.461017,0.538983,no,1
boolq-validation-01859,mlp,13,b,yes,0.548673,0.451327,yes,1
boolq-validation-01251,mlp,13,o,yes,0.953966,0.046034,yes,1
boolq-validation-01251,mlp,13,a,yes,0.972415,0.027585,yes,1
boolq-validation-01251,mlp,13,b,no,0.005281,0.994719,no,1
boolq-validation-00987,mlp,13,o,yes,0.73412,0.26588,yes,1
boolq-validation-00987,mlp,13,a,yes,0.695958,0.304042,yes,1
boolq-validation-00987,mlp,13,b,yes,0.535098,0.464902,no,0
boolq-validation-03157,mlp,13,o,yes,0.669961,0.330039,yes,1
boolq-validation-03157,mlp,13,a,yes,0.673621,0.326379,yes,1
boolq-validation-03157,mlp,13,b,no,0.440469,0.559531,no,1
boolq-validation-00113,mlp,13,o,yes,0.5794,0.4206,yes,1
boolq-validation-00113,mlp,13,a,yes,0.5564,0.4436,yes,1
boolq-validation-00113,mlp,13,b,no,0.295433,0.704567,no,1
boolq-validation-02167,mlp,13,o,no,0.478529,0.521471,no,1
boolq-validation-02167,mlp,13,a,no,0.464902,0.535098,no,1
boolq-validation-02167,mlp,13,b,yes,0.785309,0.214691,yes,1
boolq-validation-00211,mlp,13,o,no,0.480479,0.519521,no,1
boolq-validation-00211,mlp,13,a,no,0.435902,0.564098,no,1
boolq-validation-00211,mlp,13,b,yes,0.806853,0.193147,yes,1
boolq-validation-02429,mlp,13,o,no,0.488283,0.511717,yes,0
boolq-validation-02429,mlp,13,a,yes,0.899121,0.100879,yes,1
boolq-validation-02429,mlp,13,b,no,0.206894,0.793106,no,1
boolq-validation-00680,mlp,13,o,yes,0.503906,0.496094,yes,1
boolq-validation-00680,mlp,13,a,yes,0.50952,0.49048,yes,1
boolq-validation-00680,mlp,13,b,no,0.399812,0.600188,no,1
boolq-validation-00693,mlp,13,o,yes,0.955817,0.044183,yes,1
boolq-validation-00693,mlp,13,a,yes,0.948917,0.051083,yes,1
boolq-validation-00693,mlp,13,b,yes,0.803174,0.196826,no,0
boolq-validation-01455,mlp,13,o,no,0.327668,0.672332,no,1
boolq-validation-01455,mlp,13,a,no,0.006388,0.993612,no,1
boolq-validation-01455,mlp,13,b,yes,0.997155,0.002845,yes,1
boolq-validation-00814,mlp,13,o,yes,0.765856,0.234144,yes,1
boolq-validation-00814,mlp,13,a,yes,0.956309,0.043691,yes,1
boolq-validation-00814,mlp,13,b,no,0.176104,0.823896,no,1
boolq-validation-01206,mlp,13,o,yes,0.990064,0.009936,yes,1
boolq-validation-01206,mlp,13,a,yes,0.992654,0.007346,yes,1
boolq-validation-01206,mlp,13,b,yes,0.651355,0.348645,no,0
boolq-validation-01474,mlp,13,o,yes,0.61878,0.38122,no,0
boolq-validation-01474,mlp,13,a,yes,0.546738,0.453262,no,0
boolq-validation-01474,mlp,13,b,yes,0.737158,0.262842,yes,1
boolq-validation-00252,mlp,13,o,yes,0.535098,0.464902,yes,1
boolq-validation-00252,mlp,13,a,yes,0.672332,0.327668,yes,1
boolq-validation-00252,mlp,13,b,no,0.36659,0.63341,no,1
boolq-validation-01926,mlp,13,o,yes,0.581303,0.418697,yes,1
boolq-validation-01926,mlp,13,a,yes,0.738669,0.261331,yes,1
boolq-validation-01926,mlp,13,b,no,0.029312,0.970688,no,1
boolq-validation-00904,mlp,13,o,yes,0.577495,0.422505,yes,1
boolq-validation-00904,mlp,13,a,yes,0.562177,0.437823,yes,1
boolq-validation-00904,mlp,13,b,no,0.488283,0.511717,no,1
boolq-validation-01987,mlp,13,o,yes,0.639736,0.360264,yes,1
boolq-validation-01987,mlp,13,a,yes,0.884539,0.115461,yes,1
boolq-validation-01987,mlp,13,b,no,0.221351,0.778649,no,1
boolq-validation-00940,mlp,13,o,yes,0.569853,0.430147,yes,1
boolq-validation-00940,mlp,13,a,yes,0.585101,0.414899,yes,1
boolq-validation-00940,mlp,13,b,no,0.431105,0.568895,no,1
boolq-validation-00337,mlp,13,o,yes,0.760651,0.239349,yes,1
boolq-validation-00337,mlp,13,a,yes,0.824462,0.175538,yes,1
boolq-validation-00337,mlp,13,b,no,0.027325,0.972675,no,1
boolq-validation-01664,mlp,13,o,yes,0.656658,0.343342,yes,1
boolq-validation-01664,mlp,13,a,yes,0.642432,0.357568,yes,1
boolq-validation-01664,mlp,13,b,no,0.341582,0.658418,no,1
boolq-validation-02266,mlp,13,o,yes,0.592667,0.407333,yes,1
boolq-validation-02266,mlp,13,a,yes,0.531209,0.468791,yes,1
boolq-validation-02266,mlp,13,b,yes,0.52342,0.47658,no,0
boolq-validation-00193,mlp,13,o,yes,0.51562,0.48438,yes,1
boolq-validation-00193,mlp,13,a,yes,0.637031,0.362969,yes,1
boolq-validation-00193,mlp,13,b,no,0.189521,0.810479,no,1
boolq-validation-00617,mlp,13,o,yes,0.644225,0.355775,yes,1
boolq-validation-00617,mlp,13,a,yes,0.743168,0.256832,yes,1
boolq-validation-00617,mlp,13,b,no,0.327668,0.672332,no,1
boolq-validation-00164,mlp,13,o,no,0.359364,0.640636,no,1
boolq-validation-00164,mlp,13,a,no,0.194368,0.805632,no,1
boolq-validation-00164,mlp,13,b,no,0.399812,0.600188,yes,0
boolq-validation-02954,mlp,13,o,yes,0.573678,0.426322,yes,1
boolq-validation-02954,mlp,13,a,yes,0.600657,0.399343,yes,1
boolq-validation-02954,mlp,13,b,yes,0.512693,0.487307,no,0
boolq-validation-03136,mlp,13,o,yes,0.999851,0.000149,yes,1
boolq-validation-03136,mlp,13,a,yes,0.999777,0.000223,yes,1
boolq-validation-03136,mlp,13,b,no,0.001648,0.998352,no,1
boolq-validation-02053,mlp,13,o,yes,0.624294,0.375706,yes,1
boolq-validation-02053,mlp,13,a,yes,0.91848,0.08152,yes,1
boolq-validation-02053,mlp,13,b,no,0.169956,0.830044,no,1
boolq-validation-02428,mlp,13,o,yes,0.682574,0.317426,yes,1
boolq-validation-02428,mlp,13,a,yes,0.672332,0.327668,yes,1
boolq-validation-02428,mlp,13,b,no,0.44071,0.55929,no,1
boolq-validation-02294,mlp,42,o,no,0.323808,0.676192,yes,0
boolq-validation-02294,mlp,42,a,yes,0.750918,0.249082,yes,1
boolq-validation-02294,mlp,42,b,no,0.253122,0.746878,no,1
boolq-validation-01329,mlp,42,o,yes,0.517571,0.482429,yes,1
boolq-validation-01329,mlp,42,a,yes,0.614163,0.385837,yes,1
boolq-validation-01329,mlp,42,b,no,0.306527,0.693473,no,1
boolq-validation-01998,mlp,42,o,yes,0.616936,0.383064,yes,1
boolq-validation-01998,mlp,42,a,yes,0.616936,0.383064,yes,1
boolq-validation-01998,mlp,42,b,no,0.262842,0.737158,no,1
boolq-validation-00214,mlp,42,o,no,0.112795,0.887205,no,1
boolq-validation-00214,mlp,42,a,no,0.08882,0.91118,no,1
boolq-validation-00214,mlp,42,b,no,0.182426,0.817574,yes,0
boolq-validation-00659,mlp,42,o,yes,0.988842,0.011158,yes,1
boolq-validation-00659,mlp,42,a,yes,0.877477,0.122523,yes,1
boolq-validation-00659,mlp,42,b,no,0.068537,0.931463,no,1
boolq-validation-02316,mlp,42,o,no,0.035145,0.964855,no,1
boolq-validation-02316,mlp,42,a,no,0.010881,0.989119,no,1
boolq-validation-02316,mlp,42,b,yes,0.887205,0.112795,yes,1
boolq-validation-01286,mlp,42,o,yes,0.588889,0.411111,yes,1
boolq-validation-01286,mlp,42,a,no,0.492188,0.507812,yes,0
boolq-validation-01286,mlp,42,b,no,0.278257,0.721743,no,1
boolq-validation-01800,mlp,42,o,yes,0.950227,0.049773,yes,1
boolq-validation-01800,mlp,42,a,yes,0.895705,0.104295,yes,1
boolq-validation-01800,mlp,42,b,yes,0.678753,0.321247,no,0
boolq-validation-02605,mlp,42,o,no,0.472683,0.527317,yes,0
boolq-validation-02605,mlp,42,a,yes,0.891811,0.108189,yes,1
boolq-validation-02605,mlp,42,b,no,0.103749,0.896251,no,1
boolq-validation-01626,mlp,42,o,no,0.439266,0.560734,no,1
boolq-validation-01626,mlp,42,a,no,0.364778,0.635222,no,1
boolq-validation-01626,mlp,42,b,no,0.4917,0.5083,yes,0
boolq-validation-03116,mlp,42,o,yes,0.615088,0.384912,yes,1
boolq-validation-03116,mlp,42,a,yes,0.562177,0.437823,yes,1
boolq-validation-03116,mlp,42,b,no,0.217338,0.782662,no,1
boolq-validation-01925,mlp,42,o,no,0.48438,0.51562,no,1
boolq-validation-01925,mlp,42,a,no,0.449393,0.550607,no,1
boolq-validation-01925,mlp,42,b,yes,0.52342,0.47658,yes,1
boolq-validation-02300,mlp,42,o,yes,0.550607,0.449393,no,0
boolq-validation-02300,mlp,42,a,no,0.496094,0.503906,no,1
boolq-validation-02300,mlp,42,b,yes,0.521471,0.478529,yes,1
boolq-validation-00885,mlp,42,o,no,0.414899,0.585101,no,1
boolq-validation-00885,mlp,42,a,no,0.453262,0.546738,no,1
boolq-validation-00885,mlp,42,b,yes,0.538983,0.461017,yes,1
boolq-validation-02234,mlp,42,o,yes,0.894513,0.105487,yes,1
boolq-validation-02234,mlp,42,a,yes,0.749087,0.250913,yes,1
boolq-validation-02234,mlp,42,b,no,0.176104,0.823896,no,1
boolq-validation-00547,mlp,42,o,yes,0.599251,0.400749,yes,1
boolq-validation-00547,mlp,42,a,yes,0.592667,0.407333,yes,1
boolq-validation-00547,mlp,42,b,no,0.486332,0.513668,no,1
boolq-validation-02292,mlp,42,o,yes,0.839208,0.160792,yes,1
boolq-validation-02292,mlp,42,a,yes,0.856573,0.143427,yes,1
boolq-validation-02292,mlp,42,b,no,0.257952,0.742048,no,1
boolq-validation-02594,mlp,42,o,no,0.180107,0.819893,no,1
boolq-validation-02594,mlp,42,a,no,0.03622,0.96378,no,1
boolq-validation-02594,mlp,42,b,no,0.142232,0.857768,yes,0
boolq-validation-01673,mlp,42,o,no,0.408277,0.591723,no,1
boolq-validation-01673,mlp,42,a,no,0.264358,0.735642,no,1
boolq-validation-01673,mlp,42,b,yes,0.64512,0.35488,yes,1
boolq-validation-02632,mlp,42,o,yes,0.802556,0.197444,yes,1
boolq-validation-02632,mlp,42,a,yes,0.844281,0.155719,yes,1
boolq-validation-02632,mlp,42,b,no,0.379378,0.620622,no,1
boolq-validation-02639,mlp,42,o,no,0.314051,0.685949,yes,0
boolq-validation-02639,mlp,42,a,no,0.320821,0.679179,yes,0
boolq-validation-02639,mlp,42,b,no,0.106691,0.893309,no,1
boolq-validation-01964,mlp,42,o,no,0.456834,0.543166,yes,0
boolq-validation-01964,mlp,42,a,yes,0.53607,0.46393,yes,1
boolq-validation-01964,mlp,42,b,no,0.372962,0.627038,no,1
boolq-validation-03036,mlp,42,o,no,0.382833,0.617167,no,1
boolq-validation-03036,mlp,42,a,no,0.419648,0.580352,no,1
boolq-validation-03036,mlp,42,b,yes,0.616936,0.383064,yes,1
boolq-validation-03092,mlp,42,o,yes,0.692642,0.307358,yes,1
boolq-validation-03092,mlp,42,a,yes,0.966976,0.033024,yes,1
boolq-validation-03092,mlp,42,b,yes,0.637031,0.362969,no,0
boolq-validation-00600,mlp,42,o,yes,0.573678,0.426322,yes,1
boolq-validation-00600,mlp,42,a,yes,0.638835,0.361165,yes,1
boolq-validation-00600,mlp,42,b,yes,0.52342,0.47658,no,0
boolq-validation-01497,mlp,42,o,yes,0.654011,0.345989,yes,1
boolq-validation-01497,mlp,42,a,yes,0.684264,0.315736,yes,1
boolq-validation-01497,mlp,42,b,yes,0.519521,0.480479,no,0
boolq-validation-00044,mlp,42,o,yes,0.818737,0.181263,yes,1
boolq-validation-00044,mlp,42,a,yes,0.856812,0.143188,yes,1
boolq-validation-00044,mlp,42,b,no,0.058346,0.941654,no,1
boolq-validation-01988,mlp,42,o,no,0.300746,0.699254,yes,0
boolq-validation-01988,mlp,42,a,yes,0.637031,0.362969,yes,1
boolq-validation-01988,mlp,42,b,no,0.022977,0.977023,no,1
boolq-validation-00332,mlp,42,o,no,0.480479,0.519521,yes,0
boolq-validation-00332,mlp,42,a,no,0.496094,0.503906,yes,0
boolq-validation-00332,mlp,42,b,no,0.449393,0.550607,no,1
boolq-validation-01860,mlp,42,o,yes,0.682574,0.317426,yes,1
boolq-validation-01860,mlp,42,a,yes,0.947381,0.052619,yes,1
boolq-validation-01860,mlp,42,b,yes,0.839734,0.160266,no,0
boolq-validation-02881,mlp,42,o,yes,0.628863,0.371137,yes,1
boolq-validation-02881,mlp,42,a,yes,0.767341,0.232659,yes,1
boolq-validation-02881,mlp,42,b,no,0.266644,0.733356,no,1
boolq-validation-01300,mlp,42,o,yes,0.531209,0.468791,yes,1
boolq-validation-01300,mlp,42,a,yes,0.928409,0.071591,yes,1
boolq-validation-01300,mlp,42,b,no,0.050331,0.949669,no,1
boolq-validation-00925,mlp,42,o,no,0.287768,0.712232,no,1
boolq-validation-00925,mlp,42,a,no,0.300746,0.699254,no,1
boolq-validation-00925,mlp,42,b,yes,0.611382,0.388618,yes,1
boolq-validation-01960,mlp,42,o,yes,0.626124,0.373876,yes,1
boolq-validation-01960,mlp,42,a,yes,0.626124,0.373876,yes,1
boolq-validation-01960,mlp,42,b,yes,0.557845,0.442155,no,0
boolq-validation-00798,mlp,42,o,yes,0.76908,0.23092,yes,1
boolq-validation-00798,mlp,42,a,yes,0.746139,0.253861,yes,1
boolq-validation-00798,mlp,42,b,no,0.453262,0.546738,no,1
boolq-validation-02393,mlp,42,o,yes,0.538832,0.461168,yes,1
boolq-validation-02393,mlp,42,a,yes,0.775945,0.224055,yes,1
boolq-validation-02393,mlp,42,b,no,0.191933,0.808067,no,1
boolq-validation-01262,mlp,42,o,yes,0.531209,0.468791,yes,1
boolq-validation-01262,mlp,42,a,yes,0.527317,0.472683,yes,1
boolq-validation-01262,mlp,42,b,no,0.324235,0.675765,no,1
boolq-validation-02286,mlp,42,o,yes,0.507812,0.492188,yes,1
boolq-validation-02286,mlp,42,a,yes,0.841826,0.158174,yes,1
boolq-validation-02286,mlp,42,b,no,0.141281,0.858719,no,1
boolq-validation-00469,mlp,42,o,yes,0.842863,0.157137,yes,1
boolq-validation-00469,mlp,42,a,yes,0.768386,0.231614,yes,1
boolq-validation-00469,mlp,42,b,no,0.449876,0.550124,no,1
boolq-validation-02118,mlp,42,o,yes,0.998273,0.001727,yes,1
boolq-validation-02118,mlp,42,a,yes,0.999464,0.000536,yes,1
boolq-validation-02118,mlp,42,b,yes,0.546738,0.453262,no,0
boolq-validation-00134,mlp,42,o,no,0.449393,0.550607,no,1
boolq-validation-00134,mlp,42,a,no,0.350421,0.649579,no,1
boolq-validation-00134,mlp,42,b,no,0.44553,0.55447,yes,0
boolq-validation-02874,mlp,42,o,no,0.439747,0.560253,yes,0
boolq-validation-02874,mlp,42,a,no,0.466846,0.533154,yes,0
boolq-validation-02874,mlp,42,b,no,0.439747,0.560253,no,1
boolq-validation-00364,mlp,42,o,yes,0.991153,0.008847,yes,1
boolq-validation-00364,mlp,42,a,yes,0.995668,0.004332,yes,1
boolq-validation-00364,mlp,42,b,yes,0.562177,0.437823,no,0
boolq-validation-01298,mlp,42,o,yes,0.689306,0.310694,yes,1
boolq-validation-01298,mlp,42,a,yes,0.859664,0.140336,yes,1
boolq-validation-01298,mlp,42,b,no,0.496094,0.503906,no,1
boolq-validation-02643,mlp,42,o,yes,0.577495,0.422505,no,0
boolq-validation-02643,mlp,42,a,no,0.264358,0.735642,no,1
boolq-validation-02643,mlp,42,b,yes,0.640636,0.359364,yes,1
boolq-validation-02003,mlp,42,o,yes,0.999956,4.4e-05,yes,1
boolq-validation-02003,mlp,42,a,yes,0.999997,3e-06,yes,1
boolq-validation-02003,mlp,42,b,no,0.018264,0.981736,no,1
boolq-validation-02344,mlp,42,o,yes,0.928409,0.071591,yes,1
boolq-validation-02344,mlp,42,a,yes,0.96378,0.03622,yes,1
boolq-validation-02344,mlp,42,b,no,0.031144,0.968856,no,1
boolq-validation-02064,mlp,42,o,yes,0.541894,0.458106,yes,1
boolq-validation-02064,mlp,42,a,yes,0.552962,0.447038,yes,1
boolq-validation-02064,mlp,42,b,yes,0.623721,0.376279,no,0
boolq-validation-01425,mlp,42,o,yes,0.892563,0.107437,yes,1
boolq-validation-01425,mlp,42,a,yes,0.944995,0.055005,yes,1
boolq-validation-01425,mlp,42,b,no,0.03622,0.96378,no,1
boolq-validation-03018,mlp,42,o,yes,0.936285,0.063715,yes,1
boolq-validation-03018,mlp,42,a,yes,0.975946,0.024054,yes,1
boolq-validation-03018,mlp,42,b,no,0.000629,0.999371,no,1
boolq-validation-01042,mlp,42,o,yes,0.685949,0.314051,no,0
boolq-validation-01042,mlp,42,a,yes,0.699254,0.300746,no,0
boolq-validation-01042,mlp,42,b,yes,0.699254,0.300746,yes,1
boolq-validation-00318,mlp,42,o,yes,0.675765,0.324235,yes,1
boolq-validation-00318,mlp,42,a,yes,0.760651,0.239349,yes,1
boolq-validation-00318,mlp,42,b,no,0.188922,0.811078,no,1
boolq-validation-01859,mlp,42,o,no,0.47171,0.52829,no,1
boolq-validation-01859,mlp,42,a,no,0.460046,0.539954,no,1
boolq-validation-01859,mlp,42,b,yes,0.542984,0.457016,yes,1
boolq-validation-01251,mlp,42,o,yes,0.944995,0.055005,yes,1
boolq-validation-01251,mlp,42,a,yes,0.966789,0.033211,yes,1
boolq-validation-01251,mlp,42,b,no,0.007233,0.992767,no,1
boolq-validation-00987,mlp,42,o,yes,0.721743,0.278257,yes,1
boolq-validation-00987,mlp,42,a,yes,0.675765,0.324235,yes,1
boolq-validation-00987,mlp,42,b,yes,0.52342,0.47658,no,0
boolq-validation-03157,mlp,42,o,yes,0.659295,0.340705,yes,1
boolq-validation-03157,mlp,42,a,yes,0.659295,0.340705,yes,1
boolq-validation-03157,mlp,42,b,no,0.4436,0.5564,no,1
boolq-validation-00113,mlp,42,o,yes,0.57344,0.42656,yes,1
boolq-validation-00113,mlp,42,a,yes,0.553747,0.446253,yes,1
boolq-validation-00113,mlp,42,b,no,0.306527,0.693473,no,1
boolq-validation-02167,mlp,42,o,no,0.475605,0.524395,no,1
boolq-validation-02167,mlp,42,a,no,0.472683,0.527317,no,1
boolq-validation-02167,mlp,42,b,yes,0.775945,0.224055,yes,1
boolq-validation-00211,mlp,42,o,no,0.482429,0.517571,no,1
boolq-validation-00211,mlp,42,a,no,0.437823,0.562177,no,1
boolq-validation-00211,mlp,42,b,yes,0.795658,0.204342,yes,1
boolq-validation-02429,mlp,42,o,no,0.488283,0.511717,yes,0
boolq-validation-02429,mlp,42,a,yes,0.890294,0.109706,yes,1
boolq-validation-02429,mlp,42,b,no,0.228157,0.771843,no,1
boolq-validation-00680,mlp,42,o,yes,0.503906,0.496094,yes,1
boolq-validation-00680,mlp,42,a,yes,0.504883,0.495117,yes,1
boolq-validation-00680,mlp,42,b,no,0.407333,0.592667,no,1
boolq-validation-00693,mlp,42,o,yes,0.943867,0.056133,yes,1
boolq-validation-00693,mlp,42,a,yes,0.936285,0.063715,yes,1
boolq-validation-00693,mlp,42,b,yes,0.783988,0.216012,no,0
boolq-validation-01455,mlp,42,o,no,0.338077,0.661923,no,1
boolq-validation-01455,mlp,42,a,no,0.009055,0.990945,no,1
boolq-validation-01455,mlp,42,b,yes,0.996205,0.003795,yes,1
boolq-validation-00814,mlp,42,o,yes,0.751283,0.248717,yes,1
boolq-validation-00814,mlp,42,a,yes,0.948155,0.051845,yes,1
boolq-validation-00814,mlp,42,b,no,0.188399,0.811601,no,1
boolq-validation-01206,mlp,42,o,yes,0.988928,0.011072,yes,1
boolq-validation-01206,mlp,42,a,yes,0.991938,0.008062,yes,1
boolq-validation-01206,mlp,42,b,yes,0.651355,0.348645,no,0
boolq-validation-01474,mlp,42,o,yes,0.622459,0.377541,no,0
boolq-validation-01474,mlp,42,a,yes,0.538983,0.461017,no,0
boolq-validation-01474,mlp,42,b,yes,0.72487,0.27513,yes,1
boolq-validation-00252,mlp,42,o,yes,0.531209,0.468791,yes,1
boolq-validation-00252,mlp,42,a,yes,0.661923,0.338077,yes,1
boolq-validation-00252,mlp,42,b,no,0.379378,0.620622,no,1
boolq-validation-01926,mlp,42,o,yes,0.569853,0.430147,yes,1
boolq-validation-01926,mlp,42,a,yes,0.732592,0.267408,yes,1
boolq-validation-01926,mlp,42,b,no,0.035145,0.964855,no,1
boolq-validation-00904,mlp,42,o,yes,0.567937,0.432063,yes,1
boolq-validation-00904,mlp,42,a,yes,0.55254,0.44746,yes,1
boolq-validation-00904,mlp,42,b,no,0.490236,0.509764,no,1
boolq-validation-01987,mlp,42,o,yes,0.623835,0.376165,yes,1
boolq-validation-01987,mlp,42,a,yes,0.872347,0.127653,yes,1
boolq-validation-01987,mlp,42,b,no,0.22919,0.77081,no,1
boolq-validation-00940,mlp,42,o,yes,0.571767,0.428233,yes,1
boolq-validation-00940,mlp,42,a,yes,0.581303,0.418697,yes,1
boolq-validation-00940,mlp,42,b,no,0.438425,0.561575,no,1
boolq-validation-00337,mlp,42,o,yes,0.746139,0.253861,yes,1
boolq-validation-00337,mlp,42,a,yes,0.808067,0.191933,yes,1
boolq-validation-00337,mlp,42,b,no,0.034036,0.965964,no,1
boolq-validation-01664,mlp,42,o,yes,0.651355,0.348645,yes,1
boolq-validation-01664,mlp,42,a,yes,0.63341,0.36659,yes,1
boolq-validation-01664,mlp,42,b,no,0.348645,0.651355,no,1
boolq-validation-02266,mlp,42,o,yes,0.588889,0.411111,yes,1
boolq-validation-02266,mlp,42,a,yes,0.531209,0.468791,yes,1
boolq-validation-02266,mlp,42,b,yes,0.521471,0.478529,no,0
boolq-validation-00193,mlp,42,o,yes,0.511717,0.488283,yes,1
boolq-validation-00193,mlp,42,a,yes,0.622459,0.377541,yes,1
boolq-validation-00193,mlp,42,b,no,0.199308,0.800692,no,1
boolq-validation-00617,mlp,42,o,yes,0.629775,0.370225,yes,1
boolq-validation-00617,mlp,42,a,yes,0.727975,0.272025,yes,1
boolq-validation-00617,mlp,42,b,no,0.341582,0.658418,no,1
boolq-validation-00164,mlp,42,o,no,0.372049,0.627951,no,1
boolq-validation-00164,mlp,42,a,no,0.210604,0.789396,no,1
boolq-validation-00164,mlp,42,b,no,0.414899,0.585101,yes,0
boolq-validation-02954,mlp,42,o,yes,0.569374,0.430626,yes,1
boolq-validation-02954,mlp,42,a,yes,0.595963,0.404037,yes,1
boolq-validation-02954,mlp,42,b,yes,0.511229,0.488771,no,0
boolq-validation-03136,mlp,42,o,yes,0.999762,0.000238,yes,1
boolq-validation-03136,mlp,42,a,yes,0.999654,0.000346,yes,1
boolq-validation-03136,mlp,42,b,no,0.002252,0.997748,no,1
boolq-validation-02053,mlp,42,o,yes,0.609524,0.390476,yes,1
boolq-validation-02053,mlp,42,a,yes,0.906653,0.093347,yes,1
boolq-validation-02053,mlp,42,b,no,0.187133,0.812867,no,1
boolq-validation-02428,mlp,42,o,yes,0.665411,0.334589,yes,1
boolq-validation-02428,mlp,42,a,yes,0.647798,0.352202,yes,1
boolq-validation-02428,mlp,42,b,no,0.437823,0.562177,no,1
boolq-validation-02294,mlp,71,o,no,0.31785,0.68215,yes,0
boolq-validation-02294,mlp,71,a,yes,0.761361,0.238639,yes,1
boolq-validation-02294,mlp,71,b,no,0.252016,0.747984,no,1
boolq-validation-01329,mlp,71,o,yes,0.521471,0.478529,yes,1
boolq-validation-01329,mlp,71,a,yes,0.611382,0.388618,yes,1
boolq-validation-01329,mlp,71,b,no,0.307358,0.692642,no,1
boolq-validation-01998,mlp,71,o,yes,0.61555,0.38445,yes,1
boolq-validation-01998,mlp,71,a,yes,0.61555,0.38445,yes,1
boolq-validation-01998,mlp,71,b,no,0.262842,0.737158,no,1
boolq-validation-00214,mlp,71,o,no,0.112795,0.887205,no,1
boolq-validation-00214,mlp,71,a,no,0.08819,0.91181,no,1
boolq-validation-00214,mlp,71,b,no,0.168857,0.831143,yes,0
boolq-validation-00659,mlp,71,o,yes,0.989098,0.010902,yes,1
boolq-validation-00659,mlp,71,a,yes,0.875787,0.124213,yes,1
boolq-validation-00659,mlp,71,b,no,0.066569,0.933431,no,1
boolq-validation-02316,mlp,71,o,no,0.034881,0.965119,no,1
boolq-validation-02316,mlp,71,a,no,0.010288,0.989712,no,1
boolq-validation-02316,mlp,71,b,yes,0.887205,0.112795,yes,1
boolq-validation-01286,mlp,71,o,yes,0.588889,0.411111,yes,1
boolq-validation-01286,mlp,71,a,no,0.492188,0.507812,yes,0
boolq-validation-01286,mlp,71,b,no,0.281406,0.718594,no,1
boolq-validation-01800,mlp,71,o,yes,0.957358,0.042642,yes,1
boolq-validation-01800,mlp,71,a,yes,0.909265,0.090735,yes,1
boolq-validation-01800,mlp,71,b,yes,0.707203,0.292797,no,0
boolq-validation-02605,mlp,71,o,no,0.475605,0.524395,yes,0
boolq-validation-02605,mlp,71,a,yes,0.894789,0.105211,yes,1
boolq-validation-02605,mlp,71,b,no,0.102305,0.897695,no,1
boolq-validation-01626,mlp,71,o,no,0.434941,0.565059,no,1
boolq-validation-01626,mlp,71,a,no,0.361165,0.638835,no,1
boolq-validation-01626,mlp,71,b,no,0.488161,0.511839,yes,0
boolq-validation-03116,mlp,71,o,yes,0.61878,0.38122,yes,1
boolq-validation-03116,mlp,71,a,yes,0.562177,0.437823,yes,1
boolq-validation-03116,mlp,71,b,no,0.217338,0.782662,no,1
boolq-validation-01925,mlp,71,o,no,0.48438,0.51562,no,1
boolq-validation-01925,mlp,71,a,no,0.449393,0.550607,no,1
boolq-validation-01925,mlp,71,b,yes,0.52342,0.47658,yes,1
boolq-validation-02300,mlp,71,o,yes,0.562177,0.437823,no,0
boolq-validation-02300,mlp,71,a,no,0.496094,0.503906,no,1
boolq-validation-02300,mlp,71,b,yes,0.527317,0.472683,yes,1
boolq-validation-00885,mlp,71,o,no,0.418697,0.581303,no,1
boolq-validation-00885,mlp,71,a,no,0.457137,0.542863,no,1
boolq-validation-00885,mlp,71,b,yes,0.538983,0.461017,yes,1
boolq-validation-02234,mlp,71,o,yes,0.904651,0.095349,yes,1
boolq-validation-02234,mlp,71,a,yes,0.766643,0.233357,yes,1
boolq-validation-02234,mlp,71,b,no,0.185947,0.814053,no,1
boolq-validation-00547,mlp,71,o,yes,0.602062,0.397938,yes,1
boolq-validation-00547,mlp,71,a,yes,0.594551,0.405449,yes,1
boolq-validation-00547,mlp,71,b,no,0.488283,0.511717,no,1
boolq-validation-02292,mlp,71,o,yes,0.844922,0.155078,yes,1
boolq-validation-02292,mlp,71,a,yes,0.860428,0.139572,yes,1
boolq-validation-02292,mlp,71,b,no,0.260201,0.739799,no,1
boolq-validation-02594,mlp,71,o,no,0.182426,0.817574,no,1
boolq-validation-02594,mlp,71,a,no,0.035679,0.964321,no,1
boolq-validation-02594,mlp,71,b,no,0.142232,0.857768,yes,0
boolq-validation-01673,mlp,71,o,no,0.418697,0.581303,no,1
boolq-validation-01673,mlp,71,a,no,0.26971,0.73029,no,1
boolq-validation-01673,mlp,71,b,yes,0.646014,0.353986,yes,1
boolq-validation-02632,mlp,71,o,yes,0.801936,0.198064,yes,1
boolq-validation-02632,mlp,71,a,yes,0.846451,0.153549,yes,1
boolq-validation-02632,mlp,71,b,no,0.377541,0.622459,no,1
boolq-validation-02639,mlp,71,o,no,0.314051,0.685949,yes,0
boolq-validation-02639,mlp,71,a,no,0.307358,0.692642,yes,0
boolq-validation-02639,mlp,71,b,no,0.100879,0.899121,no,1
boolq-validation-01964,mlp,71,o,no,0.452294,0.547706,yes,0
boolq-validation-01964,mlp,71,a,yes,0.532668,0.467332,yes,1
boolq-validation-01964,mlp,71,b,no,0.372733,0.627267,no,1
boolq-validation-03036,mlp,71,o,no,0.393269,0.606731,no,1
boolq-validation-03036,mlp,71,a,no,0.424315,0.575685,no,1
boolq-validation-03036,mlp,71,b,yes,0.622172,0.377828,yes,1
boolq-validation-03092,mlp,71,o,yes,0.692642,0.307358,yes,1
boolq-validation-03092,mlp,71,a,yes,0.968201,0.031799,yes,1
boolq-validation-03092,mlp,71,b,yes,0.644225,0.355775,no,0
boolq-validation-00600,mlp,71,o,yes,0.581303,0.418697,yes,1
boolq-validation-00600,mlp,71,a,yes,0.647798,0.352202,yes,1
boolq-validation-00600,mlp,71,b,yes,0.531209,0.468791,no,0
boolq-validation-01497,mlp,71,o,yes,0.660172,0.339828,yes,1
boolq-validation-01497,mlp,71,a,yes,0.68763,0.31237,yes,1
boolq-validation-01497,mlp,71,b,yes,0.521471,0.478529,no,0
boolq-validation-00044,mlp,71,o,yes,0.813461,0.186539,yes,1
boolq-validation-00044,mlp,71,a,yes,0.849971,0.150029,yes,1
boolq-validation-00044,mlp,71,b,no,0.057071,0.942929,no,1
boolq-validation-01988,mlp,71,o,no,0.300746,0.699254,yes,0
boolq-validation-01988,mlp,71,a,yes,0.637031,0.362969,yes,1
boolq-validation-01988,mlp,71,b,no,0.021615,0.978385,no,1
boolq-validation-00332,mlp,71,o,no,0.47658,0.52342,yes,0
boolq-validation-00332,mlp,71,a,no,0.488283,0.511717,yes,0
boolq-validation-00332,mlp,71,b,no,0.44553,0.55447,no,1
boolq-validation-01860,mlp,71,o,yes,0.705785,0.294215,yes,1
boolq-validation-01860,mlp,71,a,yes,0.949428,0.050572,yes,1
boolq-validation-01860,mlp,71,b,yes,0.839734,0.160266,no,0
boolq-validation-02881,mlp,71,o,yes,0.629091,0.370909,yes,1
boolq-validation-02881,mlp,71,a,yes,0.769427,0.230573,yes,1
boolq-validation-02881,mlp,71,b,no,0.267169,0.732831,no,1
boolq-validation-01300,mlp,71,o,yes,0.531209,0.468791,yes,1
boolq-validation-01300,mlp,71,a,yes,0.930458,0.069542,yes,1
boolq-validation-01300,mlp,71,b,no,0.050331,0.949669,no,1
boolq-validation-00925,mlp,71,o,no,0.290981,0.709019,no,1
boolq-validation-00925,mlp,71,a,no,0.300746,0.699254,no,1
boolq-validation-00925,mlp,71,b,yes,0.629775,0.370225,yes,1
boolq-validation-01960,mlp,71,o,yes,0.632503,0.367497,yes,1
boolq-validation-01960,mlp,71,a,yes,0.632503,0.367497,yes,1
boolq-validation-01960,mlp,71,b,yes,0.567697,0.432303,no,0
boolq-validation-00798,mlp,71,o,yes,0.779993,0.220007,yes,1
boolq-validation-00798,mlp,71,a,yes,0.754915,0.245085,yes,1
boolq-validation-00798,mlp,71,b,no,0.472683,0.527317,no,1
boolq-validation-02393,mlp,71,o,yes,0.543833,0.456167,yes,1
boolq-validation-02393,mlp,71,a,yes,0.777975,0.222025,yes,1
boolq-validation-02393,mlp,71,b,no,0.196826,0.803174,no,1
boolq-validation-01262,mlp,71,o,yes,0.538983,0.461017,yes,1
boolq-validation-01262,mlp,71,a,yes,0.531209,0.468791,yes,1
boolq-validation-01262,mlp,71,b,no,0.317426,0.682574,no,1
boolq-validation-02286,mlp,71,o,yes,0.507812,0.492188,yes,1
boolq-validation-02286,mlp,71,a,yes,0.849971,0.150029,yes,1
boolq-validation-02286,mlp,71,b,no,0.13569,0.86431,no,1
boolq-validation-00469,mlp,71,o,yes,0.844922,0.155078,yes,1
boolq-validation-00469,mlp,71,a,yes,0.771542,0.228458,yes,1
boolq-validation-00469,mlp,71,b,no,0.447943,0.552057,no,1
boolq-validation-02118,mlp,71,o,yes,0.99839,0.00161,yes,1
boolq-validation-02118,mlp,71,a,yes,0.999497,0.000503,yes,1
boolq-validation-02118,mlp,71,b,yes,0.55447,0.44553,no,0
boolq-validation-00134,mlp,71,o,no,0.44553,0.55447,no,1
boolq-validation-00134,mlp,71,a,no,0.348645,0.651355,no,1
boolq-validation-00134,mlp,71,b,no,0.449393,0.550607,yes,0
boolq-validation-02874,mlp,71,o,no,0.441673,0.558327,yes,0
boolq-validation-02874,mlp,71,a,no,0.470737,0.529263,yes,0
boolq-validation-02874,mlp,71,b,no,0.437823,0.562177,no,1
boolq-validation-00364,mlp,71,o,yes,0.993096,0.006904,yes,1
boolq-validation-00364,mlp,71,a,yes,0.99657,0.00343,yes,1
boolq-validation-00364,mlp,71,b,yes,0.577495,0.422505,no,0
boolq-validation-01298,mlp,71,o,yes,0.682574,0.317426,yes,1
boolq-validation-01298,mlp,71,a,yes,0.867485,0.132515,yes,1
boolq-validation-01298,mlp,71,b,no,0.496094,0.503906,no,1
boolq-validation-02643,mlp,71,o,yes,0.585101,0.414899,no,0
boolq-validation-02643,mlp,71,a,no,0.268941,0.731059,no,1
boolq-validation-02643,mlp,71,b,yes,0.644225,0.355775,yes,1
boolq-validation-02003,mlp,71,o,yes,0.999964,3.6e-05,yes,1
boolq-validation-02003,mlp,71,a,yes,0.999998,2e-06,yes,1
boolq-validation-02003,mlp,71,b,no,0.016153,0.983847,no,1
boolq-validation-02344,mlp,71,o,yes,0.936285,0.063715,yes,1
boolq-validation-02344,mlp,71,a,yes,0.969785,0.030215,yes,1
boolq-validation-02344,mlp,71,b,no,0.031144,0.968856,no,1
boolq-validation-02064,mlp,71,o,yes,0.546738,0.453262,yes,1
boolq-validation-02064,mlp,71,a,yes,0.560253,0.439747,yes,1
boolq-validation-02064,mlp,71,b,yes,0.633183,0.366817,no,0
boolq-validation-01425,mlp,71,o,yes,0.892187,0.107813,yes,1
boolq-validation-01425,mlp,71,a,yes,0.944995,0.055005,yes,1
boolq-validation-01425,mlp,71,b,no,0.034881,0.965119,no,1
boolq-validation-03018,mlp,71,o,yes,0.942082,0.057918,yes,1
boolq-validation-03018,mlp,71,a,yes,0.978385,0.021615,yes,1
boolq-validation-03018,mlp,71,b,no,0.000536,0.999464,no,1
boolq-validation-01042,mlp,71,o,yes,0.695958,0.304042,no,0
boolq-validation-01042,mlp,71,a,yes,0.718594,0.281406,no,0
boolq-validation-01042,mlp,71,b,yes,0.715424,0.284576,yes,1
boolq-validation-00318,mlp,71,o,yes,0.679179,0.320821,yes,1
boolq-validation-00318,mlp,71,a,yes,0.759225,0.240775,yes,1
boolq-validation-00318,mlp,71,b,no,0.185947,0.814053,no,1
boolq-validation-01859,mlp,71,o,no,0.474144,0.525856,no,1
boolq-validation-01859,mlp,71,a,no,0.462959,0.537041,no,1
boolq-validation-01859,mlp,71,b,yes,0.54577,0.45423,yes,1
boolq-validation-01251,mlp,71,o,yes,0.946597,0.053403,yes,1
boolq-validation-01251,mlp,71,a,yes,0.967287,0.032713,yes,1
boolq-validation-01251,mlp,71,b,no,0.006339,0.993661,no,1
boolq-validation-00987,mlp,71,o,yes,0.73412,0.26588,yes,1
boolq-validation-00987,mlp,71,a,yes,0.692642,0.307358,yes,1
boolq-validation-00987,mlp,71,b,yes,0.531209,0.468791,no,0
boolq-validation-03157,mlp,71,o,yes,0.673836,0.326164,yes,1
boolq-validation-03157,mlp,71,a,yes,0.671578,0.328422,yes,1
boolq-validation-03157,mlp,71,b,no,0.458106,0.541894,no,1
boolq-validation-00113,mlp,71,o,yes,0.57081,0.42919,yes,1
boolq-validation-00113,mlp,71,a,yes,0.555435,0.444565,yes,1
boolq-validation-00113,mlp,71,b,no,0.307358,0.692642,no,1
boolq-validation-02167,mlp,71,o,no,0.47658,0.52342,no,1
boolq-validation-02167,mlp,71,a,no,0.474631,0.525369,no,1
boolq-validation-02167,mlp,71,b,yes,0.782662,0.217338,yes,1
boolq-validation-00211,mlp,71,o,no,0.484868,0.515132,no,1
boolq-validation-00211,mlp,71,a,no,0.439747,0.560253,no,1
boolq-validation-00211,mlp,71,b,yes,0.796925,0.203075,yes,1
boolq-validation-02429,mlp,71,o,no,0.486332,0.513668,yes,0
boolq-validation-02429,mlp,71,a,yes,0.890294,0.109706,yes,1
boolq-validation-02429,mlp,71,b,no,0.228157,0.771843,no,1
boolq-validation-00680,mlp,71,o,yes,0.506836,0.493164,yes,1
boolq-validation-00680,mlp,71,a,yes,0.505371,0.494629,yes,1
boolq-validation-00680,mlp,71,b,no,0.407333,0.592667,no,1
boolq-validation-00693,mlp,71,o,yes,0.9462,0.0538,yes,1
boolq-validation-00693,mlp,71,a,yes,0.936285,0.063715,yes,1
boolq-validation-00693,mlp,71,b,yes,0.787931,0.212069,no,0
boolq-validation-01455,mlp,71,o,no,0.341582,0.658418,no,1
boolq-validation-01455,mlp,71,a,no,0.008644,0.991356,no,1
boolq-validation-01455,mlp,71,b,yes,0.996406,0.003594,yes,1
boolq-validation-00814,mlp,71,o,yes,0.754553,0.245447,yes,1
boolq-validation-00814,mlp,71,a,yes,0.948917,0.051083,yes,1
boolq-validation-00814,mlp,71,b,no,0.192236,0.807764,no,1
boolq-validation-01206,mlp,71,o,yes,0.989013,0.010987,yes,1
boolq-validation-01206,mlp,71,a,yes,0.992184,0.007816,yes,1
boolq-validation-01206,mlp,71,b,yes,0.651355,0.348645,no,0
boolq-validation-01474,mlp,71,o,yes,0.622459,0.377541,no,0
boolq-validation-01474,mlp,71,a,yes,0.546738,0.453262,no,0
boolq-validation-01474,mlp,71,b,yes,0.72487,0.27513,yes,1
boolq-validation-00252,mlp,71,o,yes,0.542863,0.457137,yes,1
boolq-validation-00252,mlp,71,a,yes,0.667148,0.332852,yes,1
boolq-validation-00252,mlp,71,b,no,0.379378,0.620622,no,1
boolq-validation-01926,mlp,71,o,yes,0.569853,0.430147,yes,1
boolq-validation-01926,mlp,71,a,yes,0.735642,0.264358,yes,1
boolq-validation-01926,mlp,71,b,no,0.033086,0.966914,no,1
boolq-validation-00904,mlp,71,o,yes,0.575588,0.424412,yes,1
boolq-validation-00904,mlp,71,a,yes,0.558327,0.441673,yes,1
boolq-validation-00904,mlp,71,b,no,0.488283,0.511717,no,1
boolq-validation-01987,mlp,71,o,yes,0.637482,0.362518,yes,1
boolq-validation-01987,mlp,71,a,yes,0.8809,0.1191,yes,1
boolq-validation-01987,mlp,71,b,no,0.229708,0.770292,no,1
boolq-validation-00940,mlp,71,o,yes,0.583203,0.416797,yes,1
boolq-validation-00940,mlp,71,a,yes,0.590779,0.409221,yes,1
boolq-validation-00940,mlp,71,b,no,0.44071,0.55929,no,1
boolq-validation-00337,mlp,71,o,yes,0.749087,0.250913,yes,1
boolq-validation-00337,mlp,71,a,yes,0.810479,0.189521,yes,1
boolq-validation-00337,mlp,71,b,no,0.032101,0.967899,no,1
boolq-validation-01664,mlp,71,o,yes,0.653127,0.346873,yes,1
boolq-validation-01664,mlp,71,a,yes,0.635222,0.364778,yes,1
boolq-validation-01664,mlp,71,b,no,0.348645,0.651355,no,1
boolq-validation-02266,mlp,71,o,yes,0.603932,0.396068,yes,1
boolq-validation-02266,mlp,71,a,yes,0.538983,0.461017,yes,1
boolq-validation-02266,mlp,71,b,yes,0.531209,0.468791,no,0
boolq-validation-00193,mlp,71,o,yes,0.51562,0.48438,yes,1
boolq-validation-00193,mlp,71,a,yes,0.637031,0.362969,yes,1
boolq-validation-00193,mlp,71,b,no,0.201813,0.798187,no,1
boolq-validation-00617,mlp,71,o,yes,0.644225,0.355775,yes,1
boolq-validation-00617,mlp,71,a,yes,0.731059,0.268941,yes,1
boolq-validation-00617,mlp,71,b,no,0.345105,0.654895,no,1
boolq-validation-00164,mlp,71,o,no,0.377541,0.622459,no,1
boolq-validation-00164,mlp,71,a,no,0.210766,0.789234,no,1
boolq-validation-00164,mlp,71,b,no,0.418697,0.581303,yes,0
boolq-validation-02954,mlp,71,o,yes,0.574633,0.425367,yes,1
boolq-validation-02954,mlp,71,a,yes,0.597373,0.402627,yes,1
boolq-validation-02954,mlp,71,b,yes,0.518059,0.481941,no,0
boolq-validation-03136,mlp,71,o,yes,0.9998,0.0002,yes,1
boolq-validation-03136,mlp,71,a,yes,0.999713,0.000287,yes,1
boolq-validation-03136,mlp,71,b,no,0.001988,0.998012,no,1
boolq-validation-02053,mlp,71,o,yes,0.615088,0.384912,yes,1
boolq-validation-02053,mlp,71,a,yes,0.910545,0.089455,yes,1
boolq-validation-02053,mlp,71,b,no,0.182426,0.817574,no,1
boolq-validation-02428,mlp,71,o,yes,0.673192,0.326808,yes,1
boolq-validation-02428,mlp,71,a,yes,0.656658,0.343342,yes,1
boolq-validation-02428,mlp,71,b,no,0.447943,0.552057,no,1
